file_name,source_path,athlete_id,technique,condition,trial,sampling_rate_hz,units_position,units_angle,units_force,units_moment,units_power,number_of_points,number_of_frames,duration_s,number_of_derived_variables,subject_ids,subject_prefixes,tarcza_marker_count,analog_used,signal_avail_RFIN,signal_avail_RTOE,signal_avail_LTOE,signal_avail_RANK,signal_avail_LANK,signal_avail_RHEE,signal_avail_LHEE
2017-01-31-B0367-S01-E01-T01.c3d,atletas\B0367\2017-01-31-B0367-S01\2017-01-31-B0367-S01-E01-T01.c3d,B0367,S01,E01,T01,200.0,mm,deg,N,Nmm,W,218,1815,9.075,101,B0367,B0367,0,0,True,True,True,True,True,True,True
2017-01-31-B0367-S01-E02-T01.c3d,atletas\B0367\2017-01-31-B0367-S01\2017-01-31-B0367-S01-E02-T01.c3d,B0367,S01,E02,T01,200.0,mm,deg,N,Nmm,W,224,1821,9.105,101,Tarcza|B0367,Tarcza|B0367,6,0,True,True,True,True,True,True,True
2017-01-31-B0367-S01-E02-T02.c3d,atletas\B0367\2017-01-31-B0367-S01\2017-01-31-B0367-S01-E02-T02.c3d,B0367,S01,E02,T02,200.0,mm,deg,N,Nmm,W,224,1629,8.145,101,Tarcza|B0367,Tarcza|B0367,6,0,True,True,True,True,True,True,True
2017-01-31-B0367-S01-E04-T01.c3d,atletas\B0367\2017-01-31-B0367-S01\2017-01-31-B0367-S01-E04-T01.c3d,B0367,S01,E04,T01,200.0,mm,deg,N,Nmm,W,409,2464,12.32,25,B0368|B0367,B0368|B0367,0,0,True,True,True,True,True,True,True
2017-01-31-B0367-S01-E04-T02.c3d,atletas\B0367\2017-01-31-B0367-S01\2017-01-31-B0367-S01-E04-T02.c3d,B0367,S01,E04,T02,200.0,mm,deg,N,Nmm,W,409,1850,9.25,25,B0368|B0367,B0368|B0367,0,0,True,True,True,True,True,True,True
2017-01-31-B0367-S02-E01-T01.c3d,atletas\B0367\2017-01-31-B0367-S02\2017-01-31-B0367-S02-E01-T01.c3d,B0367,S02,E01,T01,200.0,mm,deg,N,Nmm,W,218,1751,8.755,101,B0367,B0367,0,0,True,True,True,True,True,True,True
2017-01-31-B0367-S02-E01-T02.c3d,atletas\B0367\2017-01-31-B0367-S02\2017-01-31-B0367-S02-E01-T02.c3d,B0367,S02,E01,T02,200.0,mm,deg,N,Nmm,W,218,1918,9.59,101,B0367,B0367,0,0,True,True,True,True,True,True,True
2017-01-31-B0367-S02-E02-T01.c3d,atletas\B0367\2017-01-31-B0367-S02\2017-01-31-B0367-S02-E02-T01.c3d,B0367,S02,E02,T01,200.0,mm,deg,N,Nmm,W,224,1597,7.985,101,Tarcza|B0367,Tarcza|B0367,6,0,True,True,True,True,True,True,True
2017-01-31-B0367-S02-E02-T02.c3d,atletas\B0367\2017-01-31-B0367-S02\2017-01-31-B0367-S02-E02-T02.c3d,B0367,S02,E02,T02,200.0,mm,deg,N,Nmm,W,224,1751,8.755,101,Tarcza|B0367,Tarcza|B0367,6,0,True,True,True,True,True,True,True
2017-01-31-B0367-S02-E04-T01.c3d,atletas\B0367\2017-01-31-B0367-S02\2017-01-31-B0367-S02-E04-T01.c3d,B0367,S02,E04,T01,200.0,mm,deg,N,Nmm,W,409,1639,8.195,25,B0368|B0367,B0368|B0367,0,0,True,True,True,True,True,True,True
2017-01-31-B0367-S02-E04-T02.c3d,atletas\B0367\2017-01-31-B0367-S02\2017-01-31-B0367-S02-E04-T02.c3d,B0367,S02,E04,T02,200.0,mm,deg,N,Nmm,W,409,1560,7.8,25,B0368|B0367,B0368|B0367,0,0,True,True,True,True,True,True,True
2017-01-31-B0367-S03-E01-T01.c3d,atletas\B0367\2017-01-31-B0367-S03\2017-01-31-B0367-S03-E01-T01.c3d,B0367,S03,E01,T01,200.0,mm,deg,N,Nmm,W,218,1875,9.375,101,B0367,B0367,0,0,True,True,True,True,True,True,True
2017-01-31-B0367-S03-E01-T02.c3d,atletas\B0367\2017-01-31-B0367-S03\2017-01-31-B0367-S03-E01-T02.c3d,B0367,S03,E01,T02,200.0,mm,deg,N,Nmm,W,218,1775,8.875,101,B0367,B0367,0,0,True,True,True,True,True,True,True
2017-01-31-B0367-S03-E02-T01.c3d,atletas\B0367\2017-01-31-B0367-S03\2017-01-31-B0367-S03-E02-T01.c3d,B0367,S03,E02,T01,200.0,mm,deg,N,Nmm,W,224,1768,8.84,101,Tarcza|B0367,Tarcza|B0367,6,0,True,True,True,True,True,True,True
2017-01-31-B0367-S03-E02-T02.c3d,atletas\B0367\2017-01-31-B0367-S03\2017-01-31-B0367-S03-E02-T02.c3d,B0367,S03,E02,T02,200.0,mm,deg,N,Nmm,W,224,1883,9.415,101,Tarcza|B0367,Tarcza|B0367,6,0,True,True,True,True,True,True,True
2017-01-31-B0367-S03-E04-T01.c3d,atletas\B0367\2017-01-31-B0367-S03\2017-01-31-B0367-S03-E04-T01.c3d,B0367,S03,E04,T01,200.0,mm,deg,N,Nmm,W,397,1564,7.82,25,B0367|B0368,B0367|B0368,0,0,True,True,True,True,True,True,True
2017-01-31-B0367-S03-E04-T02.c3d,atletas\B0367\2017-01-31-B0367-S03\2017-01-31-B0367-S03-E04-T02.c3d,B0367,S03,E04,T02,200.0,mm,deg,N,Nmm,W,397,1549,7.745,25,B0367|B0368,B0367|B0368,0,0,True,True,True,True,True,True,True
2017-01-31-B0367-S04-E01-T01.c3d,atletas\B0367\2017-01-31-B0367-S04\2017-01-31-B0367-S04-E01-T01.c3d,B0367,S04,E01,T01,200.0,mm,deg,N,Nmm,W,218,1781,8.905,101,B0367,B0367,0,0,True,True,True,True,True,True,True
2017-01-31-B0367-S04-E01-T02.c3d,atletas\B0367\2017-01-31-B0367-S04\2017-01-31-B0367-S04-E01-T02.c3d,B0367,S04,E01,T02,200.0,mm,deg,N,Nmm,W,218,1669,8.345,101,B0367,B0367,0,0,True,True,True,True,True,True,True
2017-01-31-B0367-S04-E02-T01.c3d,atletas\B0367\2017-01-31-B0367-S04\2017-01-31-B0367-S04-E02-T01.c3d,B0367,S04,E02,T01,200.0,mm,deg,N,Nmm,W,224,1891,9.455,101,Tarcza|B0367,Tarcza|B0367,6,0,True,True,True,True,True,True,True
2017-01-31-B0367-S04-E02-T02.c3d,atletas\B0367\2017-01-31-B0367-S04\2017-01-31-B0367-S04-E02-T02.c3d,B0367,S04,E02,T02,200.0,mm,deg,N,Nmm,W,224,1761,8.805,101,Tarcza|B0367,Tarcza|B0367,6,0,True,True,True,True,True,True,True
2017-01-31-B0367-S04-E04-T01.c3d,atletas\B0367\2017-01-31-B0367-S04\2017-01-31-B0367-S04-E04-T01.c3d,B0367,S04,E04,T01,200.0,mm,deg,N,Nmm,W,397,2135,10.675,25,B0367|B0368,B0367|B0368,0,0,True,True,True,True,True,True,True
2017-01-31-B0367-S04-E04-T02.c3d,atletas\B0367\2017-01-31-B0367-S04\2017-01-31-B0367-S04-E04-T02.c3d,B0367,S04,E04,T02,200.0,mm,deg,N,Nmm,W,397,1710,8.55,25,B0367|B0368,B0367|B0368,0,0,True,True,True,True,True,True,True
2017-01-31-B0367-S05-E01-T01.c3d,atletas\B0367\2017-01-31-B0367-S05\2017-01-31-B0367-S05-E01-T01.c3d,B0367,S05,E01,T01,200.0,mm,deg,N,Nmm,W,218,2334,11.67,101,B0367,B0367,0,0,True,True,True,True,True,True,True
2017-01-31-B0367-S05-E01-T02.c3d,atletas\B0367\2017-01-31-B0367-S05\2017-01-31-B0367-S05-E01-T02.c3d,B0367,S05,E01,T02,200.0,mm,deg,N,Nmm,W,218,1912,9.56,101,B0367,B0367,0,0,True,True,True,True,True,True,True
2017-01-31-B0367-S05-E02-T01.c3d,atletas\B0367\2017-01-31-B0367-S05\2017-01-31-B0367-S05-E02-T01.c3d,B0367,S05,E02,T01,200.0,mm,deg,N,Nmm,W,224,2370,11.85,101,Tarcza|B0367,Tarcza|B0367,6,0,True,True,True,True,True,True,True
2017-01-31-B0368-S01-E01-T01.c3d,atletas\B0368\2017-01-31-B0368-S01\2017-01-31-B0368-S01-E01-T01.c3d,B0368,S01,E01,T01,200.0,mm,deg,N,Nmm,W,218,1604,8.02,101,B0368,B0368,0,0,True,True,True,True,True,True,True
2017-01-31-B0368-S01-E01-T02.c3d,atletas\B0368\2017-01-31-B0368-S01\2017-01-31-B0368-S01-E01-T02.c3d,B0368,S01,E01,T02,200.0,mm,deg,N,Nmm,W,218,1538,7.69,101,B0368,B0368,0,0,True,True,True,True,True,True,True
2017-01-31-B0368-S01-E01-T03.c3d,atletas\B0368\2017-01-31-B0368-S01\2017-01-31-B0368-S01-E01-T03.c3d,B0368,S01,E01,T03,200.0,mm,deg,N,Nmm,W,218,1357,6.785,101,B0368,B0368,0,0,True,True,True,True,True,True,True
2017-01-31-B0368-S01-E02-T01.c3d,atletas\B0368\2017-01-31-B0368-S01\2017-01-31-B0368-S01-E02-T01.c3d,B0368,S01,E02,T01,200.0,mm,deg,N,Nmm,W,224,1550,7.75,101,Tarcza|B0368,Tarcza|B0368,6,0,True,True,True,True,True,True,True
2017-01-31-B0368-S01-E02-T02.c3d,atletas\B0368\2017-01-31-B0368-S01\2017-01-31-B0368-S01-E02-T02.c3d,B0368,S01,E02,T02,200.0,mm,deg,N,Nmm,W,224,1466,7.33,101,Tarcza|B0368,Tarcza|B0368,6,0,True,True,True,True,True,True,True
2017-01-31-B0368-S02-E01-T01.c3d,atletas\B0368\2017-01-31-B0368-S02\2017-01-31-B0368-S02-E01-T01.c3d,B0368,S02,E01,T01,200.0,mm,deg,N,Nmm,W,218,1527,7.635,101,B0368,B0368,0,0,True,True,True,True,True,True,True
2017-01-31-B0368-S02-E01-T02.c3d,atletas\B0368\2017-01-31-B0368-S02\2017-01-31-B0368-S02-E01-T02.c3d,B0368,S02,E01,T02,200.0,mm,deg,N,Nmm,W,218,1508,7.54,101,B0368,B0368,0,0,True,True,True,True,True,True,True
2017-01-31-B0368-S02-E02-T01.c3d,atletas\B0368\2017-01-31-B0368-S02\2017-01-31-B0368-S02-E02-T01.c3d,B0368,S02,E02,T01,200.0,mm,deg,N,Nmm,W,224,1621,8.105,101,Tarcza|B0368,Tarcza|B0368,6,0,True,True,True,True,True,True,True
2017-01-31-B0368-S02-E02-T02.c3d,atletas\B0368\2017-01-31-B0368-S02\2017-01-31-B0368-S02-E02-T02.c3d,B0368,S02,E02,T02,200.0,mm,deg,N,Nmm,W,197,1590,7.95,74,Tarcza|B0368,Tarcza|B0368,6,0,True,True,True,True,True,True,True
2017-01-31-B0368-S03-E01-T01.c3d,atletas\B0368\2017-01-31-B0368-S03\2017-01-31-B0368-S03-E01-T01.c3d,B0368,S03,E01,T01,200.0,mm,deg,N,Nmm,W,218,1728,8.64,101,B0368,B0368,0,0,True,True,True,True,True,True,True
2017-01-31-B0368-S03-E01-T02.c3d,atletas\B0368\2017-01-31-B0368-S03\2017-01-31-B0368-S03-E01-T02.c3d,B0368,S03,E01,T02,200.0,mm,deg,N,Nmm,W,218,1705,8.525,101,B0368,B0368,0,0,True,True,True,True,True,True,True
2017-01-31-B0368-S03-E02-T01.c3d,atletas\B0368\2017-01-31-B0368-S03\2017-01-31-B0368-S03-E02-T01.c3d,B0368,S03,E02,T01,200.0,mm,deg,N,Nmm,W,197,2289,11.445,74,Tarcza|B0368,Tarcza|B0368,6,0,True,True,True,True,True,True,True
2017-01-31-B0368-S03-E02-T02.c3d,atletas\B0368\2017-01-31-B0368-S03\2017-01-31-B0368-S03-E02-T02.c3d,B0368,S03,E02,T02,200.0,mm,deg,N,Nmm,W,197,1552,7.76,74,Tarcza|B0368,Tarcza|B0368,6,0,True,True,True,True,True,True,True
2017-01-31-B0368-S04-E01-T01.c3d,atletas\B0368\2017-01-31-B0368-S04\2017-01-31-B0368-S04-E01-T01.c3d,B0368,S04,E01,T01,200.0,mm,deg,N,Nmm,W,218,1807,9.035,101,B0368,B0368,0,0,True,True,True,True,True,True,True
2017-01-31-B0368-S04-E01-T02.c3d,atletas\B0368\2017-01-31-B0368-S04\2017-01-31-B0368-S04-E01-T02.c3d,B0368,S04,E01,T02,200.0,mm,deg,N,Nmm,W,218,1619,8.095,101,B0368,B0368,0,0,True,True,True,True,True,True,True
2017-01-31-B0368-S04-E02-T01.c3d,atletas\B0368\2017-01-31-B0368-S04\2017-01-31-B0368-S04-E02-T01.c3d,B0368,S04,E02,T01,200.0,mm,deg,N,Nmm,W,197,1783,8.915,74,Tarcza|B0368,Tarcza|B0368,6,0,True,True,True,True,True,True,True
2017-01-31-B0368-S04-E02-T02.c3d,atletas\B0368\2017-01-31-B0368-S04\2017-01-31-B0368-S04-E02-T02.c3d,B0368,S04,E02,T02,200.0,mm,deg,N,Nmm,W,197,1632,8.16,74,Tarcza|B0368,Tarcza|B0368,6,0,True,True,True,True,True,True,True
2017-01-31-B0368-S05-E01-T01.c3d,atletas\B0368\2017-01-31-B0368-S05\2017-01-31-B0368-S05-E01-T01.c3d,B0368,S05,E01,T01,200.0,mm,deg,N,Nmm,W,218,2272,11.36,101,B0368,B0368,0,0,True,True,True,True,True,True,True
2017-01-31-B0368-S05-E01-T02.c3d,atletas\B0368\2017-01-31-B0368-S05\2017-01-31-B0368-S05-E01-T02.c3d,B0368,S05,E01,T02,200.0,mm,deg,N,Nmm,W,218,1838,9.19,101,B0368,B0368,0,0,True,True,True,True,True,True,True
2017-01-31-B0368-S05-E02-T01.c3d,atletas\B0368\2017-01-31-B0368-S05\2017-01-31-B0368-S05-E02-T01.c3d,B0368,S05,E02,T01,200.0,mm,deg,N,Nmm,W,197,2223,11.115,74,Tarcza|B0368,Tarcza|B0368,6,0,True,True,True,True,True,True,True
2017-01-31-B0368-S05-E02-T02.c3d,atletas\B0368\2017-01-31-B0368-S05\2017-01-31-B0368-S05-E02-T02.c3d,B0368,S05,E02,T02,200.0,mm,deg,N,Nmm,W,197,2229,11.145,74,Tarcza|B0368,Tarcza|B0368,6,0,True,True,True,True,True,True,True
2017-01-31-B0369-S01-E01-T01.c3d,atletas\B0369\2017-01-31-B0369-S01\2017-01-31-B0369-S01-E01-T01.c3d,B0369,S01,E01,T01,200.0,mm,deg,N,Nmm,W,191,1884,9.42,74,B0369,B0369,0,0,True,True,True,True,True,True,True
2017-01-31-B0369-S01-E01-T02.c3d,atletas\B0369\2017-01-31-B0369-S01\2017-01-31-B0369-S01-E01-T02.c3d,B0369,S01,E01,T02,200.0,mm,deg,N,Nmm,W,191,1791,8.955,74,B0369,B0369,0,0,True,True,True,True,True,True,True
2017-01-31-B0369-S01-E02-T01.c3d,atletas\B0369\2017-01-31-B0369-S01\2017-01-31-B0369-S01-E02-T01.c3d,B0369,S01,E02,T01,200.0,mm,deg,N,Nmm,W,197,1632,8.16,74,Tarcza|B0369,Tarcza|B0369,6,0,True,True,True,True,True,True,True
2017-01-31-B0369-S01-E02-T02.c3d,atletas\B0369\2017-01-31-B0369-S01\2017-01-31-B0369-S01-E02-T02.c3d,B0369,S01,E02,T02,200.0,mm,deg,N,Nmm,W,197,1512,7.56,74,Tarcza|B0369,Tarcza|B0369,6,0,True,True,True,True,True,True,True
2017-01-31-B0369-S01-E04-T01.c3d,atletas\B0369\2017-01-31-B0369-S01\2017-01-31-B0369-S01-E04-T01.c3d,B0369,S01,E04,T01,200.0,mm,deg,N,Nmm,W,382,1608,8.04,25,B0370|B0369,B0370|B0369,0,0,True,True,True,True,True,True,True
2017-01-31-B0369-S01-E04-T02.c3d,atletas\B0369\2017-01-31-B0369-S01\2017-01-31-B0369-S01-E04-T02.c3d,B0369,S01,E04,T02,200.0,mm,deg,N,Nmm,W,382,2043,10.215,25,B0370|B0369,B0370|B0369,0,0,True,True,True,True,True,True,True
2017-01-31-B0369-S02-E01-T01.c3d,atletas\B0369\2017-01-31-B0369-S02\2017-01-31-B0369-S02-E01-T01.c3d,B0369,S02,E01,T01,200.0,mm,deg,N,Nmm,W,191,1715,8.575,74,B0369,B0369,0,0,True,True,True,True,True,True,True
2017-01-31-B0369-S02-E01-T02.c3d,atletas\B0369\2017-01-31-B0369-S02\2017-01-31-B0369-S02-E01-T02.c3d,B0369,S02,E01,T02,200.0,mm,deg,N,Nmm,W,191,1677,8.385,74,B0369,B0369,0,0,True,True,True,True,True,True,True
2017-01-31-B0369-S02-E02-T01.c3d,atletas\B0369\2017-01-31-B0369-S02\2017-01-31-B0369-S02-E02-T01.c3d,B0369,S02,E02,T01,200.0,mm,deg,N,Nmm,W,197,1879,9.395,74,Tarcza|B0369,Tarcza|B0369,6,0,True,True,True,True,True,True,True
2017-01-31-B0369-S02-E02-T02.c3d,atletas\B0369\2017-01-31-B0369-S02\2017-01-31-B0369-S02-E02-T02.c3d,B0369,S02,E02,T02,200.0,mm,deg,N,Nmm,W,197,1936,9.68,74,Tarcza|B0369,Tarcza|B0369,6,0,True,True,True,True,True,True,True
2017-01-31-B0369-S02-E04-T01.c3d,atletas\B0369\2017-01-31-B0369-S02\2017-01-31-B0369-S02-E04-T01.c3d,B0369,S02,E04,T01,200.0,mm,deg,N,Nmm,W,382,1986,9.93,25,B0370|B0369,B0370|B0369,0,0,True,True,True,True,True,True,True
2017-01-31-B0369-S02-E04-T02.c3d,atletas\B0369\2017-01-31-B0369-S02\2017-01-31-B0369-S02-E04-T02.c3d,B0369,S02,E04,T02,200.0,mm,deg,N,Nmm,W,382,1831,9.155,25,B0370|B0369,B0370|B0369,0,0,True,True,True,True,True,True,True
2017-01-31-B0369-S03-E01-T01.c3d,atletas\B0369\2017-01-31-B0369-S03\2017-01-31-B0369-S03-E01-T01.c3d,B0369,S03,E01,T01,200.0,mm,deg,N,Nmm,W,191,1958,9.79,74,B0369,B0369,0,0,True,True,True,True,True,True,True
2017-01-31-B0369-S03-E01-T02.c3d,atletas\B0369\2017-01-31-B0369-S03\2017-01-31-B0369-S03-E01-T02.c3d,B0369,S03,E01,T02,200.0,mm,deg,N,Nmm,W,191,1801,9.005,74,B0369,B0369,0,0,True,True,True,True,True,True,True
2017-01-31-B0369-S03-E02-T01.c3d,atletas\B0369\2017-01-31-B0369-S03\2017-01-31-B0369-S03-E02-T01.c3d,B0369,S03,E02,T01,200.0,mm,deg,N,Nmm,W,197,1848,9.24,74,Tarcza|B0369,Tarcza|B0369,6,0,True,True,True,True,True,True,True
2017-01-31-B0369-S03-E02-T02.c3d,atletas\B0369\2017-01-31-B0369-S03\2017-01-31-B0369-S03-E02-T02.c3d,B0369,S03,E02,T02,200.0,mm,deg,N,Nmm,W,197,1805,9.025,74,Tarcza|B0369,Tarcza|B0369,6,0,True,True,True,True,True,True,True
2017-01-31-B0369-S03-E04-T01.c3d,atletas\B0369\2017-01-31-B0369-S03\2017-01-31-B0369-S03-E04-T01.c3d,B0369,S03,E04,T01,200.0,mm,deg,N,Nmm,W,382,1538,7.69,25,B0370|B0369,B0370|B0369,0,0,True,True,True,True,True,True,True
2017-01-31-B0369-S03-E04-T02.c3d,atletas\B0369\2017-01-31-B0369-S03\2017-01-31-B0369-S03-E04-T02.c3d,B0369,S03,E04,T02,200.0,mm,deg,N,Nmm,W,382,1494,7.47,25,B0370|B0369,B0370|B0369,0,0,True,True,True,True,True,True,True
2017-01-31-B0369-S04-E01-T01.c3d,atletas\B0369\2017-01-31-B0369-S04\2017-01-31-B0369-S04-E01-T01.c3d,B0369,S04,E01,T01,200.0,mm,deg,N,Nmm,W,191,1930,9.65,74,B0369,B0369,0,0,True,True,True,True,True,True,True
2017-01-31-B0369-S04-E01-T02.c3d,atletas\B0369\2017-01-31-B0369-S04\2017-01-31-B0369-S04-E01-T02.c3d,B0369,S04,E01,T02,200.0,mm,deg,N,Nmm,W,191,1848,9.24,74,B0369,B0369,0,0,True,True,True,True,True,True,True
2017-01-31-B0369-S04-E02-T01.c3d,atletas\B0369\2017-01-31-B0369-S04\2017-01-31-B0369-S04-E02-T01.c3d,B0369,S04,E02,T01,200.0,mm,deg,N,Nmm,W,197,2019,10.095,74,Tarcza|B0369,Tarcza|B0369,6,0,True,True,True,True,True,True,True
2017-01-31-B0369-S04-E02-T02.c3d,atletas\B0369\2017-01-31-B0369-S04\2017-01-31-B0369-S04-E02-T02.c3d,B0369,S04,E02,T02,200.0,mm,deg,N,Nmm,W,197,1813,9.065,74,Tarcza|B0369,Tarcza|B0369,6,0,True,True,True,True,True,True,True
2017-01-31-B0369-S04-E04-T01.c3d,atletas\B0369\2017-01-31-B0369-S04\2017-01-31-B0369-S04-E04-T01.c3d,B0369,S04,E04,T01,200.0,mm,deg,N,Nmm,W,382,1785,8.925,25,B0370|B0369,B0370|B0369,0,0,True,True,True,True,True,True,True
2017-01-31-B0369-S04-E04-T02.c3d,atletas\B0369\2017-01-31-B0369-S04\2017-01-31-B0369-S04-E04-T02.c3d,B0369,S04,E04,T02,200.0,mm,deg,N,Nmm,W,382,1511,7.555,25,B0370|B0369,B0370|B0369,0,0,True,True,True,True,True,True,True
2017-01-31-B0369-S05-E01-T01.c3d,atletas\B0369\2017-01-31-B0369-S05\2017-01-31-B0369-S05-E01-T01.c3d,B0369,S05,E01,T01,200.0,mm,deg,N,Nmm,W,191,1958,9.79,74,B0369,B0369,0,0,True,True,True,True,True,True,True
2017-01-31-B0369-S05-E01-T02.c3d,atletas\B0369\2017-01-31-B0369-S05\2017-01-31-B0369-S05-E01-T02.c3d,B0369,S05,E01,T02,200.0,mm,deg,N,Nmm,W,191,1745,8.725,74,B0369,B0369,0,0,True,True,True,True,True,True,True
2017-01-31-B0369-S05-E02-T01.c3d,atletas\B0369\2017-01-31-B0369-S05\2017-01-31-B0369-S05-E02-T01.c3d,B0369,S05,E02,T01,200.0,mm,deg,N,Nmm,W,197,2550,12.75,74,Tarcza|B0369,Tarcza|B0369,6,0,True,True,True,True,True,True,True
2017-01-31-B0369-S05-E02-T02.c3d,atletas\B0369\2017-01-31-B0369-S05\2017-01-31-B0369-S05-E02-T02.c3d,B0369,S05,E02,T02,200.0,mm,deg,N,Nmm,W,197,2640,13.2,74,Tarcza|B0369,Tarcza|B0369,6,0,True,True,True,True,True,True,True
2017-01-31-B0370-S01-E01-T01.c3d,atletas\B0370\2017-01-31-B0370-S01\2017-01-31-B0370-S01-E01-T01.c3d,B0370,S01,E01,T01,200.0,mm,deg,N,Nmm,W,191,1389,6.945,74,B0370,B0370,0,0,True,True,True,True,True,True,True
2017-01-31-B0370-S01-E01-T02.c3d,atletas\B0370\2017-01-31-B0370-S01\2017-01-31-B0370-S01-E01-T02.c3d,B0370,S01,E01,T02,200.0,mm,deg,N,Nmm,W,191,1451,7.255,74,B0370,B0370,0,0,True,True,True,True,True,True,True
2017-01-31-B0370-S01-E02-T01.c3d,atletas\B0370\2017-01-31-B0370-S01\2017-01-31-B0370-S01-E02-T01.c3d,B0370,S01,E02,T01,200.0,mm,deg,N,Nmm,W,197,1493,7.465,74,Tarcza|B0370,Tarcza|B0370,6,0,True,True,True,True,True,True,True
2017-01-31-B0370-S01-E02-T02.c3d,atletas\B0370\2017-01-31-B0370-S01\2017-01-31-B0370-S01-E02-T02.c3d,B0370,S01,E02,T02,200.0,mm,deg,N,Nmm,W,197,1445,7.225,74,Tarcza|B0370,Tarcza|B0370,6,0,True,True,True,True,True,True,True
2017-01-31-B0370-S02-E01-T01.c3d,atletas\B0370\2017-01-31-B0370-S02\2017-01-31-B0370-S02-E01-T01.c3d,B0370,S02,E01,T01,200.0,mm,deg,N,Nmm,W,191,1531,7.655,74,B0370,B0370,0,0,True,True,True,True,True,True,True
2017-01-31-B0370-S02-E01-T02.c3d,atletas\B0370\2017-01-31-B0370-S02\2017-01-31-B0370-S02-E01-T02.c3d,B0370,S02,E01,T02,200.0,mm,deg,N,Nmm,W,191,1480,7.4,74,B0370,B0370,0,0,True,True,True,True,True,True,True
2017-01-31-B0370-S02-E02-T01.c3d,atletas\B0370\2017-01-31-B0370-S02\2017-01-31-B0370-S02-E02-T01.c3d,B0370,S02,E02,T01,200.0,mm,deg,N,Nmm,W,197,1421,7.105,74,Tarcza|B0370,Tarcza|B0370,6,0,True,True,True,True,True,True,True
2017-01-31-B0370-S02-E02-T02.c3d,atletas\B0370\2017-01-31-B0370-S02\2017-01-31-B0370-S02-E02-T02.c3d,B0370,S02,E02,T02,200.0,mm,deg,N,Nmm,W,197,1346,6.73,74,Tarcza|B0370,Tarcza|B0370,6,0,True,True,True,True,True,True,True
2017-01-31-B0370-S03-E01-T01.c3d,atletas\B0370\2017-01-31-B0370-S03\2017-01-31-B0370-S03-E01-T01.c3d,B0370,S03,E01,T01,200.0,mm,deg,N,Nmm,W,191,1532,7.66,74,B0370,B0370,0,0,True,True,True,True,True,True,True
2017-01-31-B0370-S03-E01-T02.c3d,atletas\B0370\2017-01-31-B0370-S03\2017-01-31-B0370-S03-E01-T02.c3d,B0370,S03,E01,T02,200.0,mm,deg,N,Nmm,W,191,1534,7.67,74,B0370,B0370,0,0,True,True,True,True,True,True,True
2017-01-31-B0370-S03-E02-T01.c3d,atletas\B0370\2017-01-31-B0370-S03\2017-01-31-B0370-S03-E02-T01.c3d,B0370,S03,E02,T01,200.0,mm,deg,N,Nmm,W,197,1441,7.205,74,Tarcza|B0370,Tarcza|B0370,6,0,True,True,True,True,True,True,True
2017-01-31-B0370-S03-E02-T02.c3d,atletas\B0370\2017-01-31-B0370-S03\2017-01-31-B0370-S03-E02-T02.c3d,B0370,S03,E02,T02,200.0,mm,deg,N,Nmm,W,197,1520,7.6,74,Tarcza|B0370,Tarcza|B0370,6,0,True,True,True,True,True,True,True
2017-01-31-B0370-S04-E01-T01.c3d,atletas\B0370\2017-01-31-B0370-S04\2017-01-31-B0370-S04-E01-T01.c3d,B0370,S04,E01,T01,200.0,mm,deg,N,Nmm,W,191,1647,8.235,74,B0370,B0370,0,0,True,True,True,True,True,True,True
2017-01-31-B0370-S04-E01-T02.c3d,atletas\B0370\2017-01-31-B0370-S04\2017-01-31-B0370-S04-E01-T02.c3d,B0370,S04,E01,T02,200.0,mm,deg,N,Nmm,W,191,1550,7.75,74,B0370,B0370,0,0,True,True,True,True,True,True,True
2017-01-31-B0370-S04-E02-T01.c3d,atletas\B0370\2017-01-31-B0370-S04\2017-01-31-B0370-S04-E02-T01.c3d,B0370,S04,E02,T01,200.0,mm,deg,N,Nmm,W,197,1603,8.015,74,Tarcza|B0370,Tarcza|B0370,6,0,True,True,True,True,True,True,True
2017-01-31-B0370-S04-E02-T02.c3d,atletas\B0370\2017-01-31-B0370-S04\2017-01-31-B0370-S04-E02-T02.c3d,B0370,S04,E02,T02,200.0,mm,deg,N,Nmm,W,197,1531,7.655,74,Tarcza|B0370,Tarcza|B0370,6,0,True,True,True,True,True,True,True
2017-02-20-B0371-S01-E01-T01.c3d,atletas\B0371\2017-02-20-B0371-S01\2017-02-20-B0371-S01-E01-T01.c3d,B0371,S01,E01,T01,250.0,mm,deg,N,Nmm,W,191,1660,6.64,74,B0371,B0371,0,0,True,True,True,True,True,True,True
2017-02-20-B0371-S01-E01-T02.c3d,atletas\B0371\2017-02-20-B0371-S01\2017-02-20-B0371-S01-E01-T02.c3d,B0371,S01,E01,T02,250.0,mm,deg,N,Nmm,W,191,1504,6.016,74,B0371,B0371,0,0,True,True,True,True,True,True,True
2017-02-20-B0371-S01-E02-T01.c3d,atletas\B0371\2017-02-20-B0371-S01\2017-02-20-B0371-S01-E02-T01.c3d,B0371,S01,E02,T01,250.0,mm,deg,N,Nmm,W,195,1622,6.488,74,Tarcza|B0371,Tarcza|B0371,4,0,True,True,True,True,True,True,True
2017-02-20-B0371-S01-E02-T02.c3d,atletas\B0371\2017-02-20-B0371-S01\2017-02-20-B0371-S01-E02-T02.c3d,B0371,S01,E02,T02,250.0,mm,deg,N,Nmm,W,195,1624,6.496,74,Tarcza|B0371,Tarcza|B0371,4,0,True,True,True,True,True,True,True
2017-02-20-B0371-S01-E03-T01.c3d,atletas\B0371\2017-02-20-B0371-S01\2017-02-20-B0371-S01-E03-T01.c3d,B0371,S01,E03,T01,250.0,mm,deg,N,Nmm,W,382,1909,7.636,25,B0371|B0372,B0371|B0372,0,0,True,True,True,True,True,True,True
2017-02-20-B0371-S01-E03-T02.c3d,atletas\B0371\2017-02-20-B0371-S01\2017-02-20-B0371-S01-E03-T02.c3d,B0371,S01,E03,T02,250.0,mm,deg,N,Nmm,W,382,1619,6.476,25,B0371|B0372,B0371|B0372,0,0,True,True,True,True,True,True,True
2017-02-20-B0371-S02-E01-T01.c3d,atletas\B0371\2017-02-20-B0371-S02\2017-02-20-B0371-S02-E01-T01.c3d,B0371,S02,E01,T01,250.0,mm,deg,N,Nmm,W,191,1923,7.692,74,B0371,B0371,0,0,True,True,True,True,True,True,True
2017-02-20-B0371-S02-E01-T02.c3d,atletas\B0371\2017-02-20-B0371-S02\2017-02-20-B0371-S02-E01-T02.c3d,B0371,S02,E01,T02,250.0,mm,deg,N,Nmm,W,191,2129,8.516,74,B0371,B0371,0,0,True,True,True,True,True,True,True
2017-02-20-B0371-S02-E02-T01.c3d,atletas\B0371\2017-02-20-B0371-S02\2017-02-20-B0371-S02-E02-T01.c3d,B0371,S02,E02,T01,250.0,mm,deg,N,Nmm,W,195,1651,6.604,74,Tarcza|B0371,Tarcza|B0371,4,0,True,True,True,True,True,True,True
2017-02-20-B0371-S02-E02-T02.c3d,atletas\B0371\2017-02-20-B0371-S02\2017-02-20-B0371-S02-E02-T02.c3d,B0371,S02,E02,T02,250.0,mm,deg,N,Nmm,W,195,1824,7.296,74,Tarcza|B0371,Tarcza|B0371,4,0,True,True,True,True,True,True,True
2017-02-20-B0371-S02-E03-T01.c3d,atletas\B0371\2017-02-20-B0371-S02\2017-02-20-B0371-S02-E03-T01.c3d,B0371,S02,E03,T01,250.0,mm,deg,N,Nmm,W,382,2260,9.04,25,B0371|B0372,B0371|B0372,0,0,True,True,True,True,True,True,True
2017-02-20-B0371-S02-E03-T02.c3d,atletas\B0371\2017-02-20-B0371-S02\2017-02-20-B0371-S02-E03-T02.c3d,B0371,S02,E03,T02,250.0,mm,deg,N,Nmm,W,382,2489,9.956,25,B0371|B0372,B0371|B0372,0,0,True,True,True,True,True,True,True
2017-02-20-B0371-S03-E01-T01.c3d,atletas\B0371\2017-02-20-B0371-S03\2017-02-20-B0371-S03-E01-T01.c3d,B0371,S03,E01,T01,250.0,mm,deg,N,Nmm,W,191,2154,8.616,74,B0371,B0371,0,0,True,True,True,True,True,True,True
2017-02-20-B0371-S03-E01-T02.c3d,atletas\B0371\2017-02-20-B0371-S03\2017-02-20-B0371-S03-E01-T02.c3d,B0371,S03,E01,T02,250.0,mm,deg,N,Nmm,W,191,2360,9.44,74,B0371,B0371,0,0,True,True,True,True,True,True,True
2017-02-20-B0371-S03-E02-T01.c3d,atletas\B0371\2017-02-20-B0371-S03\2017-02-20-B0371-S03-E02-T01.c3d,B0371,S03,E02,T01,250.0,mm,deg,N,Nmm,W,195,1925,7.7,74,Tarcza|B0371,Tarcza|B0371,4,0,True,True,True,True,True,True,True
2017-02-20-B0371-S03-E02-T02.c3d,atletas\B0371\2017-02-20-B0371-S03\2017-02-20-B0371-S03-E02-T02.c3d,B0371,S03,E02,T02,250.0,mm,deg,N,Nmm,W,195,1788,7.152,74,Tarcza|B0371,Tarcza|B0371,4,0,True,True,True,True,True,True,True
2017-02-20-B0371-S03-E03-T01.c3d,atletas\B0371\2017-02-20-B0371-S03\2017-02-20-B0371-S03-E03-T01.c3d,B0371,S03,E03,T01,250.0,mm,deg,N,Nmm,W,382,2138,8.552,25,B0371|B0372,B0371|B0372,0,0,True,True,True,True,True,True,True
2017-02-20-B0371-S03-E03-T02.c3d,atletas\B0371\2017-02-20-B0371-S03\2017-02-20-B0371-S03-E03-T02.c3d,B0371,S03,E03,T02,250.0,mm,deg,N,Nmm,W,382,2040,8.16,25,B0371|B0372,B0371|B0372,0,0,True,True,True,True,True,True,True
2017-02-20-B0371-S04-E01-T01.c3d,atletas\B0371\2017-02-20-B0371-S04\2017-02-20-B0371-S04-E01-T01.c3d,B0371,S04,E01,T01,250.0,mm,deg,N,Nmm,W,191,2025,8.1,74,B0371,B0371,0,0,True,True,True,True,True,True,True
2017-02-20-B0371-S04-E01-T02.c3d,atletas\B0371\2017-02-20-B0371-S04\2017-02-20-B0371-S04-E01-T02.c3d,B0371,S04,E01,T02,250.0,mm,deg,N,Nmm,W,191,2002,8.008,74,B0371,B0371,0,0,True,True,True,True,True,True,True
2017-02-20-B0371-S04-E02-T01.c3d,atletas\B0371\2017-02-20-B0371-S04\2017-02-20-B0371-S04-E02-T01.c3d,B0371,S04,E02,T01,250.0,mm,deg,N,Nmm,W,195,1976,7.904,74,Tarcza|B0371,Tarcza|B0371,4,0,True,True,True,True,True,True,True
2017-02-20-B0371-S04-E02-T02.c3d,atletas\B0371\2017-02-20-B0371-S04\2017-02-20-B0371-S04-E02-T02.c3d,B0371,S04,E02,T02,250.0,mm,deg,N,Nmm,W,195,2012,8.048,74,Tarcza|B0371,Tarcza|B0371,4,0,True,True,True,True,True,True,True
2017-02-20-B0371-S04-E03-T01.c3d,atletas\B0371\2017-02-20-B0371-S04\2017-02-20-B0371-S04-E03-T01.c3d,B0371,S04,E03,T01,250.0,mm,deg,N,Nmm,W,382,2108,8.432,25,B0371|B0372,B0371|B0372,0,0,True,True,True,True,True,True,True
2017-02-20-B0371-S04-E03-T02.c3d,atletas\B0371\2017-02-20-B0371-S04\2017-02-20-B0371-S04-E03-T02.c3d,B0371,S04,E03,T02,250.0,mm,deg,N,Nmm,W,382,2081,8.324,25,B0371|B0372,B0371|B0372,0,0,True,True,True,True,True,True,True
2017-02-20-B0371-S05-E01-T01.c3d,atletas\B0371\2017-02-20-B0371-S05\2017-02-20-B0371-S05-E01-T01.c3d,B0371,S05,E01,T01,250.0,mm,deg,N,Nmm,W,191,2368,9.472,74,B0371,B0371,0,0,True,True,True,True,True,True,True
2017-02-20-B0371-S05-E01-T02.c3d,atletas\B0371\2017-02-20-B0371-S05\2017-02-20-B0371-S05-E01-T02.c3d,B0371,S05,E01,T02,250.0,mm,deg,N,Nmm,W,191,2376,9.504,74,B0371,B0371,0,0,True,True,True,True,True,True,True
2017-02-20-B0371-S05-E02-T01.c3d,atletas\B0371\2017-02-20-B0371-S05\2017-02-20-B0371-S05-E02-T01.c3d,B0371,S05,E02,T01,250.0,mm,deg,N,Nmm,W,195,2688,10.752,74,Tarcza|B0371,Tarcza|B0371,4,0,True,True,True,True,True,True,True
2017-02-20-B0371-S05-E02-T02.c3d,atletas\B0371\2017-02-20-B0371-S05\2017-02-20-B0371-S05-E02-T02.c3d,B0371,S05,E02,T02,250.0,mm,deg,N,Nmm,W,195,2721,10.884,74,Tarcza|B0371,Tarcza|B0371,4,0,True,True,True,True,True,True,True
2017-02-20-B0371-S05-E03-T01.c3d,atletas\B0371\2017-02-20-B0371-S05\2017-02-20-B0371-S05-E03-T01.c3d,B0371,S05,E03,T01,250.0,mm,deg,N,Nmm,W,382,2790,11.16,25,B0371|B0372,B0371|B0372,0,0,True,True,True,True,True,True,True
2017-02-20-B0371-S05-E03-T02.c3d,atletas\B0371\2017-02-20-B0371-S05\2017-02-20-B0371-S05-E03-T02.c3d,B0371,S05,E03,T02,250.0,mm,deg,N,Nmm,W,382,2587,10.348,25,B0371|B0372,B0371|B0372,0,0,True,True,True,True,True,True,True
2017-02-20-B0372-S01-E01-T01.c3d,atletas\B0372\2017-02-20-B0372-S01\2017-02-20-B0372-S01-E01-T01.c3d,B0372,S01,E01,T01,250.0,mm,deg,N,Nmm,W,191,2000,8.0,74,B0372,B0372,0,0,True,True,True,True,True,True,True
2017-02-20-B0372-S01-E01-T02.c3d,atletas\B0372\2017-02-20-B0372-S01\2017-02-20-B0372-S01-E01-T02.c3d,B0372,S01,E01,T02,250.0,mm,deg,N,Nmm,W,191,1926,7.704,74,B0372,B0372,0,0,True,True,True,True,True,True,True
2017-02-20-B0372-S01-E02-T01.c3d,atletas\B0372\2017-02-20-B0372-S01\2017-02-20-B0372-S01-E02-T01.c3d,B0372,S01,E02,T01,250.0,mm,deg,N,Nmm,W,195,1636,6.544,74,Tarcza|B0372,Tarcza|B0372,4,0,True,True,True,True,True,True,True
2017-02-20-B0372-S01-E02-T02.c3d,atletas\B0372\2017-02-20-B0372-S01\2017-02-20-B0372-S01-E02-T02.c3d,B0372,S01,E02,T02,250.0,mm,deg,N,Nmm,W,195,1694,6.776,74,Tarcza|B0372,Tarcza|B0372,4,0,True,True,True,True,True,True,True
2017-02-20-B0372-S01-E03-T01.c3d,atletas\B0372\2017-02-20-B0372-S01\2017-02-20-B0372-S01-E03-T01.c3d,B0372,S01,E03,T01,250.0,mm,deg,N,Nmm,W,382,2147,8.588,25,B0373|B0372,B0373|B0372,0,0,True,True,True,True,True,True,True
2017-02-20-B0372-S01-E03-T02.c3d,atletas\B0372\2017-02-20-B0372-S01\2017-02-20-B0372-S01-E03-T02.c3d,B0372,S01,E03,T02,250.0,mm,deg,N,Nmm,W,382,1894,7.576,25,B0373|B0372,B0373|B0372,0,0,True,True,True,True,True,True,True
2017-02-20-B0372-S01-E04-T01.c3d,atletas\B0372\2017-02-20-B0372-S01\2017-02-20-B0372-S01-E04-T01.c3d,B0372,S01,E04,T01,250.0,mm,deg,N,Nmm,W,382,1909,7.636,25,B0371|B0372,B0371|B0372,0,0,True,True,True,True,True,True,True
2017-02-20-B0372-S01-E04-T02.c3d,atletas\B0372\2017-02-20-B0372-S01\2017-02-20-B0372-S01-E04-T02.c3d,B0372,S01,E04,T02,250.0,mm,deg,N,Nmm,W,382,1619,6.476,25,B0371|B0372,B0371|B0372,0,0,True,True,True,True,True,True,True
2017-02-20-B0372-S02-E01-T01.c3d,atletas\B0372\2017-02-20-B0372-S02\2017-02-20-B0372-S02-E01-T01.c3d,B0372,S02,E01,T01,250.0,mm,deg,N,Nmm,W,191,1908,7.632,74,B0372,B0372,0,0,True,True,True,True,True,True,True
2017-02-20-B0372-S02-E01-T02.c3d,atletas\B0372\2017-02-20-B0372-S02\2017-02-20-B0372-S02-E01-T02.c3d,B0372,S02,E01,T02,250.0,mm,deg,N,Nmm,W,191,1938,7.752,74,B0372,B0372,0,0,True,True,True,True,True,True,True
2017-02-20-B0372-S02-E02-T01.c3d,atletas\B0372\2017-02-20-B0372-S02\2017-02-20-B0372-S02-E02-T01.c3d,B0372,S02,E02,T01,250.0,mm,deg,N,Nmm,W,195,1823,7.292,74,Tarcza|B0372,Tarcza|B0372,4,0,True,True,True,True,True,True,True
2017-02-20-B0372-S02-E02-T02.c3d,atletas\B0372\2017-02-20-B0372-S02\2017-02-20-B0372-S02-E02-T02.c3d,B0372,S02,E02,T02,250.0,mm,deg,N,Nmm,W,195,2006,8.024,74,Tarcza|B0372,Tarcza|B0372,4,0,True,True,True,True,True,True,True
2017-02-20-B0372-S02-E03-T01.c3d,atletas\B0372\2017-02-20-B0372-S02\2017-02-20-B0372-S02-E03-T01.c3d,B0372,S02,E03,T01,250.0,mm,deg,N,Nmm,W,382,1819,7.276,25,B0373|B0372,B0373|B0372,0,0,True,True,True,True,True,True,True
2017-02-20-B0372-S02-E03-T02.c3d,atletas\B0372\2017-02-20-B0372-S02\2017-02-20-B0372-S02-E03-T02.c3d,B0372,S02,E03,T02,250.0,mm,deg,N,Nmm,W,382,1883,7.532,25,B0373|B0372,B0373|B0372,0,0,True,True,True,True,True,True,True
2017-02-20-B0372-S02-E04-T01.c3d,atletas\B0372\2017-02-20-B0372-S02\2017-02-20-B0372-S02-E04-T01.c3d,B0372,S02,E04,T01,250.0,mm,deg,N,Nmm,W,382,2260,9.04,25,B0371|B0372,B0371|B0372,0,0,True,True,True,True,True,True,True
2017-02-20-B0372-S02-E04-T02.c3d,atletas\B0372\2017-02-20-B0372-S02\2017-02-20-B0372-S02-E04-T02.c3d,B0372,S02,E04,T02,250.0,mm,deg,N,Nmm,W,382,2489,9.956,25,B0371|B0372,B0371|B0372,0,0,True,True,True,True,True,True,True
2017-02-20-B0372-S03-E01-T01.c3d,atletas\B0372\2017-02-20-B0372-S03\2017-02-20-B0372-S03-E01-T01.c3d,B0372,S03,E01,T01,250.0,mm,deg,N,Nmm,W,191,1940,7.76,74,B0372,B0372,0,0,True,True,True,True,True,True,True
2017-02-20-B0372-S03-E01-T02.c3d,atletas\B0372\2017-02-20-B0372-S03\2017-02-20-B0372-S03-E01-T02.c3d,B0372,S03,E01,T02,250.0,mm,deg,N,Nmm,W,191,2020,8.08,74,B0372,B0372,0,0,True,True,True,True,True,True,True
2017-02-20-B0372-S03-E02-T01.c3d,atletas\B0372\2017-02-20-B0372-S03\2017-02-20-B0372-S03-E02-T01.c3d,B0372,S03,E02,T01,250.0,mm,deg,N,Nmm,W,195,1716,6.864,74,Tarcza|B0372,Tarcza|B0372,4,0,True,True,True,True,True,True,True
2017-02-20-B0372-S03-E02-T02.c3d,atletas\B0372\2017-02-20-B0372-S03\2017-02-20-B0372-S03-E02-T02.c3d,B0372,S03,E02,T02,250.0,mm,deg,N,Nmm,W,195,1636,6.544,74,Tarcza|B0372,Tarcza|B0372,4,0,True,True,True,True,True,True,True
2017-02-20-B0372-S03-E03-T01.c3d,atletas\B0372\2017-02-20-B0372-S03\2017-02-20-B0372-S03-E03-T01.c3d,B0372,S03,E03,T01,250.0,mm,deg,N,Nmm,W,382,2018,8.072,25,B0373|B0372,B0373|B0372,0,0,True,True,True,True,True,True,True
2017-02-20-B0372-S03-E03-T02.c3d,atletas\B0372\2017-02-20-B0372-S03\2017-02-20-B0372-S03-E03-T02.c3d,B0372,S03,E03,T02,250.0,mm,deg,N,Nmm,W,382,1708,6.832,25,B0373|B0372,B0373|B0372,0,0,True,True,True,True,True,True,True
2017-02-20-B0372-S03-E04-T01.c3d,atletas\B0372\2017-02-20-B0372-S03\2017-02-20-B0372-S03-E04-T01.c3d,B0372,S03,E04,T01,250.0,mm,deg,N,Nmm,W,382,2138,8.552,25,B0371|B0372,B0371|B0372,0,0,True,True,True,True,True,True,True
2017-02-20-B0372-S03-E04-T02.c3d,atletas\B0372\2017-02-20-B0372-S03\2017-02-20-B0372-S03-E04-T02.c3d,B0372,S03,E04,T02,250.0,mm,deg,N,Nmm,W,382,2040,8.16,25,B0371|B0372,B0371|B0372,0,0,True,True,True,True,True,True,True
2017-02-20-B0372-S04-E01-T01.c3d,atletas\B0372\2017-02-20-B0372-S04\2017-02-20-B0372-S04-E01-T01.c3d,B0372,S04,E01,T01,250.0,mm,deg,N,Nmm,W,191,2041,8.164,74,B0372,B0372,0,0,True,True,True,True,True,True,True
2017-02-20-B0372-S04-E01-T02.c3d,atletas\B0372\2017-02-20-B0372-S04\2017-02-20-B0372-S04-E01-T02.c3d,B0372,S04,E01,T02,250.0,mm,deg,N,Nmm,W,191,2187,8.748,74,B0372,B0372,0,0,True,True,True,True,True,True,True
2017-02-20-B0372-S04-E02-T01.c3d,atletas\B0372\2017-02-20-B0372-S04\2017-02-20-B0372-S04-E02-T01.c3d,B0372,S04,E02,T01,250.0,mm,deg,N,Nmm,W,195,1832,7.328,74,Tarcza|B0372,Tarcza|B0372,4,0,True,True,True,True,True,True,True
2017-02-20-B0372-S04-E02-T02.c3d,atletas\B0372\2017-02-20-B0372-S04\2017-02-20-B0372-S04-E02-T02.c3d,B0372,S04,E02,T02,250.0,mm,deg,N,Nmm,W,195,2010,8.04,74,Tarcza|B0372,Tarcza|B0372,4,0,True,True,True,True,True,True,True
2017-02-20-B0372-S04-E03-T01.c3d,atletas\B0372\2017-02-20-B0372-S04\2017-02-20-B0372-S04-E03-T01.c3d,B0372,S04,E03,T01,250.0,mm,deg,N,Nmm,W,382,2040,8.16,25,B0373|B0372,B0373|B0372,0,0,True,True,True,True,True,True,True
2017-02-20-B0372-S04-E03-T02.c3d,atletas\B0372\2017-02-20-B0372-S04\2017-02-20-B0372-S04-E03-T02.c3d,B0372,S04,E03,T02,250.0,mm,deg,N,Nmm,W,382,1938,7.752,25,B0373|B0372,B0373|B0372,0,0,True,True,True,True,True,True,True
2017-02-20-B0372-S04-E04-T01.c3d,atletas\B0372\2017-02-20-B0372-S04\2017-02-20-B0372-S04-E04-T01.c3d,B0372,S04,E04,T01,250.0,mm,deg,N,Nmm,W,382,2108,8.432,25,B0371|B0372,B0371|B0372,0,0,True,True,True,True,True,True,True
2017-02-20-B0372-S04-E04-T02.c3d,atletas\B0372\2017-02-20-B0372-S04\2017-02-20-B0372-S04-E04-T02.c3d,B0372,S04,E04,T02,250.0,mm,deg,N,Nmm,W,382,2081,8.324,25,B0371|B0372,B0371|B0372,0,0,True,True,True,True,True,True,True
2017-02-20-B0372-S05-E01-T01.c3d,atletas\B0372\2017-02-20-B0372-S05\2017-02-20-B0372-S05-E01-T01.c3d,B0372,S05,E01,T01,250.0,mm,deg,N,Nmm,W,191,2100,8.4,74,B0372,B0372,0,0,True,True,True,True,True,True,True
2017-02-20-B0372-S05-E01-T02.c3d,atletas\B0372\2017-02-20-B0372-S05\2017-02-20-B0372-S05-E01-T02.c3d,B0372,S05,E01,T02,250.0,mm,deg,N,Nmm,W,191,2480,9.92,74,B0372,B0372,0,0,True,True,True,True,True,True,True
2017-02-20-B0372-S05-E02-T01.c3d,atletas\B0372\2017-02-20-B0372-S05\2017-02-20-B0372-S05-E02-T01.c3d,B0372,S05,E02,T01,250.0,mm,deg,N,Nmm,W,195,2396,9.584,74,Tarcza|B0372,Tarcza|B0372,4,0,True,True,True,True,True,True,True
2017-02-20-B0372-S05-E02-T02.c3d,atletas\B0372\2017-02-20-B0372-S05\2017-02-20-B0372-S05-E02-T02.c3d,B0372,S05,E02,T02,250.0,mm,deg,N,Nmm,W,195,2282,9.128,74,Tarcza|B0372,Tarcza|B0372,4,0,True,True,True,True,True,True,True
2017-02-20-B0372-S05-E03-T01.c3d,atletas\B0372\2017-02-20-B0372-S05\2017-02-20-B0372-S05-E03-T01.c3d,B0372,S05,E03,T01,250.0,mm,deg,N,Nmm,W,382,2220,8.88,25,B0373|B0372,B0373|B0372,0,0,True,True,True,True,True,True,True
2017-02-20-B0372-S05-E03-T02.c3d,atletas\B0372\2017-02-20-B0372-S05\2017-02-20-B0372-S05-E03-T02.c3d,B0372,S05,E03,T02,250.0,mm,deg,N,Nmm,W,382,2215,8.86,25,B0373|B0372,B0373|B0372,0,0,True,True,True,True,True,True,True
2017-02-20-B0372-S05-E04-T01.c3d,atletas\B0372\2017-02-20-B0372-S05\2017-02-20-B0372-S05-E04-T01.c3d,B0372,S05,E04,T01,250.0,mm,deg,N,Nmm,W,382,2790,11.16,25,B0371|B0372,B0371|B0372,0,0,True,True,True,True,True,True,True
2017-02-20-B0372-S05-E04-T02.c3d,atletas\B0372\2017-02-20-B0372-S05\2017-02-20-B0372-S05-E04-T02.c3d,B0372,S05,E04,T02,250.0,mm,deg,N,Nmm,W,382,2587,10.348,25,B0371|B0372,B0371|B0372,0,0,True,True,True,True,True,True,True
2017-02-20-B0373-S01-E01-T01.c3d,atletas\B0373\2017-02-20-B0373-S01\2017-02-20-B0373-S01-E01-T01.c3d,B0373,S01,E01,T01,250.0,mm,deg,N,Nmm,W,191,1867,7.468,74,B0373,B0373,0,0,True,True,True,True,True,True,True
2017-02-20-B0373-S01-E01-T02.c3d,atletas\B0373\2017-02-20-B0373-S01\2017-02-20-B0373-S01-E01-T02.c3d,B0373,S01,E01,T02,250.0,mm,deg,N,Nmm,W,191,1674,6.696,74,B0373,B0373,0,0,True,True,True,True,True,True,True
2017-02-20-B0373-S01-E02-T01.c3d,atletas\B0373\2017-02-20-B0373-S01\2017-02-20-B0373-S01-E02-T01.c3d,B0373,S01,E02,T01,250.0,mm,deg,N,Nmm,W,195,1826,7.304,74,Tarcza|B0373,Tarcza|B0373,4,0,True,True,True,True,True,True,True
2017-02-20-B0373-S01-E02-T02.c3d,atletas\B0373\2017-02-20-B0373-S01\2017-02-20-B0373-S01-E02-T02.c3d,B0373,S01,E02,T02,250.0,mm,deg,N,Nmm,W,195,1780,7.12,74,Tarcza|B0373,Tarcza|B0373,4,0,True,True,True,True,True,True,True
2017-02-20-B0373-S01-E03-T01.c3d,atletas\B0373\2017-02-20-B0373-S01\2017-02-20-B0373-S01-E03-T01.c3d,B0373,S01,E03,T01,250.0,mm,deg,N,Nmm,W,382,3101,12.404,25,B0375|B0373,B0375|B0373,0,0,True,True,True,True,True,True,True
2017-02-20-B0373-S01-E03-T02.c3d,atletas\B0373\2017-02-20-B0373-S01\2017-02-20-B0373-S01-E03-T02.c3d,B0373,S01,E03,T02,250.0,mm,deg,N,Nmm,W,382,2265,9.06,25,B0375|B0373,B0375|B0373,0,0,True,True,True,True,True,True,True
2017-02-20-B0373-S01-E04-T01.c3d,atletas\B0373\2017-02-20-B0373-S01\2017-02-20-B0373-S01-E04-T01.c3d,B0373,S01,E04,T01,250.0,mm,deg,N,Nmm,W,382,2147,8.588,25,B0373|B0372,B0373|B0372,0,0,True,True,True,True,True,True,True
2017-02-20-B0373-S01-E04-T02.c3d,atletas\B0373\2017-02-20-B0373-S01\2017-02-20-B0373-S01-E04-T02.c3d,B0373,S01,E04,T02,250.0,mm,deg,N,Nmm,W,382,1894,7.576,25,B0373|B0372,B0373|B0372,0,0,True,True,True,True,True,True,True
2017-02-20-B0373-S02-E01-T01.c3d,atletas\B0373\2017-02-20-B0373-S02\2017-02-20-B0373-S02-E01-T01.c3d,B0373,S02,E01,T01,250.0,mm,deg,N,Nmm,W,191,2152,8.608,74,B0373,B0373,0,0,True,True,True,True,True,True,True
2017-02-20-B0373-S02-E01-T02.c3d,atletas\B0373\2017-02-20-B0373-S02\2017-02-20-B0373-S02-E01-T02.c3d,B0373,S02,E01,T02,250.0,mm,deg,N,Nmm,W,191,1912,7.648,74,B0373,B0373,0,0,True,True,True,True,True,True,True
2017-02-20-B0373-S02-E02-T01.c3d,atletas\B0373\2017-02-20-B0373-S02\2017-02-20-B0373-S02-E02-T01.c3d,B0373,S02,E02,T01,250.0,mm,deg,N,Nmm,W,195,1992,7.968,74,Tarcza|B0373,Tarcza|B0373,4,0,True,True,True,True,True,True,True
2017-02-20-B0373-S02-E02-T02.c3d,atletas\B0373\2017-02-20-B0373-S02\2017-02-20-B0373-S02-E02-T02.c3d,B0373,S02,E02,T02,250.0,mm,deg,N,Nmm,W,195,1971,7.884,74,Tarcza|B0373,Tarcza|B0373,4,0,True,True,True,True,True,True,True
2017-02-20-B0373-S02-E03-T01.c3d,atletas\B0373\2017-02-20-B0373-S02\2017-02-20-B0373-S02-E03-T01.c3d,B0373,S02,E03,T01,250.0,mm,deg,N,Nmm,W,382,2682,10.728,25,B0375|B0373,B0375|B0373,0,0,True,True,True,True,True,True,True
2017-02-20-B0373-S02-E03-T02.c3d,atletas\B0373\2017-02-20-B0373-S02\2017-02-20-B0373-S02-E03-T02.c3d,B0373,S02,E03,T02,250.0,mm,deg,N,Nmm,W,382,2552,10.208,25,B0375|B0373,B0375|B0373,0,0,True,True,True,True,True,True,True
2017-02-20-B0373-S02-E04-T01.c3d,atletas\B0373\2017-02-20-B0373-S02\2017-02-20-B0373-S02-E04-T01.c3d,B0373,S02,E04,T01,250.0,mm,deg,N,Nmm,W,382,1819,7.276,25,B0373|B0372,B0373|B0372,0,0,True,True,True,True,True,True,True
2017-02-20-B0373-S02-E04-T02.c3d,atletas\B0373\2017-02-20-B0373-S02\2017-02-20-B0373-S02-E04-T02.c3d,B0373,S02,E04,T02,250.0,mm,deg,N,Nmm,W,382,1883,7.532,25,B0373|B0372,B0373|B0372,0,0,True,True,True,True,True,True,True
2017-02-20-B0373-S03-E01-T01.c3d,atletas\B0373\2017-02-20-B0373-S03\2017-02-20-B0373-S03-E01-T01.c3d,B0373,S03,E01,T01,250.0,mm,deg,N,Nmm,W,191,2136,8.544,74,B0373,B0373,0,0,True,True,True,True,True,True,True
2017-02-20-B0373-S03-E01-T02.c3d,atletas\B0373\2017-02-20-B0373-S03\2017-02-20-B0373-S03-E01-T02.c3d,B0373,S03,E01,T02,250.0,mm,deg,N,Nmm,W,191,2162,8.648,74,B0373,B0373,0,0,True,True,True,True,True,True,True
2017-02-20-B0373-S03-E02-T01.c3d,atletas\B0373\2017-02-20-B0373-S03\2017-02-20-B0373-S03-E02-T01.c3d,B0373,S03,E02,T01,250.0,mm,deg,N,Nmm,W,195,2004,8.016,74,Tarcza|B0373,Tarcza|B0373,4,0,True,True,True,True,True,True,True
2017-02-20-B0373-S03-E02-T02.c3d,atletas\B0373\2017-02-20-B0373-S03\2017-02-20-B0373-S03-E02-T02.c3d,B0373,S03,E02,T02,250.0,mm,deg,N,Nmm,W,195,2087,8.348,74,Tarcza|B0373,Tarcza|B0373,4,0,True,True,True,True,True,True,True
2017-02-20-B0373-S03-E03-T01.c3d,atletas\B0373\2017-02-20-B0373-S03\2017-02-20-B0373-S03-E03-T01.c3d,B0373,S03,E03,T01,250.0,mm,deg,N,Nmm,W,382,2248,8.992,25,B0375|B0373,B0375|B0373,0,0,True,True,True,True,True,True,True
2017-02-20-B0373-S03-E03-T02.c3d,atletas\B0373\2017-02-20-B0373-S03\2017-02-20-B0373-S03-E03-T02.c3d,B0373,S03,E03,T02,250.0,mm,deg,N,Nmm,W,382,2368,9.472,25,B0375|B0373,B0375|B0373,0,0,True,True,True,True,True,True,True
2017-02-20-B0373-S03-E04-T01.c3d,atletas\B0373\2017-02-20-B0373-S03\2017-02-20-B0373-S03-E04-T01.c3d,B0373,S03,E04,T01,250.0,mm,deg,N,Nmm,W,382,2018,8.072,25,B0373|B0372,B0373|B0372,0,0,True,True,True,True,True,True,True
2017-02-20-B0373-S03-E04-T02.c3d,atletas\B0373\2017-02-20-B0373-S03\2017-02-20-B0373-S03-E04-T02.c3d,B0373,S03,E04,T02,250.0,mm,deg,N,Nmm,W,382,1708,6.832,25,B0373|B0372,B0373|B0372,0,0,True,True,True,True,True,True,True
2017-02-20-B0373-S04-E01-T01.c3d,atletas\B0373\2017-02-20-B0373-S04\2017-02-20-B0373-S04-E01-T01.c3d,B0373,S04,E01,T01,250.0,mm,deg,N,Nmm,W,191,2356,9.424,74,B0373,B0373,0,0,True,True,True,True,True,True,True
2017-02-20-B0373-S04-E01-T02.c3d,atletas\B0373\2017-02-20-B0373-S04\2017-02-20-B0373-S04-E01-T02.c3d,B0373,S04,E01,T02,250.0,mm,deg,N,Nmm,W,191,3349,13.396,74,B0373,B0373,0,0,True,True,True,True,True,True,True
2017-02-20-B0373-S04-E02-T01.c3d,atletas\B0373\2017-02-20-B0373-S04\2017-02-20-B0373-S04-E02-T01.c3d,B0373,S04,E02,T01,250.0,mm,deg,N,Nmm,W,195,2335,9.34,74,Tarcza|B0373,Tarcza|B0373,4,0,True,True,True,True,True,True,True
2017-02-20-B0373-S04-E02-T02.c3d,atletas\B0373\2017-02-20-B0373-S04\2017-02-20-B0373-S04-E02-T02.c3d,B0373,S04,E02,T02,250.0,mm,deg,N,Nmm,W,195,2313,9.252,74,Tarcza|B0373,Tarcza|B0373,4,0,True,True,True,True,True,True,True
2017-02-20-B0373-S04-E03-T01.c3d,atletas\B0373\2017-02-20-B0373-S04\2017-02-20-B0373-S04-E03-T01.c3d,B0373,S04,E03,T01,250.0,mm,deg,N,Nmm,W,382,2392,9.568,25,B0375|B0373,B0375|B0373,0,0,True,True,True,True,True,True,True
2017-02-20-B0373-S04-E03-T02.c3d,atletas\B0373\2017-02-20-B0373-S04\2017-02-20-B0373-S04-E03-T02.c3d,B0373,S04,E03,T02,250.0,mm,deg,N,Nmm,W,382,2532,10.128,25,B0375|B0373,B0375|B0373,0,0,True,True,True,True,True,True,True
2017-02-20-B0373-S04-E04-T01.c3d,atletas\B0373\2017-02-20-B0373-S04\2017-02-20-B0373-S04-E04-T01.c3d,B0373,S04,E04,T01,250.0,mm,deg,N,Nmm,W,382,2040,8.16,25,B0373|B0372,B0373|B0372,0,0,True,True,True,True,True,True,True
2017-02-20-B0373-S04-E04-T02.c3d,atletas\B0373\2017-02-20-B0373-S04\2017-02-20-B0373-S04-E04-T02.c3d,B0373,S04,E04,T02,250.0,mm,deg,N,Nmm,W,382,1938,7.752,25,B0373|B0372,B0373|B0372,0,0,True,True,True,True,True,True,True
2017-02-20-B0373-S05-E01-T01.c3d,atletas\B0373\2017-02-20-B0373-S05\2017-02-20-B0373-S05-E01-T01.c3d,B0373,S05,E01,T01,250.0,mm,deg,N,Nmm,W,191,2196,8.784,74,B0373,B0373,0,0,True,True,True,True,True,True,True
2017-02-20-B0373-S05-E01-T02.c3d,atletas\B0373\2017-02-20-B0373-S05\2017-02-20-B0373-S05-E01-T02.c3d,B0373,S05,E01,T02,250.0,mm,deg,N,Nmm,W,191,2356,9.424,74,B0373,B0373,0,0,True,True,True,True,True,True,True
2017-02-20-B0373-S05-E02-T01.c3d,atletas\B0373\2017-02-20-B0373-S05\2017-02-20-B0373-S05-E02-T01.c3d,B0373,S05,E02,T01,250.0,mm,deg,N,Nmm,W,195,3114,12.456,74,Tarcza|B0373,Tarcza|B0373,4,0,True,True,True,True,True,True,True
2017-02-20-B0373-S05-E02-T02.c3d,atletas\B0373\2017-02-20-B0373-S05\2017-02-20-B0373-S05-E02-T02.c3d,B0373,S05,E02,T02,250.0,mm,deg,N,Nmm,W,195,2468,9.872,74,Tarcza|B0373,Tarcza|B0373,4,0,True,True,True,True,True,True,True
2017-02-20-B0373-S05-E03-T01.c3d,atletas\B0373\2017-02-20-B0373-S05\2017-02-20-B0373-S05-E03-T01.c3d,B0373,S05,E03,T01,250.0,mm,deg,N,Nmm,W,382,3183,12.732,25,B0375|B0373,B0375|B0373,0,0,True,True,True,True,True,True,True
2017-02-20-B0373-S05-E03-T02.c3d,atletas\B0373\2017-02-20-B0373-S05\2017-02-20-B0373-S05-E03-T02.c3d,B0373,S05,E03,T02,250.0,mm,deg,N,Nmm,W,382,2777,11.108,25,B0375|B0373,B0375|B0373,0,0,True,True,True,True,True,True,True
2017-02-20-B0373-S05-E04-T01.c3d,atletas\B0373\2017-02-20-B0373-S05\2017-02-20-B0373-S05-E04-T01.c3d,B0373,S05,E04,T01,250.0,mm,deg,N,Nmm,W,382,2220,8.88,25,B0373|B0372,B0373|B0372,0,0,True,True,True,True,True,True,True
2017-02-20-B0373-S05-E04-T02.c3d,atletas\B0373\2017-02-20-B0373-S05\2017-02-20-B0373-S05-E04-T02.c3d,B0373,S05,E04,T02,250.0,mm,deg,N,Nmm,W,382,2215,8.86,25,B0373|B0372,B0373|B0372,0,0,True,True,True,True,True,True,True
2017-02-20-B0374-S01-E01-T01.c3d,atletas\B0374\2017-02-20-B0374-S01\2017-02-20-B0374-S01-E01-T01.c3d,B0374,S01,E01,T01,250.0,mm,deg,N,Nmm,W,191,2498,9.992,74,B0374,B0374,0,0,True,True,True,True,True,True,True
2017-02-20-B0374-S01-E01-T02.c3d,atletas\B0374\2017-02-20-B0374-S01\2017-02-20-B0374-S01-E01-T02.c3d,B0374,S01,E01,T02,250.0,mm,deg,N,Nmm,W,191,1651,6.604,74,B0374,B0374,0,0,True,True,True,True,True,True,True
2017-02-20-B0374-S01-E02-T01.c3d,atletas\B0374\2017-02-20-B0374-S01\2017-02-20-B0374-S01-E02-T01.c3d,B0374,S01,E02,T01,250.0,mm,deg,N,Nmm,W,195,1747,6.988,74,Tarcza|B0374,Tarcza|B0374,4,0,True,True,True,True,True,True,True
2017-02-20-B0374-S01-E02-T02.c3d,atletas\B0374\2017-02-20-B0374-S01\2017-02-20-B0374-S01-E02-T02.c3d,B0374,S01,E02,T02,250.0,mm,deg,N,Nmm,W,195,2196,8.784,74,Tarcza|B0374,Tarcza|B0374,4,0,True,True,True,True,True,True,True
2017-02-20-B0374-S01-E03-T01.c3d,atletas\B0374\2017-02-20-B0374-S01\2017-02-20-B0374-S01-E03-T01.c3d,B0374,S01,E03,T01,250.0,mm,deg,N,Nmm,W,382,1972,7.888,25,B0376|B0374,B0376|B0374,0,0,True,True,True,True,True,True,True
2017-02-20-B0374-S01-E03-T02.c3d,atletas\B0374\2017-02-20-B0374-S01\2017-02-20-B0374-S01-E03-T02.c3d,B0374,S01,E03,T02,250.0,mm,deg,N,Nmm,W,382,1811,7.244,25,B0376|B0374,B0376|B0374,0,0,True,True,True,True,True,True,True
2017-02-20-B0374-S01-E04-T01.c3d,atletas\B0374\2017-02-20-B0374-S01\2017-02-20-B0374-S01-E04-T01.c3d,B0374,S01,E04,T01,250.0,mm,deg,N,Nmm,W,382,2228,8.912,25,B0375|B0374,B0375|B0374,0,0,True,True,True,True,True,True,True
2017-02-20-B0374-S01-E04-T02.c3d,atletas\B0374\2017-02-20-B0374-S01\2017-02-20-B0374-S01-E04-T02.c3d,B0374,S01,E04,T02,250.0,mm,deg,N,Nmm,W,382,1680,6.72,25,B0375|B0374,B0375|B0374,0,0,True,True,True,True,True,True,True
2017-02-20-B0374-S02-E01-T01.c3d,atletas\B0374\2017-02-20-B0374-S02\2017-02-20-B0374-S02-E01-T01.c3d,B0374,S02,E01,T01,250.0,mm,deg,N,Nmm,W,191,3648,14.592,74,B0374,B0374,0,0,True,True,True,True,True,True,True
2017-02-20-B0374-S02-E01-T02.c3d,atletas\B0374\2017-02-20-B0374-S02\2017-02-20-B0374-S02-E01-T02.c3d,B0374,S02,E01,T02,250.0,mm,deg,N,Nmm,W,191,1560,6.24,74,B0374,B0374,0,0,True,True,True,True,True,True,True
2017-02-20-B0374-S02-E02-T01.c3d,atletas\B0374\2017-02-20-B0374-S02\2017-02-20-B0374-S02-E02-T01.c3d,B0374,S02,E02,T01,250.0,mm,deg,N,Nmm,W,195,1893,7.572,74,Tarcza|B0374,Tarcza|B0374,4,0,True,True,True,True,True,True,True
2017-02-20-B0374-S02-E02-T02.c3d,atletas\B0374\2017-02-20-B0374-S02\2017-02-20-B0374-S02-E02-T02.c3d,B0374,S02,E02,T02,250.0,mm,deg,N,Nmm,W,195,1580,6.32,74,Tarcza|B0374,Tarcza|B0374,4,0,True,True,True,True,True,True,True
2017-02-20-B0374-S02-E03-T01.c3d,atletas\B0374\2017-02-20-B0374-S02\2017-02-20-B0374-S02-E03-T01.c3d,B0374,S02,E03,T01,250.0,mm,deg,N,Nmm,W,382,1729,6.916,25,B0376|B0374,B0376|B0374,0,0,True,True,True,True,True,True,True
2017-02-20-B0374-S02-E03-T02.c3d,atletas\B0374\2017-02-20-B0374-S02\2017-02-20-B0374-S02-E03-T02.c3d,B0374,S02,E03,T02,250.0,mm,deg,N,Nmm,W,382,1420,5.68,25,B0376|B0374,B0376|B0374,0,0,True,True,True,True,True,True,True
2017-02-20-B0374-S02-E04-T01.c3d,atletas\B0374\2017-02-20-B0374-S02\2017-02-20-B0374-S02-E04-T01.c3d,B0374,S02,E04,T01,250.0,mm,deg,N,Nmm,W,382,1861,7.444,25,B0375|B0374,B0375|B0374,0,0,True,True,True,True,True,True,True
2017-02-20-B0374-S02-E04-T02.c3d,atletas\B0374\2017-02-20-B0374-S02\2017-02-20-B0374-S02-E04-T02.c3d,B0374,S02,E04,T02,250.0,mm,deg,N,Nmm,W,382,1953,7.812,25,B0375|B0374,B0375|B0374,0,0,True,True,True,True,True,True,True
2017-02-20-B0374-S03-E01-T01.c3d,atletas\B0374\2017-02-20-B0374-S03\2017-02-20-B0374-S03-E01-T01.c3d,B0374,S03,E01,T01,250.0,mm,deg,N,Nmm,W,191,1791,7.164,74,B0374,B0374,0,0,True,True,True,True,True,True,True
2017-02-20-B0374-S03-E01-T02.c3d,atletas\B0374\2017-02-20-B0374-S03\2017-02-20-B0374-S03-E01-T02.c3d,B0374,S03,E01,T02,250.0,mm,deg,N,Nmm,W,191,2316,9.264,74,B0374,B0374,0,0,True,True,True,True,True,True,True
2017-02-20-B0374-S03-E02-T01.c3d,atletas\B0374\2017-02-20-B0374-S03\2017-02-20-B0374-S03-E02-T01.c3d,B0374,S03,E02,T01,250.0,mm,deg,N,Nmm,W,195,1498,5.992,74,Tarcza|B0374,Tarcza|B0374,4,0,True,True,True,True,True,True,True
2017-02-20-B0374-S03-E02-T02.c3d,atletas\B0374\2017-02-20-B0374-S03\2017-02-20-B0374-S03-E02-T02.c3d,B0374,S03,E02,T02,250.0,mm,deg,N,Nmm,W,195,1692,6.768,74,Tarcza|B0374,Tarcza|B0374,4,0,True,True,True,True,True,True,True
2017-02-20-B0374-S03-E03-T01.c3d,atletas\B0374\2017-02-20-B0374-S03\2017-02-20-B0374-S03-E03-T01.c3d,B0374,S03,E03,T01,250.0,mm,deg,N,Nmm,W,382,2007,8.028,25,B0376|B0374,B0376|B0374,0,0,True,True,True,True,True,True,True
2017-02-20-B0374-S03-E03-T02.c3d,atletas\B0374\2017-02-20-B0374-S03\2017-02-20-B0374-S03-E03-T02.c3d,B0374,S03,E03,T02,250.0,mm,deg,N,Nmm,W,382,1941,7.764,25,B0376|B0374,B0376|B0374,0,0,True,True,True,True,True,True,True
2017-02-20-B0374-S03-E04-T01.c3d,atletas\B0374\2017-02-20-B0374-S03\2017-02-20-B0374-S03-E04-T01.c3d,B0374,S03,E04,T01,250.0,mm,deg,N,Nmm,W,382,2433,9.732,25,B0375|B0374,B0375|B0374,0,0,True,True,True,True,True,True,True
2017-02-20-B0374-S03-E04-T02.c3d,atletas\B0374\2017-02-20-B0374-S03\2017-02-20-B0374-S03-E04-T02.c3d,B0374,S03,E04,T02,250.0,mm,deg,N,Nmm,W,382,2404,9.616,25,B0375|B0374,B0375|B0374,0,0,True,True,True,True,True,True,True
2017-02-20-B0374-S04-E01-T01.c3d,atletas\B0374\2017-02-20-B0374-S04\2017-02-20-B0374-S04-E01-T01.c3d,B0374,S04,E01,T01,250.0,mm,deg,N,Nmm,W,191,1528,6.112,74,B0374,B0374,0,0,True,True,True,True,True,True,True
2017-02-20-B0374-S04-E01-T02.c3d,atletas\B0374\2017-02-20-B0374-S04\2017-02-20-B0374-S04-E01-T02.c3d,B0374,S04,E01,T02,250.0,mm,deg,N,Nmm,W,191,1559,6.236,74,B0374,B0374,0,0,True,True,True,True,True,True,True
2017-02-20-B0374-S04-E02-T01.c3d,atletas\B0374\2017-02-20-B0374-S04\2017-02-20-B0374-S04-E02-T01.c3d,B0374,S04,E02,T01,250.0,mm,deg,N,Nmm,W,195,1796,7.184,74,Tarcza|B0374,Tarcza|B0374,4,0,True,True,True,True,True,True,True
2017-02-20-B0374-S04-E02-T02.c3d,atletas\B0374\2017-02-20-B0374-S04\2017-02-20-B0374-S04-E02-T02.c3d,B0374,S04,E02,T02,250.0,mm,deg,N,Nmm,W,195,1712,6.848,74,Tarcza|B0374,Tarcza|B0374,4,0,True,True,True,True,True,True,True
2017-02-20-B0374-S04-E03-T01.c3d,atletas\B0374\2017-02-20-B0374-S04\2017-02-20-B0374-S04-E03-T01.c3d,B0374,S04,E03,T01,250.0,mm,deg,N,Nmm,W,382,1880,7.52,25,B0376|B0374,B0376|B0374,0,0,True,True,True,True,True,True,True
2017-02-20-B0374-S04-E03-T02.c3d,atletas\B0374\2017-02-20-B0374-S04\2017-02-20-B0374-S04-E03-T02.c3d,B0374,S04,E03,T02,250.0,mm,deg,N,Nmm,W,382,1760,7.04,25,B0376|B0374,B0376|B0374,0,0,True,True,True,True,True,True,True
2017-02-20-B0374-S04-E04-T01.c3d,atletas\B0374\2017-02-20-B0374-S04\2017-02-20-B0374-S04-E04-T01.c3d,B0374,S04,E04,T01,250.0,mm,deg,N,Nmm,W,382,1968,7.872,25,B0375|B0374,B0375|B0374,0,0,True,True,True,True,True,True,True
2017-02-20-B0374-S04-E04-T02.c3d,atletas\B0374\2017-02-20-B0374-S04\2017-02-20-B0374-S04-E04-T02.c3d,B0374,S04,E04,T02,250.0,mm,deg,N,Nmm,W,382,2059,8.236,25,B0375|B0374,B0375|B0374,0,0,True,True,True,True,True,True,True
2017-02-20-B0374-S05-E01-T01.c3d,atletas\B0374\2017-02-20-B0374-S05\2017-02-20-B0374-S05-E01-T01.c3d,B0374,S05,E01,T01,250.0,mm,deg,N,Nmm,W,191,3440,13.76,74,B0374,B0374,0,0,True,True,True,True,True,True,True
2017-02-20-B0374-S05-E01-T02.c3d,atletas\B0374\2017-02-20-B0374-S05\2017-02-20-B0374-S05-E01-T02.c3d,B0374,S05,E01,T02,250.0,mm,deg,N,Nmm,W,191,3104,12.416,74,B0374,B0374,0,0,True,True,True,True,True,True,True
2017-02-20-B0374-S05-E02-T01.c3d,atletas\B0374\2017-02-20-B0374-S05\2017-02-20-B0374-S05-E02-T01.c3d,B0374,S05,E02,T01,250.0,mm,deg,N,Nmm,W,195,3001,12.004,74,Tarcza|B0374,Tarcza|B0374,4,0,True,True,True,True,True,True,True
2017-02-20-B0374-S05-E02-T02.c3d,atletas\B0374\2017-02-20-B0374-S05\2017-02-20-B0374-S05-E02-T02.c3d,B0374,S05,E02,T02,250.0,mm,deg,N,Nmm,W,195,3252,13.008,74,Tarcza|B0374,Tarcza|B0374,4,0,True,True,True,True,True,True,True
2017-02-20-B0374-S05-E03-T01.c3d,atletas\B0374\2017-02-20-B0374-S05\2017-02-20-B0374-S05-E03-T01.c3d,B0374,S05,E03,T01,250.0,mm,deg,N,Nmm,W,382,2741,10.964,25,B0376|B0374,B0376|B0374,0,0,True,True,True,True,True,True,True
2017-02-20-B0374-S05-E03-T02.c3d,atletas\B0374\2017-02-20-B0374-S05\2017-02-20-B0374-S05-E03-T02.c3d,B0374,S05,E03,T02,250.0,mm,deg,N,Nmm,W,382,2413,9.652,25,B0376|B0374,B0376|B0374,0,0,True,True,True,True,True,True,True
2017-02-20-B0374-S05-E04-T01.c3d,atletas\B0374\2017-02-20-B0374-S05\2017-02-20-B0374-S05-E04-T01.c3d,B0374,S05,E04,T01,250.0,mm,deg,N,Nmm,W,382,2667,10.668,25,B0375|B0374,B0375|B0374,0,0,True,True,True,True,True,True,True
2017-02-20-B0374-S05-E04-T02.c3d,atletas\B0374\2017-02-20-B0374-S05\2017-02-20-B0374-S05-E04-T02.c3d,B0374,S05,E04,T02,250.0,mm,deg,N,Nmm,W,382,2647,10.588,25,B0375|B0374,B0375|B0374,0,0,True,True,True,True,True,True,True
2017-02-20-B0375-S01-E01-T01.c3d,atletas\B0375\2017-02-20-B0375-S01\2017-02-20-B0375-S01-E01-T01.c3d,B0375,S01,E01,T01,250.0,mm,deg,N,Nmm,W,191,1792,7.168,74,B0375,B0375,0,0,True,True,True,True,True,True,True
2017-02-20-B0375-S01-E01-T02.c3d,atletas\B0375\2017-02-20-B0375-S01\2017-02-20-B0375-S01-E01-T02.c3d,B0375,S01,E01,T02,250.0,mm,deg,N,Nmm,W,191,1649,6.596,74,B0375,B0375,0,0,True,True,True,True,True,True,True
2017-02-20-B0375-S01-E02-T01.c3d,atletas\B0375\2017-02-20-B0375-S01\2017-02-20-B0375-S01-E02-T01.c3d,B0375,S01,E02,T01,250.0,mm,deg,N,Nmm,W,195,1630,6.52,74,Tarcza|B0375,Tarcza|B0375,4,0,True,True,True,True,True,True,True
2017-02-20-B0375-S01-E02-T02.c3d,atletas\B0375\2017-02-20-B0375-S01\2017-02-20-B0375-S01-E02-T02.c3d,B0375,S01,E02,T02,250.0,mm,deg,N,Nmm,W,195,1564,6.256,74,Tarcza|B0375,Tarcza|B0375,4,0,True,True,True,True,True,True,True
2017-02-20-B0375-S01-E03-T01.c3d,atletas\B0375\2017-02-20-B0375-S01\2017-02-20-B0375-S01-E03-T01.c3d,B0375,S01,E03,T01,250.0,mm,deg,N,Nmm,W,382,2228,8.912,25,B0375|B0374,B0375|B0374,0,0,True,True,True,True,True,True,True
2017-02-20-B0375-S01-E03-T02.c3d,atletas\B0375\2017-02-20-B0375-S01\2017-02-20-B0375-S01-E03-T02.c3d,B0375,S01,E03,T02,250.0,mm,deg,N,Nmm,W,382,1680,6.72,25,B0375|B0374,B0375|B0374,0,0,True,True,True,True,True,True,True
2017-02-20-B0375-S01-E04-T01.c3d,atletas\B0375\2017-02-20-B0375-S01\2017-02-20-B0375-S01-E04-T01.c3d,B0375,S01,E04,T01,250.0,mm,deg,N,Nmm,W,382,3101,12.404,25,B0375|B0373,B0375|B0373,0,0,True,True,True,True,True,True,True
2017-02-20-B0375-S01-E04-T02.c3d,atletas\B0375\2017-02-20-B0375-S01\2017-02-20-B0375-S01-E04-T02.c3d,B0375,S01,E04,T02,250.0,mm,deg,N,Nmm,W,382,2265,9.06,25,B0375|B0373,B0375|B0373,0,0,True,True,True,True,True,True,True
2017-02-20-B0375-S02-E01-T01.c3d,atletas\B0375\2017-02-20-B0375-S02\2017-02-20-B0375-S02-E01-T01.c3d,B0375,S02,E01,T01,250.0,mm,deg,N,Nmm,W,191,2334,9.336,74,B0375,B0375,0,0,True,True,True,True,True,True,True
2017-02-20-B0375-S02-E01-T02.c3d,atletas\B0375\2017-02-20-B0375-S02\2017-02-20-B0375-S02-E01-T02.c3d,B0375,S02,E01,T02,250.0,mm,deg,N,Nmm,W,191,2266,9.064,74,B0375,B0375,0,0,True,True,True,True,True,True,True
2017-02-20-B0375-S02-E02-T01.c3d,atletas\B0375\2017-02-20-B0375-S02\2017-02-20-B0375-S02-E02-T01.c3d,B0375,S02,E02,T01,250.0,mm,deg,N,Nmm,W,195,1778,7.112,74,Tarcza|B0375,Tarcza|B0375,4,0,True,True,True,True,True,True,True
2017-02-20-B0375-S02-E02-T02.c3d,atletas\B0375\2017-02-20-B0375-S02\2017-02-20-B0375-S02-E02-T02.c3d,B0375,S02,E02,T02,250.0,mm,deg,N,Nmm,W,195,1630,6.52,74,Tarcza|B0375,Tarcza|B0375,4,0,True,True,True,True,True,True,True
2017-02-20-B0375-S02-E03-T01.c3d,atletas\B0375\2017-02-20-B0375-S02\2017-02-20-B0375-S02-E03-T01.c3d,B0375,S02,E03,T01,250.0,mm,deg,N,Nmm,W,382,1861,7.444,25,B0375|B0374,B0375|B0374,0,0,True,True,True,True,True,True,True
2017-02-20-B0375-S02-E03-T02.c3d,atletas\B0375\2017-02-20-B0375-S02\2017-02-20-B0375-S02-E03-T02.c3d,B0375,S02,E03,T02,250.0,mm,deg,N,Nmm,W,382,1953,7.812,25,B0375|B0374,B0375|B0374,0,0,True,True,True,True,True,True,True
2017-02-20-B0375-S02-E04-T01.c3d,atletas\B0375\2017-02-20-B0375-S02\2017-02-20-B0375-S02-E04-T01.c3d,B0375,S02,E04,T01,250.0,mm,deg,N,Nmm,W,382,2682,10.728,25,B0375|B0373,B0375|B0373,0,0,True,True,True,True,True,True,True
2017-02-20-B0375-S02-E04-T02.c3d,atletas\B0375\2017-02-20-B0375-S02\2017-02-20-B0375-S02-E04-T02.c3d,B0375,S02,E04,T02,250.0,mm,deg,N,Nmm,W,382,2552,10.208,25,B0375|B0373,B0375|B0373,0,0,True,True,True,True,True,True,True
2017-02-20-B0375-S03-E01-T01.c3d,atletas\B0375\2017-02-20-B0375-S03\2017-02-20-B0375-S03-E01-T01.c3d,B0375,S03,E01,T01,250.0,mm,deg,N,Nmm,W,191,1931,7.724,74,B0375,B0375,0,0,True,True,True,True,True,True,True
2017-02-20-B0375-S03-E01-T02.c3d,atletas\B0375\2017-02-20-B0375-S03\2017-02-20-B0375-S03-E01-T02.c3d,B0375,S03,E01,T02,250.0,mm,deg,N,Nmm,W,191,1915,7.66,74,B0375,B0375,0,0,True,True,True,True,True,True,True
2017-02-20-B0375-S03-E02-T01.c3d,atletas\B0375\2017-02-20-B0375-S03\2017-02-20-B0375-S03-E02-T01.c3d,B0375,S03,E02,T01,250.0,mm,deg,N,Nmm,W,195,2098,8.392,74,Tarcza|B0375,Tarcza|B0375,4,0,True,True,True,True,True,True,True
2017-02-20-B0375-S03-E02-T02.c3d,atletas\B0375\2017-02-20-B0375-S03\2017-02-20-B0375-S03-E02-T02.c3d,B0375,S03,E02,T02,250.0,mm,deg,N,Nmm,W,195,1770,7.08,74,Tarcza|B0375,Tarcza|B0375,4,0,True,True,True,True,True,True,True
2017-02-20-B0375-S03-E03-T01.c3d,atletas\B0375\2017-02-20-B0375-S03\2017-02-20-B0375-S03-E03-T01.c3d,B0375,S03,E03,T01,250.0,mm,deg,N,Nmm,W,382,2433,9.732,25,B0375|B0374,B0375|B0374,0,0,True,True,True,True,True,True,True
2017-02-20-B0375-S03-E03-T02.c3d,atletas\B0375\2017-02-20-B0375-S03\2017-02-20-B0375-S03-E03-T02.c3d,B0375,S03,E03,T02,250.0,mm,deg,N,Nmm,W,382,2404,9.616,25,B0375|B0374,B0375|B0374,0,0,True,True,True,True,True,True,True
2017-02-20-B0375-S03-E04-T01.c3d,atletas\B0375\2017-02-20-B0375-S03\2017-02-20-B0375-S03-E04-T01.c3d,B0375,S03,E04,T01,250.0,mm,deg,N,Nmm,W,382,2248,8.992,25,B0375|B0373,B0375|B0373,0,0,True,True,True,True,True,True,True
2017-02-20-B0375-S03-E04-T02.c3d,atletas\B0375\2017-02-20-B0375-S03\2017-02-20-B0375-S03-E04-T02.c3d,B0375,S03,E04,T02,250.0,mm,deg,N,Nmm,W,382,2368,9.472,25,B0375|B0373,B0375|B0373,0,0,True,True,True,True,True,True,True
2017-02-20-B0375-S04-E01-T01.c3d,atletas\B0375\2017-02-20-B0375-S04\2017-02-20-B0375-S04-E01-T01.c3d,B0375,S04,E01,T01,250.0,mm,deg,N,Nmm,W,191,2134,8.536,74,B0375,B0375,0,0,True,True,True,True,True,True,True
2017-02-20-B0375-S04-E01-T02.c3d,atletas\B0375\2017-02-20-B0375-S04\2017-02-20-B0375-S04-E01-T02.c3d,B0375,S04,E01,T02,250.0,mm,deg,N,Nmm,W,191,2064,8.256,74,B0375,B0375,0,0,True,True,True,True,True,True,True
2017-02-20-B0375-S04-E02-T01.c3d,atletas\B0375\2017-02-20-B0375-S04\2017-02-20-B0375-S04-E02-T01.c3d,B0375,S04,E02,T01,250.0,mm,deg,N,Nmm,W,195,1805,7.22,74,Tarcza|B0375,Tarcza|B0375,4,0,True,True,True,True,True,True,True
2017-02-20-B0375-S04-E02-T02.c3d,atletas\B0375\2017-02-20-B0375-S04\2017-02-20-B0375-S04-E02-T02.c3d,B0375,S04,E02,T02,250.0,mm,deg,N,Nmm,W,195,1742,6.968,74,Tarcza|B0375,Tarcza|B0375,4,0,True,True,True,True,True,True,True
2017-02-20-B0375-S04-E03-T01.c3d,atletas\B0375\2017-02-20-B0375-S04\2017-02-20-B0375-S04-E03-T01.c3d,B0375,S04,E03,T01,250.0,mm,deg,N,Nmm,W,382,1968,7.872,25,B0375|B0374,B0375|B0374,0,0,True,True,True,True,True,True,True
2017-02-20-B0375-S04-E03-T02.c3d,atletas\B0375\2017-02-20-B0375-S04\2017-02-20-B0375-S04-E03-T02.c3d,B0375,S04,E03,T02,250.0,mm,deg,N,Nmm,W,382,2059,8.236,25,B0375|B0374,B0375|B0374,0,0,True,True,True,True,True,True,True
2017-02-20-B0375-S04-E04-T01.c3d,atletas\B0375\2017-02-20-B0375-S04\2017-02-20-B0375-S04-E04-T01.c3d,B0375,S04,E04,T01,250.0,mm,deg,N,Nmm,W,382,2392,9.568,25,B0375|B0373,B0375|B0373,0,0,True,True,True,True,True,True,True
2017-02-20-B0375-S04-E04-T02.c3d,atletas\B0375\2017-02-20-B0375-S04\2017-02-20-B0375-S04-E04-T02.c3d,B0375,S04,E04,T02,250.0,mm,deg,N,Nmm,W,382,2532,10.128,25,B0375|B0373,B0375|B0373,0,0,True,True,True,True,True,True,True
2017-02-20-B0375-S05-E01-T01.c3d,atletas\B0375\2017-02-20-B0375-S05\2017-02-20-B0375-S05-E01-T01.c3d,B0375,S05,E01,T01,250.0,mm,deg,N,Nmm,W,191,2985,11.94,74,B0375,B0375,0,0,True,True,True,True,True,True,True
2017-02-20-B0375-S05-E01-T02.c3d,atletas\B0375\2017-02-20-B0375-S05\2017-02-20-B0375-S05-E01-T02.c3d,B0375,S05,E01,T02,250.0,mm,deg,N,Nmm,W,191,3112,12.448,74,B0375,B0375,0,0,True,True,True,True,True,True,True
2017-02-20-B0375-S05-E02-T01.c3d,atletas\B0375\2017-02-20-B0375-S05\2017-02-20-B0375-S05-E02-T01.c3d,B0375,S05,E02,T01,250.0,mm,deg,N,Nmm,W,195,2941,11.764,74,Tarcza|B0375,Tarcza|B0375,4,0,True,True,True,True,True,True,True
2017-02-20-B0375-S05-E02-T02.c3d,atletas\B0375\2017-02-20-B0375-S05\2017-02-20-B0375-S05-E02-T02.c3d,B0375,S05,E02,T02,250.0,mm,deg,N,Nmm,W,195,2815,11.26,74,Tarcza|B0375,Tarcza|B0375,4,0,True,True,True,True,True,True,True
2017-02-20-B0375-S05-E03-T01.c3d,atletas\B0375\2017-02-20-B0375-S05\2017-02-20-B0375-S05-E03-T01.c3d,B0375,S05,E03,T01,250.0,mm,deg,N,Nmm,W,382,2667,10.668,25,B0375|B0374,B0375|B0374,0,0,True,True,True,True,True,True,True
2017-02-20-B0375-S05-E03-T02.c3d,atletas\B0375\2017-02-20-B0375-S05\2017-02-20-B0375-S05-E03-T02.c3d,B0375,S05,E03,T02,250.0,mm,deg,N,Nmm,W,382,2647,10.588,25,B0375|B0374,B0375|B0374,0,0,True,True,True,True,True,True,True
2017-02-20-B0375-S05-E04-T01.c3d,atletas\B0375\2017-02-20-B0375-S05\2017-02-20-B0375-S05-E04-T01.c3d,B0375,S05,E04,T01,250.0,mm,deg,N,Nmm,W,382,3183,12.732,25,B0375|B0373,B0375|B0373,0,0,True,True,True,True,True,True,True
2017-02-20-B0375-S05-E04-T02.c3d,atletas\B0375\2017-02-20-B0375-S05\2017-02-20-B0375-S05-E04-T02.c3d,B0375,S05,E04,T02,250.0,mm,deg,N,Nmm,W,382,2777,11.108,25,B0375|B0373,B0375|B0373,0,0,True,True,True,True,True,True,True
2017-02-20-B0376-S01-E01-T01.c3d,atletas\B0376\2017-02-20-B0376-S01\2017-02-20-B0376-S01-E01-T01.c3d,B0376,S01,E01,T01,250.0,mm,deg,N,Nmm,W,191,1950,7.8,74,B0376,B0376,0,0,True,True,True,True,True,True,True
2017-02-20-B0376-S01-E01-T02.c3d,atletas\B0376\2017-02-20-B0376-S01\2017-02-20-B0376-S01-E01-T02.c3d,B0376,S01,E01,T02,250.0,mm,deg,N,Nmm,W,191,1681,6.724,74,B0376,B0376,0,0,True,True,True,True,True,True,True
2017-02-20-B0376-S01-E02-T01.c3d,atletas\B0376\2017-02-20-B0376-S01\2017-02-20-B0376-S01-E02-T01.c3d,B0376,S01,E02,T01,250.0,mm,deg,N,Nmm,W,195,1804,7.216,74,Tarcza|B0376,Tarcza|B0376,4,0,True,True,True,True,True,True,True
2017-02-20-B0376-S01-E02-T02.c3d,atletas\B0376\2017-02-20-B0376-S01\2017-02-20-B0376-S01-E02-T02.c3d,B0376,S01,E02,T02,250.0,mm,deg,N,Nmm,W,195,1814,7.256,74,Tarcza|B0376,Tarcza|B0376,4,0,True,True,True,True,True,True,True
2017-02-20-B0376-S01-E03-T01.c3d,atletas\B0376\2017-02-20-B0376-S01\2017-02-20-B0376-S01-E03-T01.c3d,B0376,S01,E03,T01,250.0,mm,deg,N,Nmm,W,382,2304,9.216,25,B0377|B0376,B0377|B0376,0,0,True,True,True,True,True,True,True
2017-02-20-B0376-S01-E03-T02.c3d,atletas\B0376\2017-02-20-B0376-S01\2017-02-20-B0376-S01-E03-T02.c3d,B0376,S01,E03,T02,250.0,mm,deg,N,Nmm,W,382,1857,7.428,25,B0377|B0376,B0377|B0376,0,0,True,True,True,True,True,True,True
2017-02-20-B0376-S01-E04-T01.c3d,atletas\B0376\2017-02-20-B0376-S01\2017-02-20-B0376-S01-E04-T01.c3d,B0376,S01,E04,T01,250.0,mm,deg,N,Nmm,W,382,1972,7.888,25,B0376|B0374,B0376|B0374,0,0,True,True,True,True,True,True,True
2017-02-20-B0376-S01-E04-T02.c3d,atletas\B0376\2017-02-20-B0376-S01\2017-02-20-B0376-S01-E04-T02.c3d,B0376,S01,E04,T02,250.0,mm,deg,N,Nmm,W,382,1811,7.244,25,B0376|B0374,B0376|B0374,0,0,True,True,True,True,True,True,True
2017-02-20-B0376-S02-E01-T01.c3d,atletas\B0376\2017-02-20-B0376-S02\2017-02-20-B0376-S02-E01-T01.c3d,B0376,S02,E01,T01,250.0,mm,deg,N,Nmm,W,191,2064,8.256,74,B0376,B0376,0,0,True,True,True,True,True,True,True
2017-02-20-B0376-S02-E01-T02.c3d,atletas\B0376\2017-02-20-B0376-S02\2017-02-20-B0376-S02-E01-T02.c3d,B0376,S02,E01,T02,250.0,mm,deg,N,Nmm,W,191,1732,6.928,74,B0376,B0376,0,0,True,True,True,True,True,True,True
2017-02-20-B0376-S02-E02-T01.c3d,atletas\B0376\2017-02-20-B0376-S02\2017-02-20-B0376-S02-E02-T01.c3d,B0376,S02,E02,T01,250.0,mm,deg,N,Nmm,W,195,1947,7.788,74,Tarcza|B0376,Tarcza|B0376,4,0,True,True,True,True,True,True,True
2017-02-20-B0376-S02-E02-T02.c3d,atletas\B0376\2017-02-20-B0376-S02\2017-02-20-B0376-S02-E02-T02.c3d,B0376,S02,E02,T02,250.0,mm,deg,N,Nmm,W,195,1801,7.204,74,Tarcza|B0376,Tarcza|B0376,4,0,True,True,True,True,True,True,True
2017-02-20-B0376-S02-E03-T01.c3d,atletas\B0376\2017-02-20-B0376-S02\2017-02-20-B0376-S02-E03-T01.c3d,B0376,S02,E03,T01,250.0,mm,deg,N,Nmm,W,382,1876,7.504,25,B0377|B0376,B0377|B0376,0,0,True,True,True,True,True,True,True
2017-02-20-B0376-S02-E04-T01.c3d,atletas\B0376\2017-02-20-B0376-S02\2017-02-20-B0376-S02-E04-T01.c3d,B0376,S02,E04,T01,250.0,mm,deg,N,Nmm,W,382,1729,6.916,25,B0376|B0374,B0376|B0374,0,0,True,True,True,True,True,True,True
2017-02-20-B0376-S02-E04-T02.c3d,atletas\B0376\2017-02-20-B0376-S02\2017-02-20-B0376-S02-E04-T02.c3d,B0376,S02,E04,T02,250.0,mm,deg,N,Nmm,W,382,1420,5.68,25,B0376|B0374,B0376|B0374,0,0,True,True,True,True,True,True,True
2017-02-20-B0376-S03-E01-T01.c3d,atletas\B0376\2017-02-20-B0376-S03\2017-02-20-B0376-S03-E01-T01.c3d,B0376,S03,E01,T01,250.0,mm,deg,N,Nmm,W,191,2050,8.2,74,B0376,B0376,0,0,True,True,True,True,True,True,True
2017-02-20-B0376-S03-E01-T02.c3d,atletas\B0376\2017-02-20-B0376-S03\2017-02-20-B0376-S03-E01-T02.c3d,B0376,S03,E01,T02,250.0,mm,deg,N,Nmm,W,191,1864,7.456,74,B0376,B0376,0,0,True,True,True,True,True,True,True
2017-02-20-B0376-S03-E02-T01.c3d,atletas\B0376\2017-02-20-B0376-S03\2017-02-20-B0376-S03-E02-T01.c3d,B0376,S03,E02,T01,250.0,mm,deg,N,Nmm,W,195,1826,7.304,74,Tarcza|B0376,Tarcza|B0376,4,0,True,True,True,True,True,True,True
2017-02-20-B0376-S03-E02-T02.c3d,atletas\B0376\2017-02-20-B0376-S03\2017-02-20-B0376-S03-E02-T02.c3d,B0376,S03,E02,T02,250.0,mm,deg,N,Nmm,W,195,1818,7.272,74,Tarcza|B0376,Tarcza|B0376,4,0,True,True,True,True,True,True,True
2017-02-20-B0376-S03-E03-T01.c3d,atletas\B0376\2017-02-20-B0376-S03\2017-02-20-B0376-S03-E03-T01.c3d,B0376,S03,E03,T01,250.0,mm,deg,N,Nmm,W,382,3215,12.86,25,B0377|B0376,B0377|B0376,0,0,True,True,True,True,True,True,True
2017-02-20-B0376-S03-E03-T02.c3d,atletas\B0376\2017-02-20-B0376-S03\2017-02-20-B0376-S03-E03-T02.c3d,B0376,S03,E03,T02,250.0,mm,deg,N,Nmm,W,382,1732,6.928,25,B0377|B0376,B0377|B0376,0,0,True,True,True,True,True,True,True
2017-02-20-B0376-S03-E04-T01.c3d,atletas\B0376\2017-02-20-B0376-S03\2017-02-20-B0376-S03-E04-T01.c3d,B0376,S03,E04,T01,250.0,mm,deg,N,Nmm,W,382,2007,8.028,25,B0376|B0374,B0376|B0374,0,0,True,True,True,True,True,True,True
2017-02-20-B0376-S03-E04-T02.c3d,atletas\B0376\2017-02-20-B0376-S03\2017-02-20-B0376-S03-E04-T02.c3d,B0376,S03,E04,T02,250.0,mm,deg,N,Nmm,W,382,1941,7.764,25,B0376|B0374,B0376|B0374,0,0,True,True,True,True,True,True,True
2017-02-20-B0376-S04-E01-T01.c3d,atletas\B0376\2017-02-20-B0376-S04\2017-02-20-B0376-S04-E01-T01.c3d,B0376,S04,E01,T01,250.0,mm,deg,N,Nmm,W,191,2216,8.864,74,B0376,B0376,0,0,True,True,True,True,True,True,True
2017-02-20-B0376-S04-E01-T02.c3d,atletas\B0376\2017-02-20-B0376-S04\2017-02-20-B0376-S04-E01-T02.c3d,B0376,S04,E01,T02,250.0,mm,deg,N,Nmm,W,191,1866,7.464,74,B0376,B0376,0,0,True,True,True,True,True,True,True
2017-02-20-B0376-S04-E02-T01.c3d,atletas\B0376\2017-02-20-B0376-S04\2017-02-20-B0376-S04-E02-T01.c3d,B0376,S04,E02,T01,250.0,mm,deg,N,Nmm,W,195,2112,8.448,74,Tarcza|B0376,Tarcza|B0376,4,0,True,True,True,True,True,True,True
2017-02-20-B0376-S04-E02-T02.c3d,atletas\B0376\2017-02-20-B0376-S04\2017-02-20-B0376-S04-E02-T02.c3d,B0376,S04,E02,T02,250.0,mm,deg,N,Nmm,W,195,1858,7.432,74,Tarcza|B0376,Tarcza|B0376,4,0,True,True,True,True,True,True,True
2017-02-20-B0376-S04-E03-T01.c3d,atletas\B0376\2017-02-20-B0376-S04\2017-02-20-B0376-S04-E03-T01.c3d,B0376,S04,E03,T01,250.0,mm,deg,N,Nmm,W,382,1992,7.968,25,B0377|B0376,B0377|B0376,0,0,True,True,True,True,True,True,True
2017-02-20-B0376-S04-E03-T02.c3d,atletas\B0376\2017-02-20-B0376-S04\2017-02-20-B0376-S04-E03-T02.c3d,B0376,S04,E03,T02,250.0,mm,deg,N,Nmm,W,382,1808,7.232,25,B0377|B0376,B0377|B0376,0,0,True,True,True,True,True,True,True
2017-02-20-B0376-S04-E04-T01.c3d,atletas\B0376\2017-02-20-B0376-S04\2017-02-20-B0376-S04-E04-T01.c3d,B0376,S04,E04,T01,250.0,mm,deg,N,Nmm,W,382,1880,7.52,25,B0376|B0374,B0376|B0374,0,0,True,True,True,True,True,True,True
2017-02-20-B0376-S04-E04-T02.c3d,atletas\B0376\2017-02-20-B0376-S04\2017-02-20-B0376-S04-E04-T02.c3d,B0376,S04,E04,T02,250.0,mm,deg,N,Nmm,W,382,1760,7.04,25,B0376|B0374,B0376|B0374,0,0,True,True,True,True,True,True,True
2017-02-20-B0376-S05-E01-T01.c3d,atletas\B0376\2017-02-20-B0376-S05\2017-02-20-B0376-S05-E01-T01.c3d,B0376,S05,E01,T01,250.0,mm,deg,N,Nmm,W,191,2082,8.328,74,B0376,B0376,0,0,True,True,True,True,True,True,True
2017-02-20-B0376-S05-E01-T02.c3d,atletas\B0376\2017-02-20-B0376-S05\2017-02-20-B0376-S05-E01-T02.c3d,B0376,S05,E01,T02,250.0,mm,deg,N,Nmm,W,191,2044,8.176,74,B0376,B0376,0,0,True,True,True,True,True,True,True
2017-02-20-B0376-S05-E01-T03.c3d,atletas\B0376\2017-02-20-B0376-S05\2017-02-20-B0376-S05-E01-T03.c3d,B0376,S05,E01,T03,250.0,mm,deg,N,Nmm,W,191,2702,10.808,74,B0376,B0376,0,0,True,True,True,True,True,True,True
2017-02-20-B0376-S05-E02-T01.c3d,atletas\B0376\2017-02-20-B0376-S05\2017-02-20-B0376-S05-E02-T01.c3d,B0376,S05,E02,T01,250.0,mm,deg,N,Nmm,W,195,2408,9.632,74,Tarcza|B0376,Tarcza|B0376,4,0,True,True,True,True,True,True,True
2017-02-20-B0376-S05-E02-T02.c3d,atletas\B0376\2017-02-20-B0376-S05\2017-02-20-B0376-S05-E02-T02.c3d,B0376,S05,E02,T02,250.0,mm,deg,N,Nmm,W,195,2537,10.148,74,Tarcza|B0376,Tarcza|B0376,4,0,True,True,True,True,True,True,True
2017-02-20-B0376-S05-E03-T01.c3d,atletas\B0376\2017-02-20-B0376-S05\2017-02-20-B0376-S05-E03-T01.c3d,B0376,S05,E03,T01,250.0,mm,deg,N,Nmm,W,382,2856,11.424,25,B0377|B0376,B0377|B0376,0,0,True,True,True,True,True,True,True
2017-02-20-B0376-S05-E03-T02.c3d,atletas\B0376\2017-02-20-B0376-S05\2017-02-20-B0376-S05-E03-T02.c3d,B0376,S05,E03,T02,250.0,mm,deg,N,Nmm,W,382,2539,10.156,25,B0377|B0376,B0377|B0376,0,0,True,True,True,True,True,True,True
2017-02-20-B0376-S05-E04-T01.c3d,atletas\B0376\2017-02-20-B0376-S05\2017-02-20-B0376-S05-E04-T01.c3d,B0376,S05,E04,T01,250.0,mm,deg,N,Nmm,W,382,2741,10.964,25,B0376|B0374,B0376|B0374,0,0,True,True,True,True,True,True,True
2017-02-20-B0376-S05-E04-T02.c3d,atletas\B0376\2017-02-20-B0376-S05\2017-02-20-B0376-S05-E04-T02.c3d,B0376,S05,E04,T02,250.0,mm,deg,N,Nmm,W,382,2413,9.652,25,B0376|B0374,B0376|B0374,0,0,True,True,True,True,True,True,True
2017-02-20-B0377-S01-E01-T01.c3d,atletas\B0377\2017-02-20-B0377-S01\2017-02-20-B0377-S01-E01-T01.c3d,B0377,S01,E01,T01,250.0,mm,deg,N,Nmm,W,191,1835,7.34,74,B0377,B0377,0,0,True,True,True,True,True,True,True
2017-02-20-B0377-S01-E01-T02.c3d,atletas\B0377\2017-02-20-B0377-S01\2017-02-20-B0377-S01-E01-T02.c3d,B0377,S01,E01,T02,250.0,mm,deg,N,Nmm,W,191,1809,7.236,74,B0377,B0377,0,0,True,True,True,True,True,True,True
2017-02-20-B0377-S01-E02-T01.c3d,atletas\B0377\2017-02-20-B0377-S01\2017-02-20-B0377-S01-E02-T01.c3d,B0377,S01,E02,T01,250.0,mm,deg,N,Nmm,W,195,1941,7.764,74,Tarcza|B0377,Tarcza|B0377,4,0,True,True,True,True,True,True,True
2017-02-20-B0377-S01-E02-T02.c3d,atletas\B0377\2017-02-20-B0377-S01\2017-02-20-B0377-S01-E02-T02.c3d,B0377,S01,E02,T02,250.0,mm,deg,N,Nmm,W,195,2029,8.116,74,Tarcza|B0377,Tarcza|B0377,4,0,True,True,True,True,True,True,True
2017-02-20-B0377-S01-E03-T01.c3d,atletas\B0377\2017-02-20-B0377-S01\2017-02-20-B0377-S01-E03-T01.c3d,B0377,S01,E03,T01,250.0,mm,deg,N,Nmm,W,382,2380,9.52,25,B0378|B0377,B0378|B0377,0,0,True,True,True,True,True,True,True
2017-02-20-B0377-S01-E03-T02.c3d,atletas\B0377\2017-02-20-B0377-S01\2017-02-20-B0377-S01-E03-T02.c3d,B0377,S01,E03,T02,250.0,mm,deg,N,Nmm,W,382,2132,8.528,25,B0378|B0377,B0378|B0377,0,0,True,True,True,True,True,True,True
2017-02-20-B0377-S01-E04-T01.c3d,atletas\B0377\2017-02-20-B0377-S01\2017-02-20-B0377-S01-E04-T01.c3d,B0377,S01,E04,T01,250.0,mm,deg,N,Nmm,W,382,2304,9.216,25,B0377|B0376,B0377|B0376,0,0,True,True,True,True,True,True,True
2017-02-20-B0377-S01-E04-T02.c3d,atletas\B0377\2017-02-20-B0377-S01\2017-02-20-B0377-S01-E04-T02.c3d,B0377,S01,E04,T02,250.0,mm,deg,N,Nmm,W,382,1857,7.428,25,B0377|B0376,B0377|B0376,0,0,True,True,True,True,True,True,True
2017-02-20-B0377-S02-E01-T01.c3d,atletas\B0377\2017-02-20-B0377-S02\2017-02-20-B0377-S02-E01-T01.c3d,B0377,S02,E01,T01,250.0,mm,deg,N,Nmm,W,191,1920,7.68,74,B0377,B0377,0,0,True,True,True,True,True,True,True
2017-02-20-B0377-S02-E01-T02.c3d,atletas\B0377\2017-02-20-B0377-S02\2017-02-20-B0377-S02-E01-T02.c3d,B0377,S02,E01,T02,250.0,mm,deg,N,Nmm,W,191,1812,7.248,74,B0377,B0377,0,0,True,True,True,True,True,True,True
2017-02-20-B0377-S02-E02-T01.c3d,atletas\B0377\2017-02-20-B0377-S02\2017-02-20-B0377-S02-E02-T01.c3d,B0377,S02,E02,T01,250.0,mm,deg,N,Nmm,W,195,1896,7.584,74,Tarcza|B0377,Tarcza|B0377,4,0,True,True,True,True,True,True,True
2017-02-20-B0377-S02-E02-T02.c3d,atletas\B0377\2017-02-20-B0377-S02\2017-02-20-B0377-S02-E02-T02.c3d,B0377,S02,E02,T02,250.0,mm,deg,N,Nmm,W,195,1585,6.34,74,Tarcza|B0377,Tarcza|B0377,4,0,True,True,True,True,True,True,True
2017-02-20-B0377-S02-E03-T01.c3d,atletas\B0377\2017-02-20-B0377-S02\2017-02-20-B0377-S02-E03-T01.c3d,B0377,S02,E03,T01,250.0,mm,deg,N,Nmm,W,382,2308,9.232,25,B0378|B0377,B0378|B0377,0,0,True,True,True,True,True,True,True
2017-02-20-B0377-S02-E03-T02.c3d,atletas\B0377\2017-02-20-B0377-S02\2017-02-20-B0377-S02-E03-T02.c3d,B0377,S02,E03,T02,250.0,mm,deg,N,Nmm,W,382,1872,7.488,25,B0378|B0377,B0378|B0377,0,0,True,True,True,True,True,True,True
2017-02-20-B0377-S02-E04-T01.c3d,atletas\B0377\2017-02-20-B0377-S02\2017-02-20-B0377-S02-E04-T01.c3d,B0377,S02,E04,T01,250.0,mm,deg,N,Nmm,W,382,1876,7.504,25,B0377|B0376,B0377|B0376,0,0,True,True,True,True,True,True,True
2017-02-20-B0377-S03-E01-T01.c3d,atletas\B0377\2017-02-20-B0377-S03\2017-02-20-B0377-S03-E01-T01.c3d,B0377,S03,E01,T01,250.0,mm,deg,N,Nmm,W,191,1805,7.22,74,B0377,B0377,0,0,True,True,True,True,True,True,True
2017-02-20-B0377-S03-E01-T02.c3d,atletas\B0377\2017-02-20-B0377-S03\2017-02-20-B0377-S03-E01-T02.c3d,B0377,S03,E01,T02,250.0,mm,deg,N,Nmm,W,191,1869,7.476,74,B0377,B0377,0,0,True,True,True,True,True,True,True
2017-02-20-B0377-S03-E02-T01.c3d,atletas\B0377\2017-02-20-B0377-S03\2017-02-20-B0377-S03-E02-T01.c3d,B0377,S03,E02,T01,250.0,mm,deg,N,Nmm,W,195,1846,7.384,74,Tarcza|B0377,Tarcza|B0377,4,0,True,True,True,True,True,True,True
2017-02-20-B0377-S03-E02-T02.c3d,atletas\B0377\2017-02-20-B0377-S03\2017-02-20-B0377-S03-E02-T02.c3d,B0377,S03,E02,T02,250.0,mm,deg,N,Nmm,W,195,1643,6.572,74,Tarcza|B0377,Tarcza|B0377,4,0,True,True,True,True,True,True,True
2017-02-20-B0377-S03-E03-T01.c3d,atletas\B0377\2017-02-20-B0377-S03\2017-02-20-B0377-S03-E03-T01.c3d,B0377,S03,E03,T01,250.0,mm,deg,N,Nmm,W,382,2679,10.716,25,B0378|B0377,B0378|B0377,0,0,True,True,True,True,True,True,True
2017-02-20-B0377-S03-E03-T02.c3d,atletas\B0377\2017-02-20-B0377-S03\2017-02-20-B0377-S03-E03-T02.c3d,B0377,S03,E03,T02,250.0,mm,deg,N,Nmm,W,382,2260,9.04,25,B0378|B0377,B0378|B0377,0,0,True,True,True,True,True,True,True
2017-02-20-B0377-S03-E04-T01.c3d,atletas\B0377\2017-02-20-B0377-S03\2017-02-20-B0377-S03-E04-T01.c3d,B0377,S03,E04,T01,250.0,mm,deg,N,Nmm,W,382,3215,12.86,25,B0377|B0376,B0377|B0376,0,0,True,True,True,True,True,True,True
2017-02-20-B0377-S03-E04-T02.c3d,atletas\B0377\2017-02-20-B0377-S03\2017-02-20-B0377-S03-E04-T02.c3d,B0377,S03,E04,T02,250.0,mm,deg,N,Nmm,W,382,1732,6.928,25,B0377|B0376,B0377|B0376,0,0,True,True,True,True,True,True,True
2017-02-20-B0377-S04-E01-T01.c3d,atletas\B0377\2017-02-20-B0377-S04\2017-02-20-B0377-S04-E01-T01.c3d,B0377,S04,E01,T01,250.0,mm,deg,N,Nmm,W,191,1916,7.664,74,B0377,B0377,0,0,True,True,True,True,True,True,True
2017-02-20-B0377-S04-E01-T02.c3d,atletas\B0377\2017-02-20-B0377-S04\2017-02-20-B0377-S04-E01-T02.c3d,B0377,S04,E01,T02,250.0,mm,deg,N,Nmm,W,191,1872,7.488,74,B0377,B0377,0,0,True,True,True,True,True,True,True
2017-02-20-B0377-S04-E02-T01.c3d,atletas\B0377\2017-02-20-B0377-S04\2017-02-20-B0377-S04-E02-T01.c3d,B0377,S04,E02,T01,250.0,mm,deg,N,Nmm,W,195,1880,7.52,74,Tarcza|B0377,Tarcza|B0377,4,0,True,True,True,True,True,True,True
2017-02-20-B0377-S04-E02-T02.c3d,atletas\B0377\2017-02-20-B0377-S04\2017-02-20-B0377-S04-E02-T02.c3d,B0377,S04,E02,T02,250.0,mm,deg,N,Nmm,W,119,1745,6.98,74,Tarcza|B0377,Tarcza|B0377,4,0,True,True,True,True,True,True,True
2017-02-20-B0377-S04-E03-T01.c3d,atletas\B0377\2017-02-20-B0377-S04\2017-02-20-B0377-S04-E03-T01.c3d,B0377,S04,E03,T01,250.0,mm,deg,N,Nmm,W,382,2269,9.076,25,B0378|B0377,B0378|B0377,0,0,True,True,True,True,True,True,True
2017-02-20-B0377-S04-E03-T02.c3d,atletas\B0377\2017-02-20-B0377-S04\2017-02-20-B0377-S04-E03-T02.c3d,B0377,S04,E03,T02,250.0,mm,deg,N,Nmm,W,382,2160,8.64,25,B0378|B0377,B0378|B0377,0,0,True,True,True,True,True,True,True
2017-02-20-B0377-S04-E04-T01.c3d,atletas\B0377\2017-02-20-B0377-S04\2017-02-20-B0377-S04-E04-T01.c3d,B0377,S04,E04,T01,250.0,mm,deg,N,Nmm,W,382,1992,7.968,25,B0377|B0376,B0377|B0376,0,0,True,True,True,True,True,True,True
2017-02-20-B0377-S04-E04-T02.c3d,atletas\B0377\2017-02-20-B0377-S04\2017-02-20-B0377-S04-E04-T02.c3d,B0377,S04,E04,T02,250.0,mm,deg,N,Nmm,W,382,1808,7.232,25,B0377|B0376,B0377|B0376,0,0,True,True,True,True,True,True,True
2017-02-20-B0377-S05-E01-T01.c3d,atletas\B0377\2017-02-20-B0377-S05\2017-02-20-B0377-S05-E01-T01.c3d,B0377,S05,E01,T01,250.0,mm,deg,N,Nmm,W,191,2636,10.544,74,B0377,B0377,0,0,True,True,True,True,True,True,True
2017-02-20-B0377-S05-E01-T02.c3d,atletas\B0377\2017-02-20-B0377-S05\2017-02-20-B0377-S05-E01-T02.c3d,B0377,S05,E01,T02,250.0,mm,deg,N,Nmm,W,191,2262,9.048,74,B0377,B0377,0,0,True,True,True,True,True,True,True
2017-02-20-B0377-S05-E02-T01.c3d,atletas\B0377\2017-02-20-B0377-S05\2017-02-20-B0377-S05-E02-T01.c3d,B0377,S05,E02,T01,250.0,mm,deg,N,Nmm,W,195,2387,9.548,74,Tarcza|B0377,Tarcza|B0377,4,0,True,True,True,True,True,True,True
2017-02-20-B0377-S05-E02-T02.c3d,atletas\B0377\2017-02-20-B0377-S05\2017-02-20-B0377-S05-E02-T02.c3d,B0377,S05,E02,T02,250.0,mm,deg,N,Nmm,W,195,2250,9.0,74,Tarcza|B0377,Tarcza|B0377,4,0,True,True,True,True,True,True,True
2017-02-20-B0377-S05-E03-T01.c3d,atletas\B0377\2017-02-20-B0377-S05\2017-02-20-B0377-S05-E03-T01.c3d,B0377,S05,E03,T01,250.0,mm,deg,N,Nmm,W,382,2828,11.312,25,B0378|B0377,B0378|B0377,0,0,True,True,True,True,True,True,True
2017-02-20-B0377-S05-E03-T02.c3d,atletas\B0377\2017-02-20-B0377-S05\2017-02-20-B0377-S05-E03-T02.c3d,B0377,S05,E03,T02,250.0,mm,deg,N,Nmm,W,382,2430,9.72,25,B0378|B0377,B0378|B0377,0,0,True,True,True,True,True,True,True
2017-02-20-B0377-S05-E04-T01.c3d,atletas\B0377\2017-02-20-B0377-S05\2017-02-20-B0377-S05-E04-T01.c3d,B0377,S05,E04,T01,250.0,mm,deg,N,Nmm,W,382,2856,11.424,25,B0377|B0376,B0377|B0376,0,0,True,True,True,True,True,True,True
2017-02-20-B0377-S05-E04-T02.c3d,atletas\B0377\2017-02-20-B0377-S05\2017-02-20-B0377-S05-E04-T02.c3d,B0377,S05,E04,T02,250.0,mm,deg,N,Nmm,W,382,2539,10.156,25,B0377|B0376,B0377|B0376,0,0,True,True,True,True,True,True,True
2017-02-20-B0378-S01-E01-T01.c3d,atletas\B0378\2017-02-20-B0378-S01\2017-02-20-B0378-S01-E01-T01.c3d,B0378,S01,E01,T01,250.0,mm,deg,N,Nmm,W,191,2041,8.164,74,B0378,B0378,0,0,True,True,True,True,True,True,True
2017-02-20-B0378-S01-E01-T02.c3d,atletas\B0378\2017-02-20-B0378-S01\2017-02-20-B0378-S01-E01-T02.c3d,B0378,S01,E01,T02,250.0,mm,deg,N,Nmm,W,191,1873,7.492,74,B0378,B0378,0,0,True,True,True,True,True,True,True
2017-02-20-B0378-S01-E02-T01.c3d,atletas\B0378\2017-02-20-B0378-S01\2017-02-20-B0378-S01-E02-T01.c3d,B0378,S01,E02,T01,250.0,mm,deg,N,Nmm,W,195,1574,6.296,74,Tarcza|B0378,Tarcza|B0378,4,0,True,True,True,True,True,True,True
2017-02-20-B0378-S01-E02-T02.c3d,atletas\B0378\2017-02-20-B0378-S01\2017-02-20-B0378-S01-E02-T02.c3d,B0378,S01,E02,T02,250.0,mm,deg,N,Nmm,W,195,1731,6.924,74,Tarcza|B0378,Tarcza|B0378,4,0,True,True,True,True,True,True,True
2017-02-20-B0378-S01-E03-T01.c3d,atletas\B0378\2017-02-20-B0378-S01\2017-02-20-B0378-S01-E03-T01.c3d,B0378,S01,E03,T01,250.0,mm,deg,N,Nmm,W,382,2215,8.86,25,B0379|B0378,B0379|B0378,0,0,True,True,True,True,True,True,True
2017-02-20-B0378-S01-E03-T02.c3d,atletas\B0378\2017-02-20-B0378-S01\2017-02-20-B0378-S01-E03-T02.c3d,B0378,S01,E03,T02,250.0,mm,deg,N,Nmm,W,382,1897,7.588,25,B0379|B0378,B0379|B0378,0,0,True,True,True,True,True,True,True
2017-02-20-B0378-S01-E04-T01.c3d,atletas\B0378\2017-02-20-B0378-S01\2017-02-20-B0378-S01-E04-T01.c3d,B0378,S01,E04,T01,250.0,mm,deg,N,Nmm,W,382,2380,9.52,25,B0378|B0377,B0378|B0377,0,0,True,True,True,True,True,True,True
2017-02-20-B0378-S01-E04-T02.c3d,atletas\B0378\2017-02-20-B0378-S01\2017-02-20-B0378-S01-E04-T02.c3d,B0378,S01,E04,T02,250.0,mm,deg,N,Nmm,W,382,2132,8.528,25,B0378|B0377,B0378|B0377,0,0,True,True,True,True,True,True,True
2017-02-20-B0378-S02-E01-T01.c3d,atletas\B0378\2017-02-20-B0378-S02\2017-02-20-B0378-S02-E01-T01.c3d,B0378,S02,E01,T01,250.0,mm,deg,N,Nmm,W,191,1762,7.048,74,B0378,B0378,0,0,True,True,True,True,True,True,True
2017-02-20-B0378-S02-E01-T02.c3d,atletas\B0378\2017-02-20-B0378-S02\2017-02-20-B0378-S02-E01-T02.c3d,B0378,S02,E01,T02,250.0,mm,deg,N,Nmm,W,191,1777,7.108,74,B0378,B0378,0,0,True,True,True,True,True,True,True
2017-02-20-B0378-S02-E02-T01.c3d,atletas\B0378\2017-02-20-B0378-S02\2017-02-20-B0378-S02-E02-T01.c3d,B0378,S02,E02,T01,250.0,mm,deg,N,Nmm,W,195,1671,6.684,74,Tarcza|B0378,Tarcza|B0378,4,0,True,True,True,True,True,True,True
2017-02-20-B0378-S02-E02-T02.c3d,atletas\B0378\2017-02-20-B0378-S02\2017-02-20-B0378-S02-E02-T02.c3d,B0378,S02,E02,T02,250.0,mm,deg,N,Nmm,W,195,1665,6.66,74,Tarcza|B0378,Tarcza|B0378,4,0,True,True,True,True,True,True,True
2017-02-20-B0378-S02-E03-T01.c3d,atletas\B0378\2017-02-20-B0378-S02\2017-02-20-B0378-S02-E03-T01.c3d,B0378,S02,E03,T01,250.0,mm,deg,N,Nmm,W,382,1963,7.852,25,B0379|B0378,B0379|B0378,0,0,True,True,True,True,True,True,True
2017-02-20-B0378-S02-E03-T02.c3d,atletas\B0378\2017-02-20-B0378-S02\2017-02-20-B0378-S02-E03-T02.c3d,B0378,S02,E03,T02,250.0,mm,deg,N,Nmm,W,382,2632,10.528,25,B0379|B0378,B0379|B0378,0,0,True,True,True,True,True,True,True
2017-02-20-B0378-S02-E04-T01.c3d,atletas\B0378\2017-02-20-B0378-S02\2017-02-20-B0378-S02-E04-T01.c3d,B0378,S02,E04,T01,250.0,mm,deg,N,Nmm,W,382,2308,9.232,25,B0378|B0377,B0378|B0377,0,0,True,True,True,True,True,True,True
2017-02-20-B0378-S02-E04-T02.c3d,atletas\B0378\2017-02-20-B0378-S02\2017-02-20-B0378-S02-E04-T02.c3d,B0378,S02,E04,T02,250.0,mm,deg,N,Nmm,W,382,1872,7.488,25,B0378|B0377,B0378|B0377,0,0,True,True,True,True,True,True,True
2017-02-20-B0378-S03-E01-T01.c3d,atletas\B0378\2017-02-20-B0378-S03\2017-02-20-B0378-S03-E01-T01.c3d,B0378,S03,E01,T01,250.0,mm,deg,N,Nmm,W,191,1704,6.816,74,B0378,B0378,0,0,True,True,True,True,True,True,True
2017-02-20-B0378-S03-E01-T02.c3d,atletas\B0378\2017-02-20-B0378-S03\2017-02-20-B0378-S03-E01-T02.c3d,B0378,S03,E01,T02,250.0,mm,deg,N,Nmm,W,191,1510,6.04,74,B0378,B0378,0,0,True,True,True,True,True,True,True
2017-02-20-B0378-S03-E02-T01.c3d,atletas\B0378\2017-02-20-B0378-S03\2017-02-20-B0378-S03-E02-T01.c3d,B0378,S03,E02,T01,250.0,mm,deg,N,Nmm,W,195,1502,6.008,74,Tarcza|B0378,Tarcza|B0378,4,0,True,True,True,True,True,True,True
2017-02-20-B0378-S03-E02-T02.c3d,atletas\B0378\2017-02-20-B0378-S03\2017-02-20-B0378-S03-E02-T02.c3d,B0378,S03,E02,T02,250.0,mm,deg,N,Nmm,W,195,1660,6.64,74,Tarcza|B0378,Tarcza|B0378,4,0,True,True,True,True,True,True,True
2017-02-20-B0378-S03-E03-T01.c3d,atletas\B0378\2017-02-20-B0378-S03\2017-02-20-B0378-S03-E03-T01.c3d,B0378,S03,E03,T01,250.0,mm,deg,N,Nmm,W,382,1824,7.296,25,B0379|B0378,B0379|B0378,0,0,True,True,True,True,True,True,True
2017-02-20-B0378-S03-E03-T02.c3d,atletas\B0378\2017-02-20-B0378-S03\2017-02-20-B0378-S03-E03-T02.c3d,B0378,S03,E03,T02,250.0,mm,deg,N,Nmm,W,382,1704,6.816,25,B0379|B0378,B0379|B0378,0,0,True,True,True,True,True,True,True
2017-02-20-B0378-S03-E04-T01.c3d,atletas\B0378\2017-02-20-B0378-S03\2017-02-20-B0378-S03-E04-T01.c3d,B0378,S03,E04,T01,250.0,mm,deg,N,Nmm,W,382,2679,10.716,25,B0378|B0377,B0378|B0377,0,0,True,True,True,True,True,True,True
2017-02-20-B0378-S03-E04-T02.c3d,atletas\B0378\2017-02-20-B0378-S03\2017-02-20-B0378-S03-E04-T02.c3d,B0378,S03,E04,T02,250.0,mm,deg,N,Nmm,W,382,2260,9.04,25,B0378|B0377,B0378|B0377,0,0,True,True,True,True,True,True,True
2017-02-20-B0378-S04-E01-T01.c3d,atletas\B0378\2017-02-20-B0378-S04\2017-02-20-B0378-S04-E01-T01.c3d,B0378,S04,E01,T01,250.0,mm,deg,N,Nmm,W,191,2128,8.512,74,B0378,B0378,0,0,True,True,True,True,True,True,True
2017-02-20-B0378-S04-E01-T02.c3d,atletas\B0378\2017-02-20-B0378-S04\2017-02-20-B0378-S04-E01-T02.c3d,B0378,S04,E01,T02,250.0,mm,deg,N,Nmm,W,191,1504,6.016,74,B0378,B0378,0,0,True,True,True,True,True,True,True
2017-02-20-B0378-S04-E02-T01.c3d,atletas\B0378\2017-02-20-B0378-S04\2017-02-20-B0378-S04-E02-T01.c3d,B0378,S04,E02,T01,250.0,mm,deg,N,Nmm,W,195,3281,13.124,74,Tarcza|B0378,Tarcza|B0378,4,0,True,True,True,True,True,True,True
2017-02-20-B0378-S04-E02-T02.c3d,atletas\B0378\2017-02-20-B0378-S04\2017-02-20-B0378-S04-E02-T02.c3d,B0378,S04,E02,T02,250.0,mm,deg,N,Nmm,W,195,1541,6.164,74,Tarcza|B0378,Tarcza|B0378,4,0,True,True,True,True,True,True,True
2017-02-20-B0378-S04-E02-T03.c3d,atletas\B0378\2017-02-20-B0378-S04\2017-02-20-B0378-S04-E02-T03.c3d,B0378,S04,E02,T03,250.0,mm,deg,N,Nmm,W,195,1999,7.996,74,Tarcza|B0378,Tarcza|B0378,4,0,True,True,True,True,True,True,True
2017-02-20-B0378-S04-E03-T01.c3d,atletas\B0378\2017-02-20-B0378-S04\2017-02-20-B0378-S04-E03-T01.c3d,B0378,S04,E03,T01,250.0,mm,deg,N,Nmm,W,382,1981,7.924,25,B0379|B0378,B0379|B0378,0,0,True,True,True,True,True,True,True
2017-02-20-B0378-S04-E03-T02.c3d,atletas\B0378\2017-02-20-B0378-S04\2017-02-20-B0378-S04-E03-T02.c3d,B0378,S04,E03,T02,250.0,mm,deg,N,Nmm,W,382,1925,7.7,25,B0379|B0378,B0379|B0378,0,0,True,True,True,True,True,True,True
2017-02-20-B0378-S04-E04-T01.c3d,atletas\B0378\2017-02-20-B0378-S04\2017-02-20-B0378-S04-E04-T01.c3d,B0378,S04,E04,T01,250.0,mm,deg,N,Nmm,W,382,2269,9.076,25,B0378|B0377,B0378|B0377,0,0,True,True,True,True,True,True,True
2017-02-20-B0378-S04-E04-T02.c3d,atletas\B0378\2017-02-20-B0378-S04\2017-02-20-B0378-S04-E04-T02.c3d,B0378,S04,E04,T02,250.0,mm,deg,N,Nmm,W,382,2160,8.64,25,B0378|B0377,B0378|B0377,0,0,True,True,True,True,True,True,True
2017-02-20-B0378-S05-E01-T01.c3d,atletas\B0378\2017-02-20-B0378-S05\2017-02-20-B0378-S05-E01-T01.c3d,B0378,S05,E01,T01,250.0,mm,deg,N,Nmm,W,191,2238,8.952,74,B0378,B0378,0,0,True,True,True,True,True,True,True
2017-02-20-B0378-S05-E01-T02.c3d,atletas\B0378\2017-02-20-B0378-S05\2017-02-20-B0378-S05-E01-T02.c3d,B0378,S05,E01,T02,250.0,mm,deg,N,Nmm,W,191,2164,8.656,74,B0378,B0378,0,0,True,True,True,True,True,True,True
2017-02-20-B0378-S05-E02-T01.c3d,atletas\B0378\2017-02-20-B0378-S05\2017-02-20-B0378-S05-E02-T01.c3d,B0378,S05,E02,T01,250.0,mm,deg,N,Nmm,W,195,2226,8.904,74,Tarcza|B0378,Tarcza|B0378,4,0,True,True,True,True,True,True,True
2017-02-20-B0378-S05-E03-T01.c3d,atletas\B0378\2017-02-20-B0378-S05\2017-02-20-B0378-S05-E03-T01.c3d,B0378,S05,E03,T01,250.0,mm,deg,N,Nmm,W,382,2625,10.5,25,B0379|B0378,B0379|B0378,0,0,True,True,True,True,True,True,True
2017-02-20-B0378-S05-E03-T02.c3d,atletas\B0378\2017-02-20-B0378-S05\2017-02-20-B0378-S05-E03-T02.c3d,B0378,S05,E03,T02,250.0,mm,deg,N,Nmm,W,382,2157,8.628,25,B0379|B0378,B0379|B0378,0,0,True,True,True,True,True,True,True
2017-02-20-B0378-S05-E04-T01.c3d,atletas\B0378\2017-02-20-B0378-S05\2017-02-20-B0378-S05-E04-T01.c3d,B0378,S05,E04,T01,250.0,mm,deg,N,Nmm,W,382,2828,11.312,25,B0378|B0377,B0378|B0377,0,0,True,True,True,True,True,True,True
2017-02-20-B0378-S05-E04-T02.c3d,atletas\B0378\2017-02-20-B0378-S05\2017-02-20-B0378-S05-E04-T02.c3d,B0378,S05,E04,T02,250.0,mm,deg,N,Nmm,W,382,2430,9.72,25,B0378|B0377,B0378|B0377,0,0,True,True,True,True,True,True,True
2017-02-20-B0379-S01-E01-T01.c3d,atletas\B0379\2017-02-20-B0379-S01\2017-02-20-B0379-S01-E01-T01.c3d,B0379,S01,E01,T01,250.0,mm,deg,N,Nmm,W,191,2161,8.644,74,B0379,B0379,0,0,True,True,True,True,True,True,True
2017-02-20-B0379-S01-E01-T02.c3d,atletas\B0379\2017-02-20-B0379-S01\2017-02-20-B0379-S01-E01-T02.c3d,B0379,S01,E01,T02,250.0,mm,deg,N,Nmm,W,191,1498,5.992,74,B0379,B0379,0,0,True,True,True,True,True,True,True
2017-02-20-B0379-S01-E02-T01.c3d,atletas\B0379\2017-02-20-B0379-S01\2017-02-20-B0379-S01-E02-T01.c3d,B0379,S01,E02,T01,250.0,mm,deg,N,Nmm,W,195,4051,16.204,74,Tarcza|B0379,Tarcza|B0379,4,0,True,True,True,True,True,True,True
2017-02-20-B0379-S01-E02-T02.c3d,atletas\B0379\2017-02-20-B0379-S01\2017-02-20-B0379-S01-E02-T02.c3d,B0379,S01,E02,T02,250.0,mm,deg,N,Nmm,W,195,1674,6.696,74,Tarcza|B0379,Tarcza|B0379,4,0,True,True,True,True,True,True,True
2017-02-20-B0379-S01-E03-T01.c3d,atletas\B0379\2017-02-20-B0379-S01\2017-02-20-B0379-S01-E03-T01.c3d,B0379,S01,E03,T01,250.0,mm,deg,N,Nmm,W,382,2150,8.6,25,B0379|B0380,B0379|B0380,0,0,True,True,True,True,True,True,True
2017-02-20-B0379-S01-E03-T02.c3d,atletas\B0379\2017-02-20-B0379-S01\2017-02-20-B0379-S01-E03-T02.c3d,B0379,S01,E03,T02,250.0,mm,deg,N,Nmm,W,382,3663,14.652,25,B0379|B0380,B0379|B0380,0,0,True,True,True,True,True,True,True
2017-02-20-B0379-S01-E04-T01.c3d,atletas\B0379\2017-02-20-B0379-S01\2017-02-20-B0379-S01-E04-T01.c3d,B0379,S01,E04,T01,250.0,mm,deg,N,Nmm,W,382,2215,8.86,25,B0379|B0378,B0379|B0378,0,0,True,True,True,True,True,True,True
2017-02-20-B0379-S01-E04-T02.c3d,atletas\B0379\2017-02-20-B0379-S01\2017-02-20-B0379-S01-E04-T02.c3d,B0379,S01,E04,T02,250.0,mm,deg,N,Nmm,W,382,1897,7.588,25,B0379|B0378,B0379|B0378,0,0,True,True,True,True,True,True,True
2017-02-20-B0379-S02-E01-T01.c3d,atletas\B0379\2017-02-20-B0379-S02\2017-02-20-B0379-S02-E01-T01.c3d,B0379,S02,E01,T01,250.0,mm,deg,N,Nmm,W,191,2596,10.384,74,B0379,B0379,0,0,True,True,True,True,True,True,True
2017-02-20-B0379-S02-E01-T02.c3d,atletas\B0379\2017-02-20-B0379-S02\2017-02-20-B0379-S02-E01-T02.c3d,B0379,S02,E01,T02,250.0,mm,deg,N,Nmm,W,191,2662,10.648,74,B0379,B0379,0,0,True,True,True,True,True,True,True
2017-02-20-B0379-S02-E02-T01.c3d,atletas\B0379\2017-02-20-B0379-S02\2017-02-20-B0379-S02-E02-T01.c3d,B0379,S02,E02,T01,250.0,mm,deg,N,Nmm,W,195,1760,7.04,74,Tarcza|B0379,Tarcza|B0379,4,0,True,True,True,True,True,True,True
2017-02-20-B0379-S02-E02-T02.c3d,atletas\B0379\2017-02-20-B0379-S02\2017-02-20-B0379-S02-E02-T02.c3d,B0379,S02,E02,T02,250.0,mm,deg,N,Nmm,W,195,1605,6.42,74,Tarcza|B0379,Tarcza|B0379,4,0,True,True,True,True,True,True,True
2017-02-20-B0379-S02-E03-T01.c3d,atletas\B0379\2017-02-20-B0379-S02\2017-02-20-B0379-S02-E03-T01.c3d,B0379,S02,E03,T01,250.0,mm,deg,N,Nmm,W,382,1693,6.772,25,B0379|B0380,B0379|B0380,0,0,True,True,True,True,True,True,True
2017-02-20-B0379-S02-E03-T02.c3d,atletas\B0379\2017-02-20-B0379-S02\2017-02-20-B0379-S02-E03-T02.c3d,B0379,S02,E03,T02,250.0,mm,deg,N,Nmm,W,382,1640,6.56,25,B0379|B0380,B0379|B0380,0,0,True,True,True,True,True,True,True
2017-02-20-B0379-S02-E04-T01.c3d,atletas\B0379\2017-02-20-B0379-S02\2017-02-20-B0379-S02-E04-T01.c3d,B0379,S02,E04,T01,250.0,mm,deg,N,Nmm,W,382,1963,7.852,25,B0379|B0378,B0379|B0378,0,0,True,True,True,True,True,True,True
2017-02-20-B0379-S02-E04-T02.c3d,atletas\B0379\2017-02-20-B0379-S02\2017-02-20-B0379-S02-E04-T02.c3d,B0379,S02,E04,T02,250.0,mm,deg,N,Nmm,W,382,2632,10.528,25,B0379|B0378,B0379|B0378,0,0,True,True,True,True,True,True,True
2017-02-20-B0379-S03-E01-T01.c3d,atletas\B0379\2017-02-20-B0379-S03\2017-02-20-B0379-S03-E01-T01.c3d,B0379,S03,E01,T01,250.0,mm,deg,N,Nmm,W,191,1609,6.436,74,B0379,B0379,0,0,True,True,True,True,True,True,True
2017-02-20-B0379-S03-E01-T02.c3d,atletas\B0379\2017-02-20-B0379-S03\2017-02-20-B0379-S03-E01-T02.c3d,B0379,S03,E01,T02,250.0,mm,deg,N,Nmm,W,191,1792,7.168,74,B0379,B0379,0,0,True,True,True,True,True,True,True
2017-02-20-B0379-S03-E02-T01.c3d,atletas\B0379\2017-02-20-B0379-S03\2017-02-20-B0379-S03-E02-T01.c3d,B0379,S03,E02,T01,250.0,mm,deg,N,Nmm,W,195,1512,6.048,74,Tarcza|B0379,Tarcza|B0379,4,0,True,True,True,True,True,True,True
2017-02-20-B0379-S03-E02-T02.c3d,atletas\B0379\2017-02-20-B0379-S03\2017-02-20-B0379-S03-E02-T02.c3d,B0379,S03,E02,T02,250.0,mm,deg,N,Nmm,W,195,1768,7.072,74,Tarcza|B0379,Tarcza|B0379,4,0,True,True,True,True,True,True,True
2017-02-20-B0379-S03-E03-T01.c3d,atletas\B0379\2017-02-20-B0379-S03\2017-02-20-B0379-S03-E03-T01.c3d,B0379,S03,E03,T01,250.0,mm,deg,N,Nmm,W,382,1544,6.176,25,B0379|B0380,B0379|B0380,0,0,True,True,True,True,True,True,True
2017-02-20-B0379-S03-E03-T02.c3d,atletas\B0379\2017-02-20-B0379-S03\2017-02-20-B0379-S03-E03-T02.c3d,B0379,S03,E03,T02,250.0,mm,deg,N,Nmm,W,382,1416,5.664,25,B0379|B0380,B0379|B0380,0,0,True,True,True,True,True,True,True
2017-02-20-B0379-S03-E04-T01.c3d,atletas\B0379\2017-02-20-B0379-S03\2017-02-20-B0379-S03-E04-T01.c3d,B0379,S03,E04,T01,250.0,mm,deg,N,Nmm,W,382,1824,7.296,25,B0379|B0378,B0379|B0378,0,0,True,True,True,True,True,True,True
2017-02-20-B0379-S03-E04-T02.c3d,atletas\B0379\2017-02-20-B0379-S03\2017-02-20-B0379-S03-E04-T02.c3d,B0379,S03,E04,T02,250.0,mm,deg,N,Nmm,W,382,1704,6.816,25,B0379|B0378,B0379|B0378,0,0,True,True,True,True,True,True,True
2017-02-20-B0379-S04-E01-T01.c3d,atletas\B0379\2017-02-20-B0379-S04\2017-02-20-B0379-S04-E01-T01.c3d,B0379,S04,E01,T01,250.0,mm,deg,N,Nmm,W,191,4594,18.376,74,B0379,B0379,0,0,True,True,True,True,True,True,True
2017-02-20-B0379-S04-E01-T02.c3d,atletas\B0379\2017-02-20-B0379-S04\2017-02-20-B0379-S04-E01-T02.c3d,B0379,S04,E01,T02,250.0,mm,deg,N,Nmm,W,191,1803,7.212,74,B0379,B0379,0,0,True,True,True,True,True,True,True
2017-02-20-B0379-S04-E02-T01.c3d,atletas\B0379\2017-02-20-B0379-S04\2017-02-20-B0379-S04-E02-T01.c3d,B0379,S04,E02,T01,250.0,mm,deg,N,Nmm,W,195,1820,7.28,74,Tarcza|B0379,Tarcza|B0379,4,0,True,True,True,True,True,True,True
2017-02-20-B0379-S04-E02-T02.c3d,atletas\B0379\2017-02-20-B0379-S04\2017-02-20-B0379-S04-E02-T02.c3d,B0379,S04,E02,T02,250.0,mm,deg,N,Nmm,W,195,1601,6.404,74,Tarcza|B0379,Tarcza|B0379,4,0,True,True,True,True,True,True,True
2017-02-20-B0379-S04-E03-T01.c3d,atletas\B0379\2017-02-20-B0379-S04\2017-02-20-B0379-S04-E03-T01.c3d,B0379,S04,E03,T01,250.0,mm,deg,N,Nmm,W,382,1666,6.664,25,B0379|B0380,B0379|B0380,0,0,True,True,True,True,True,True,True
2017-02-20-B0379-S04-E03-T02.c3d,atletas\B0379\2017-02-20-B0379-S04\2017-02-20-B0379-S04-E03-T02.c3d,B0379,S04,E03,T02,250.0,mm,deg,N,Nmm,W,382,1772,7.088,25,B0379|B0380,B0379|B0380,0,0,True,True,True,True,True,True,True
2017-02-20-B0379-S04-E04-T01.c3d,atletas\B0379\2017-02-20-B0379-S04\2017-02-20-B0379-S04-E04-T01.c3d,B0379,S04,E04,T01,250.0,mm,deg,N,Nmm,W,382,1981,7.924,25,B0379|B0378,B0379|B0378,0,0,True,True,True,True,True,True,True
2017-02-20-B0379-S04-E04-T02.c3d,atletas\B0379\2017-02-20-B0379-S04\2017-02-20-B0379-S04-E04-T02.c3d,B0379,S04,E04,T02,250.0,mm,deg,N,Nmm,W,382,1925,7.7,25,B0379|B0378,B0379|B0378,0,0,True,True,True,True,True,True,True
2017-02-20-B0379-S05-E01-T01.c3d,atletas\B0379\2017-02-20-B0379-S05\2017-02-20-B0379-S05-E01-T01.c3d,B0379,S05,E01,T01,250.0,mm,deg,N,Nmm,W,191,2520,10.08,74,B0379,B0379,0,0,True,True,True,True,True,True,True
2017-02-20-B0379-S05-E01-T02.c3d,atletas\B0379\2017-02-20-B0379-S05\2017-02-20-B0379-S05-E01-T02.c3d,B0379,S05,E01,T02,250.0,mm,deg,N,Nmm,W,191,2747,10.988,74,B0379,B0379,0,0,True,True,True,True,True,True,True
2017-02-20-B0379-S05-E02-T01.c3d,atletas\B0379\2017-02-20-B0379-S05\2017-02-20-B0379-S05-E02-T01.c3d,B0379,S05,E02,T01,250.0,mm,deg,N,Nmm,W,195,3790,15.16,74,Tarcza|B0379,Tarcza|B0379,4,0,True,True,True,True,True,True,True
2017-02-20-B0379-S05-E02-T02.c3d,atletas\B0379\2017-02-20-B0379-S05\2017-02-20-B0379-S05-E02-T02.c3d,B0379,S05,E02,T02,250.0,mm,deg,N,Nmm,W,195,3134,12.536,74,Tarcza|B0379,Tarcza|B0379,4,0,True,True,True,True,True,True,True
2017-02-20-B0379-S05-E03-T01.c3d,atletas\B0379\2017-02-20-B0379-S05\2017-02-20-B0379-S05-E03-T01.c3d,B0379,S05,E03,T01,250.0,mm,deg,N,Nmm,W,382,2707,10.828,25,B0379|B0380,B0379|B0380,0,0,True,True,True,True,True,True,True
2017-02-20-B0379-S05-E03-T02.c3d,atletas\B0379\2017-02-20-B0379-S05\2017-02-20-B0379-S05-E03-T02.c3d,B0379,S05,E03,T02,250.0,mm,deg,N,Nmm,W,382,2589,10.356,25,B0379|B0380,B0379|B0380,0,0,True,True,True,True,True,True,True
2017-02-20-B0379-S05-E04-T01.c3d,atletas\B0379\2017-02-20-B0379-S05\2017-02-20-B0379-S05-E04-T01.c3d,B0379,S05,E04,T01,250.0,mm,deg,N,Nmm,W,382,2625,10.5,25,B0379|B0378,B0379|B0378,0,0,True,True,True,True,True,True,True
2017-02-20-B0379-S05-E04-T02.c3d,atletas\B0379\2017-02-20-B0379-S05\2017-02-20-B0379-S05-E04-T02.c3d,B0379,S05,E04,T02,250.0,mm,deg,N,Nmm,W,382,2157,8.628,25,B0379|B0378,B0379|B0378,0,0,True,True,True,True,True,True,True
2017-02-20-B0380-S01-E01-T01.c3d,atletas\B0380\2017-02-20-B0380-S01\2017-02-20-B0380-S01-E01-T01.c3d,B0380,S01,E01,T01,250.0,mm,deg,N,Nmm,W,191,1373,5.492,74,B0380,B0380,0,0,True,True,True,True,True,True,True
2017-02-20-B0380-S01-E01-T02.c3d,atletas\B0380\2017-02-20-B0380-S01\2017-02-20-B0380-S01-E01-T02.c3d,B0380,S01,E01,T02,250.0,mm,deg,N,Nmm,W,191,1289,5.156,74,B0380,B0380,0,0,True,True,True,True,True,True,True
2017-02-20-B0380-S01-E02-T01.c3d,atletas\B0380\2017-02-20-B0380-S01\2017-02-20-B0380-S01-E02-T01.c3d,B0380,S01,E02,T01,250.0,mm,deg,N,Nmm,W,195,1728,6.912,74,Tarcza|B0380,Tarcza|B0380,4,0,True,True,True,True,True,True,True
2017-02-20-B0380-S01-E02-T02.c3d,atletas\B0380\2017-02-20-B0380-S01\2017-02-20-B0380-S01-E02-T02.c3d,B0380,S01,E02,T02,250.0,mm,deg,N,Nmm,W,195,1223,4.892,74,Tarcza|B0380,Tarcza|B0380,4,0,True,True,True,True,True,True,True
2017-02-20-B0380-S01-E03-T01.c3d,atletas\B0380\2017-02-20-B0380-S01\2017-02-20-B0380-S01-E03-T01.c3d,B0380,S01,E03,T01,250.0,mm,deg,N,Nmm,W,382,2720,10.88,25,B0381|B0380,B0381|B0380,0,0,True,True,True,True,True,True,True
2017-02-20-B0380-S01-E03-T02.c3d,atletas\B0380\2017-02-20-B0380-S01\2017-02-20-B0380-S01-E03-T02.c3d,B0380,S01,E03,T02,250.0,mm,deg,N,Nmm,W,382,2606,10.424,25,B0381|B0380,B0381|B0380,0,0,True,True,True,True,True,True,True
2017-02-20-B0380-S01-E04-T01.c3d,atletas\B0380\2017-02-20-B0380-S01\2017-02-20-B0380-S01-E04-T01.c3d,B0380,S01,E04,T01,250.0,mm,deg,N,Nmm,W,382,2150,8.6,25,B0379|B0380,B0379|B0380,0,0,True,True,True,True,True,True,True
2017-02-20-B0380-S01-E04-T02.c3d,atletas\B0380\2017-02-20-B0380-S01\2017-02-20-B0380-S01-E04-T02.c3d,B0380,S01,E04,T02,250.0,mm,deg,N,Nmm,W,382,3663,14.652,25,B0379|B0380,B0379|B0380,0,0,True,True,True,True,True,True,True
2017-02-20-B0380-S02-E01-T01.c3d,atletas\B0380\2017-02-20-B0380-S02\2017-02-20-B0380-S02-E01-T01.c3d,B0380,S02,E01,T01,250.0,mm,deg,N,Nmm,W,191,1743,6.972,74,B0380,B0380,0,0,True,True,True,True,True,True,True
2017-02-20-B0380-S02-E01-T02.c3d,atletas\B0380\2017-02-20-B0380-S02\2017-02-20-B0380-S02-E01-T02.c3d,B0380,S02,E01,T02,250.0,mm,deg,N,Nmm,W,191,1628,6.512,74,B0380,B0380,0,0,True,True,True,True,True,True,True
2017-02-20-B0380-S02-E02-T01.c3d,atletas\B0380\2017-02-20-B0380-S02\2017-02-20-B0380-S02-E02-T01.c3d,B0380,S02,E02,T01,250.0,mm,deg,N,Nmm,W,195,1580,6.32,74,Tarcza|B0380,Tarcza|B0380,4,0,True,True,True,True,True,True,True
2017-02-20-B0380-S02-E02-T02.c3d,atletas\B0380\2017-02-20-B0380-S02\2017-02-20-B0380-S02-E02-T02.c3d,B0380,S02,E02,T02,250.0,mm,deg,N,Nmm,W,195,1644,6.576,74,Tarcza|B0380,Tarcza|B0380,4,0,True,True,True,True,True,True,True
2017-02-20-B0380-S02-E03-T01.c3d,atletas\B0380\2017-02-20-B0380-S02\2017-02-20-B0380-S02-E03-T01.c3d,B0380,S02,E03,T01,250.0,mm,deg,N,Nmm,W,382,2407,9.628,25,B0381|B0380,B0381|B0380,0,0,True,True,True,True,True,True,True
2017-02-20-B0380-S02-E03-T02.c3d,atletas\B0380\2017-02-20-B0380-S02\2017-02-20-B0380-S02-E03-T02.c3d,B0380,S02,E03,T02,250.0,mm,deg,N,Nmm,W,382,2730,10.92,25,B0381|B0380,B0381|B0380,0,0,True,True,True,True,True,True,True
2017-02-20-B0380-S02-E04-T01.c3d,atletas\B0380\2017-02-20-B0380-S02\2017-02-20-B0380-S02-E04-T01.c3d,B0380,S02,E04,T01,250.0,mm,deg,N,Nmm,W,382,1693,6.772,25,B0379|B0380,B0379|B0380,0,0,True,True,True,True,True,True,True
2017-02-20-B0380-S02-E04-T02.c3d,atletas\B0380\2017-02-20-B0380-S02\2017-02-20-B0380-S02-E04-T02.c3d,B0380,S02,E04,T02,250.0,mm,deg,N,Nmm,W,382,1640,6.56,25,B0379|B0380,B0379|B0380,0,0,True,True,True,True,True,True,True
2017-02-20-B0380-S03-E01-T01.c3d,atletas\B0380\2017-02-20-B0380-S03\2017-02-20-B0380-S03-E01-T01.c3d,B0380,S03,E01,T01,250.0,mm,deg,N,Nmm,W,191,1609,6.436,74,B0380,B0380,0,0,True,True,True,True,True,True,True
2017-02-20-B0380-S03-E01-T02.c3d,atletas\B0380\2017-02-20-B0380-S03\2017-02-20-B0380-S03-E01-T02.c3d,B0380,S03,E01,T02,250.0,mm,deg,N,Nmm,W,191,1602,6.408,74,B0380,B0380,0,0,True,True,True,True,True,True,True
2017-02-20-B0380-S03-E02-T01.c3d,atletas\B0380\2017-02-20-B0380-S03\2017-02-20-B0380-S03-E02-T01.c3d,B0380,S03,E02,T01,250.0,mm,deg,N,Nmm,W,195,1547,6.188,74,Tarcza|B0380,Tarcza|B0380,4,0,True,True,True,True,True,True,True
2017-02-20-B0380-S03-E02-T02.c3d,atletas\B0380\2017-02-20-B0380-S03\2017-02-20-B0380-S03-E02-T02.c3d,B0380,S03,E02,T02,250.0,mm,deg,N,Nmm,W,195,1578,6.312,74,Tarcza|B0380,Tarcza|B0380,4,0,True,True,True,True,True,True,True
2017-02-20-B0380-S03-E03-T01.c3d,atletas\B0380\2017-02-20-B0380-S03\2017-02-20-B0380-S03-E03-T01.c3d,B0380,S03,E03,T01,250.0,mm,deg,N,Nmm,W,382,1968,7.872,25,B0381|B0380,B0381|B0380,0,0,True,True,True,True,True,True,True
2017-02-20-B0380-S03-E03-T02.c3d,atletas\B0380\2017-02-20-B0380-S03\2017-02-20-B0380-S03-E03-T02.c3d,B0380,S03,E03,T02,250.0,mm,deg,N,Nmm,W,382,1920,7.68,25,B0381|B0380,B0381|B0380,0,0,True,True,True,True,True,True,True
2017-02-20-B0380-S03-E04-T01.c3d,atletas\B0380\2017-02-20-B0380-S03\2017-02-20-B0380-S03-E04-T01.c3d,B0380,S03,E04,T01,250.0,mm,deg,N,Nmm,W,382,1544,6.176,25,B0379|B0380,B0379|B0380,0,0,True,True,True,True,True,True,True
2017-02-20-B0380-S03-E04-T02.c3d,atletas\B0380\2017-02-20-B0380-S03\2017-02-20-B0380-S03-E04-T02.c3d,B0380,S03,E04,T02,250.0,mm,deg,N,Nmm,W,382,1416,5.664,25,B0379|B0380,B0379|B0380,0,0,True,True,True,True,True,True,True
2017-02-20-B0380-S04-E01-T01.c3d,atletas\B0380\2017-02-20-B0380-S04\2017-02-20-B0380-S04-E01-T01.c3d,B0380,S04,E01,T01,250.0,mm,deg,N,Nmm,W,191,1666,6.664,74,B0380,B0380,0,0,True,True,True,True,True,True,True
2017-02-20-B0380-S04-E01-T02.c3d,atletas\B0380\2017-02-20-B0380-S04\2017-02-20-B0380-S04-E01-T02.c3d,B0380,S04,E01,T02,250.0,mm,deg,N,Nmm,W,191,1823,7.292,74,B0380,B0380,0,0,True,True,True,True,True,True,True
2017-02-20-B0380-S04-E02-T01.c3d,atletas\B0380\2017-02-20-B0380-S04\2017-02-20-B0380-S04-E02-T01.c3d,B0380,S04,E02,T01,250.0,mm,deg,N,Nmm,W,195,1818,7.272,74,Tarcza|B0380,Tarcza|B0380,4,0,True,True,True,True,True,True,True
2017-02-20-B0380-S04-E02-T02.c3d,atletas\B0380\2017-02-20-B0380-S04\2017-02-20-B0380-S04-E02-T02.c3d,B0380,S04,E02,T02,250.0,mm,deg,N,Nmm,W,195,1746,6.984,74,Tarcza|B0380,Tarcza|B0380,4,0,True,True,True,True,True,True,True
2017-02-20-B0380-S04-E03-T01.c3d,atletas\B0380\2017-02-20-B0380-S04\2017-02-20-B0380-S04-E03-T01.c3d,B0380,S04,E03,T01,250.0,mm,deg,N,Nmm,W,382,1876,7.504,25,B0381|B0380,B0381|B0380,0,0,True,True,True,True,True,True,True
2017-02-20-B0380-S04-E03-T02.c3d,atletas\B0380\2017-02-20-B0380-S04\2017-02-20-B0380-S04-E03-T02.c3d,B0380,S04,E03,T02,250.0,mm,deg,N,Nmm,W,382,1863,7.452,25,B0381|B0380,B0381|B0380,0,0,True,True,True,True,True,True,True
2017-02-20-B0380-S04-E04-T01.c3d,atletas\B0380\2017-02-20-B0380-S04\2017-02-20-B0380-S04-E04-T01.c3d,B0380,S04,E04,T01,250.0,mm,deg,N,Nmm,W,382,1666,6.664,25,B0379|B0380,B0379|B0380,0,0,True,True,True,True,True,True,True
2017-02-20-B0380-S04-E04-T02.c3d,atletas\B0380\2017-02-20-B0380-S04\2017-02-20-B0380-S04-E04-T02.c3d,B0380,S04,E04,T02,250.0,mm,deg,N,Nmm,W,382,1772,7.088,25,B0379|B0380,B0379|B0380,0,0,True,True,True,True,True,True,True
2017-02-20-B0380-S05-E01-T01.c3d,atletas\B0380\2017-02-20-B0380-S05\2017-02-20-B0380-S05-E01-T01.c3d,B0380,S05,E01,T01,250.0,mm,deg,N,Nmm,W,191,2016,8.064,74,B0380,B0380,0,0,True,True,True,True,True,True,True
2017-02-20-B0380-S05-E01-T02.c3d,atletas\B0380\2017-02-20-B0380-S05\2017-02-20-B0380-S05-E01-T02.c3d,B0380,S05,E01,T02,250.0,mm,deg,N,Nmm,W,191,1871,7.484,74,B0380,B0380,0,0,True,True,True,True,True,True,True
2017-02-20-B0380-S05-E02-T01.c3d,atletas\B0380\2017-02-20-B0380-S05\2017-02-20-B0380-S05-E02-T01.c3d,B0380,S05,E02,T01,250.0,mm,deg,N,Nmm,W,195,2269,9.076,74,Tarcza|B0380,Tarcza|B0380,4,0,True,True,True,True,True,True,True
2017-02-20-B0380-S05-E02-T02.c3d,atletas\B0380\2017-02-20-B0380-S05\2017-02-20-B0380-S05-E02-T02.c3d,B0380,S05,E02,T02,250.0,mm,deg,N,Nmm,W,195,4275,17.1,74,Tarcza|B0380,Tarcza|B0380,4,0,True,True,True,True,True,True,True
2017-02-20-B0380-S05-E03-T01.c3d,atletas\B0380\2017-02-20-B0380-S05\2017-02-20-B0380-S05-E03-T01.c3d,B0380,S05,E03,T01,250.0,mm,deg,N,Nmm,W,382,2071,8.284,25,B0381|B0380,B0381|B0380,0,0,True,True,True,True,True,True,True
2017-02-20-B0380-S05-E03-T02.c3d,atletas\B0380\2017-02-20-B0380-S05\2017-02-20-B0380-S05-E03-T02.c3d,B0380,S05,E03,T02,250.0,mm,deg,N,Nmm,W,382,2006,8.024,25,B0381|B0380,B0381|B0380,0,0,True,True,True,True,True,True,True
2017-02-20-B0380-S05-E04-T01.c3d,atletas\B0380\2017-02-20-B0380-S05\2017-02-20-B0380-S05-E04-T01.c3d,B0380,S05,E04,T01,250.0,mm,deg,N,Nmm,W,382,2707,10.828,25,B0379|B0380,B0379|B0380,0,0,True,True,True,True,True,True,True
2017-02-20-B0380-S05-E04-T02.c3d,atletas\B0380\2017-02-20-B0380-S05\2017-02-20-B0380-S05-E04-T02.c3d,B0380,S05,E04,T02,250.0,mm,deg,N,Nmm,W,382,2589,10.356,25,B0379|B0380,B0379|B0380,0,0,True,True,True,True,True,True,True
2017-02-20-B0380-S06-E01-T01.c3d,atletas\B0380\2017-02-20-B0380-S06\2017-02-20-B0380-S06-E01-T01.c3d,B0380,S06,E01,T01,250.0,mm,deg,N,Nmm,W,191,12892,51.568,74,Tarcza|B0380,Tarcza|B0380,0,0,True,True,True,True,True,True,True
2017-02-20-B0381-S01-E01-T01.c3d,atletas\B0381\2017-02-20-B0381-S01\2017-02-20-B0381-S01-E01-T01.c3d,B0381,S01,E01,T01,250.0,mm,deg,N,Nmm,W,191,1891,7.564,74,B0381,B0381,0,0,True,True,True,True,True,True,True
2017-02-20-B0381-S01-E01-T02.c3d,atletas\B0381\2017-02-20-B0381-S01\2017-02-20-B0381-S01-E01-T02.c3d,B0381,S01,E01,T02,250.0,mm,deg,N,Nmm,W,191,1860,7.44,74,B0381,B0381,0,0,True,True,True,True,True,True,True
2017-02-20-B0381-S01-E02-T01.c3d,atletas\B0381\2017-02-20-B0381-S01\2017-02-20-B0381-S01-E02-T01.c3d,B0381,S01,E02,T01,250.0,mm,deg,N,Nmm,W,195,1493,5.972,74,Tarcza|B0381,Tarcza|B0381,4,0,True,True,True,True,True,True,True
2017-02-20-B0381-S01-E02-T02.c3d,atletas\B0381\2017-02-20-B0381-S01\2017-02-20-B0381-S01-E02-T02.c3d,B0381,S01,E02,T02,250.0,mm,deg,N,Nmm,W,195,1410,5.64,74,Tarcza|B0381,Tarcza|B0381,4,0,True,True,True,True,True,True,True
2017-02-20-B0381-S01-E03-T03.c3d,atletas\B0381\2017-02-20-B0381-S01\2017-02-20-B0381-S01-E03-T03.c3d,B0381,S01,E03,T03,250.0,mm,deg,N,Nmm,W,382,2400,9.6,25,B0382|B0381,B0382|B0381,0,0,True,True,True,True,True,True,True
2017-02-20-B0381-S01-E03-T04.c3d,atletas\B0381\2017-02-20-B0381-S01\2017-02-20-B0381-S01-E03-T04.c3d,B0381,S01,E03,T04,250.0,mm,deg,N,Nmm,W,382,1745,6.98,25,B0382|B0381,B0382|B0381,0,0,True,True,True,True,True,True,True
2017-02-20-B0381-S01-E04-T01.c3d,atletas\B0381\2017-02-20-B0381-S01\2017-02-20-B0381-S01-E04-T01.c3d,B0381,S01,E04,T01,250.0,mm,deg,N,Nmm,W,382,2720,10.88,25,B0381|B0380,B0381|B0380,0,0,True,True,True,True,True,True,True
2017-02-20-B0381-S01-E04-T02.c3d,atletas\B0381\2017-02-20-B0381-S01\2017-02-20-B0381-S01-E04-T02.c3d,B0381,S01,E04,T02,250.0,mm,deg,N,Nmm,W,382,2606,10.424,25,B0381|B0380,B0381|B0380,0,0,True,True,True,True,True,True,True
2017-02-20-B0381-S01-E04-T03.c3d,atletas\B0381\2017-02-20-B0381-S01\2017-02-20-B0381-S01-E04-T03.c3d,B0381,S01,E04,T03,250.0,mm,deg,N,Nmm,W,382,1811,7.244,25,B0382|B0381,B0382|B0381,0,0,True,True,True,True,True,True,True
2017-02-20-B0381-S01-E04-T04.c3d,atletas\B0381\2017-02-20-B0381-S01\2017-02-20-B0381-S01-E04-T04.c3d,B0381,S01,E04,T04,250.0,mm,deg,N,Nmm,W,382,1772,7.088,25,B0382|B0381,B0382|B0381,0,0,True,True,True,True,True,True,True
2017-02-20-B0381-S02-E01-T01.c3d,atletas\B0381\2017-02-20-B0381-S02\2017-02-20-B0381-S02-E01-T01.c3d,B0381,S02,E01,T01,250.0,mm,deg,N,Nmm,W,191,1851,7.404,74,B0381,B0381,0,0,True,True,True,True,True,True,True
2017-02-20-B0381-S02-E01-T02.c3d,atletas\B0381\2017-02-20-B0381-S02\2017-02-20-B0381-S02-E01-T02.c3d,B0381,S02,E01,T02,250.0,mm,deg,N,Nmm,W,191,1854,7.416,74,B0381,B0381,0,0,True,True,True,True,True,True,True
2017-02-20-B0381-S02-E02-T01.c3d,atletas\B0381\2017-02-20-B0381-S02\2017-02-20-B0381-S02-E02-T01.c3d,B0381,S02,E02,T01,250.0,mm,deg,N,Nmm,W,195,1854,7.416,74,Tarcza|B0381,Tarcza|B0381,4,0,True,True,True,True,True,True,True
2017-02-20-B0381-S02-E02-T02.c3d,atletas\B0381\2017-02-20-B0381-S02\2017-02-20-B0381-S02-E02-T02.c3d,B0381,S02,E02,T02,250.0,mm,deg,N,Nmm,W,195,1686,6.744,74,Tarcza|B0381,Tarcza|B0381,4,0,True,True,True,True,True,True,True
2017-02-20-B0381-S02-E03-T03.c3d,atletas\B0381\2017-02-20-B0381-S02\2017-02-20-B0381-S02-E03-T03.c3d,B0381,S02,E03,T03,250.0,mm,deg,N,Nmm,W,382,4141,16.564,25,B0382|B0381,B0382|B0381,0,0,True,True,True,True,True,True,True
2017-02-20-B0381-S02-E03-T04.c3d,atletas\B0381\2017-02-20-B0381-S02\2017-02-20-B0381-S02-E03-T04.c3d,B0381,S02,E03,T04,250.0,mm,deg,N,Nmm,W,382,2534,10.136,25,B0382|B0381,B0382|B0381,0,0,True,True,True,True,True,True,True
2017-02-20-B0381-S02-E04-T01.c3d,atletas\B0381\2017-02-20-B0381-S02\2017-02-20-B0381-S02-E04-T01.c3d,B0381,S02,E04,T01,250.0,mm,deg,N,Nmm,W,382,2407,9.628,25,B0381|B0380,B0381|B0380,0,0,True,True,True,True,True,True,True
2017-02-20-B0381-S02-E04-T02.c3d,atletas\B0381\2017-02-20-B0381-S02\2017-02-20-B0381-S02-E04-T02.c3d,B0381,S02,E04,T02,250.0,mm,deg,N,Nmm,W,382,2730,10.92,25,B0381|B0380,B0381|B0380,0,0,True,True,True,True,True,True,True
2017-02-20-B0381-S02-E04-T03.c3d,atletas\B0381\2017-02-20-B0381-S02\2017-02-20-B0381-S02-E04-T03.c3d,B0381,S02,E04,T03,250.0,mm,deg,N,Nmm,W,382,2438,9.752,25,B0382|B0381,B0382|B0381,0,0,True,True,True,True,True,True,True
2017-02-20-B0381-S02-E04-T04.c3d,atletas\B0381\2017-02-20-B0381-S02\2017-02-20-B0381-S02-E04-T04.c3d,B0381,S02,E04,T04,250.0,mm,deg,N,Nmm,W,382,2395,9.58,25,B0382|B0381,B0382|B0381,0,0,True,True,True,True,True,True,True
2017-02-20-B0381-S03-E01-T01.c3d,atletas\B0381\2017-02-20-B0381-S03\2017-02-20-B0381-S03-E01-T01.c3d,B0381,S03,E01,T01,250.0,mm,deg,N,Nmm,W,191,1740,6.96,74,B0381,B0381,0,0,True,True,True,True,True,True,True
2017-02-20-B0381-S03-E01-T02.c3d,atletas\B0381\2017-02-20-B0381-S03\2017-02-20-B0381-S03-E01-T02.c3d,B0381,S03,E01,T02,250.0,mm,deg,N,Nmm,W,191,1979,7.916,74,B0381,B0381,0,0,True,True,True,True,True,True,True
2017-02-20-B0381-S03-E02-T01.c3d,atletas\B0381\2017-02-20-B0381-S03\2017-02-20-B0381-S03-E02-T01.c3d,B0381,S03,E02,T01,250.0,mm,deg,N,Nmm,W,195,1844,7.376,74,Tarcza|B0381,Tarcza|B0381,4,0,True,True,True,True,True,True,True
2017-02-20-B0381-S03-E02-T02.c3d,atletas\B0381\2017-02-20-B0381-S03\2017-02-20-B0381-S03-E02-T02.c3d,B0381,S03,E02,T02,250.0,mm,deg,N,Nmm,W,195,1656,6.624,74,Tarcza|B0381,Tarcza|B0381,4,0,True,True,True,True,True,True,True
2017-02-20-B0381-S03-E03-T03.c3d,atletas\B0381\2017-02-20-B0381-S03\2017-02-20-B0381-S03-E03-T03.c3d,B0381,S03,E03,T03,250.0,mm,deg,N,Nmm,W,382,2829,11.316,25,B0382|B0381,B0382|B0381,0,0,True,True,True,True,True,True,True
2017-02-20-B0381-S03-E03-T04.c3d,atletas\B0381\2017-02-20-B0381-S03\2017-02-20-B0381-S03-E03-T04.c3d,B0381,S03,E03,T04,250.0,mm,deg,N,Nmm,W,382,3069,12.276,25,B0381|B0382,B0381|B0382,0,0,True,True,True,True,True,True,True
2017-02-20-B0381-S03-E04-T01.c3d,atletas\B0381\2017-02-20-B0381-S03\2017-02-20-B0381-S03-E04-T01.c3d,B0381,S03,E04,T01,250.0,mm,deg,N,Nmm,W,382,1968,7.872,25,B0381|B0380,B0381|B0380,0,0,True,True,True,True,True,True,True
2017-02-20-B0381-S03-E04-T02.c3d,atletas\B0381\2017-02-20-B0381-S03\2017-02-20-B0381-S03-E04-T02.c3d,B0381,S03,E04,T02,250.0,mm,deg,N,Nmm,W,382,1920,7.68,25,B0381|B0380,B0381|B0380,0,0,True,True,True,True,True,True,True
2017-02-20-B0381-S03-E04-T03.c3d,atletas\B0381\2017-02-20-B0381-S03\2017-02-20-B0381-S03-E04-T03.c3d,B0381,S03,E04,T03,250.0,mm,deg,N,Nmm,W,382,2497,9.988,25,B0382|B0381,B0382|B0381,0,0,True,True,True,True,True,True,True
2017-02-20-B0381-S03-E04-T04.c3d,atletas\B0381\2017-02-20-B0381-S03\2017-02-20-B0381-S03-E04-T04.c3d,B0381,S03,E04,T04,250.0,mm,deg,N,Nmm,W,382,1882,7.528,25,B0382|B0381,B0382|B0381,0,0,True,True,True,True,True,True,True
2017-02-20-B0381-S04-E01-T01.c3d,atletas\B0381\2017-02-20-B0381-S04\2017-02-20-B0381-S04-E01-T01.c3d,B0381,S04,E01,T01,250.0,mm,deg,N,Nmm,W,191,2077,8.308,74,B0381,B0381,0,0,True,True,True,True,True,True,True
2017-02-20-B0381-S04-E01-T02.c3d,atletas\B0381\2017-02-20-B0381-S04\2017-02-20-B0381-S04-E01-T02.c3d,B0381,S04,E01,T02,250.0,mm,deg,N,Nmm,W,191,2000,8.0,74,B0381,B0381,0,0,True,True,True,True,True,True,True
2017-02-20-B0381-S04-E02-T01.c3d,atletas\B0381\2017-02-20-B0381-S04\2017-02-20-B0381-S04-E02-T01.c3d,B0381,S04,E02,T01,250.0,mm,deg,N,Nmm,W,195,1779,7.116,74,Tarcza|B0381,Tarcza|B0381,4,0,True,True,True,True,True,True,True
2017-02-20-B0381-S04-E02-T02.c3d,atletas\B0381\2017-02-20-B0381-S04\2017-02-20-B0381-S04-E02-T02.c3d,B0381,S04,E02,T02,250.0,mm,deg,N,Nmm,W,195,1760,7.04,74,Tarcza|B0381,Tarcza|B0381,4,0,True,True,True,True,True,True,True
2017-02-20-B0381-S04-E03-T03.c3d,atletas\B0381\2017-02-20-B0381-S04\2017-02-20-B0381-S04-E03-T03.c3d,B0381,S04,E03,T03,250.0,mm,deg,N,Nmm,W,382,1386,5.544,25,B0382|B0381,B0382|B0381,0,0,True,True,True,True,True,True,True
2017-02-20-B0381-S04-E03-T04.c3d,atletas\B0381\2017-02-20-B0381-S04\2017-02-20-B0381-S04-E03-T04.c3d,B0381,S04,E03,T04,250.0,mm,deg,N,Nmm,W,382,2256,9.024,25,B0382|B0381,B0382|B0381,0,0,True,True,True,True,True,True,True
2017-02-20-B0381-S04-E04-T01.c3d,atletas\B0381\2017-02-20-B0381-S04\2017-02-20-B0381-S04-E04-T01.c3d,B0381,S04,E04,T01,250.0,mm,deg,N,Nmm,W,382,1876,7.504,25,B0381|B0380,B0381|B0380,0,0,True,True,True,True,True,True,True
2017-02-20-B0381-S04-E04-T02.c3d,atletas\B0381\2017-02-20-B0381-S04\2017-02-20-B0381-S04-E04-T02.c3d,B0381,S04,E04,T02,250.0,mm,deg,N,Nmm,W,382,1863,7.452,25,B0381|B0380,B0381|B0380,0,0,True,True,True,True,True,True,True
2017-02-20-B0381-S04-E04-T03.c3d,atletas\B0381\2017-02-20-B0381-S04\2017-02-20-B0381-S04-E04-T03.c3d,B0381,S04,E04,T03,250.0,mm,deg,N,Nmm,W,382,2013,8.052,25,B0382|B0381,B0382|B0381,0,0,True,True,True,True,True,True,True
2017-02-20-B0381-S04-E04-T04.c3d,atletas\B0381\2017-02-20-B0381-S04\2017-02-20-B0381-S04-E04-T04.c3d,B0381,S04,E04,T04,250.0,mm,deg,N,Nmm,W,382,2097,8.388,25,B0382|B0381,B0382|B0381,0,0,True,True,True,True,True,True,True
2017-02-20-B0381-S04-E04-T05.c3d,atletas\B0381\2017-02-20-B0381-S04\2017-02-20-B0381-S04-E04-T05.c3d,B0381,S04,E04,T05,250.0,mm,deg,N,Nmm,W,382,2214,8.856,25,B0382|B0381,B0382|B0381,0,0,True,True,True,True,True,True,True
2017-02-20-B0381-S05-E01-T01.c3d,atletas\B0381\2017-02-20-B0381-S05\2017-02-20-B0381-S05-E01-T01.c3d,B0381,S05,E01,T01,250.0,mm,deg,N,Nmm,W,191,2372,9.488,74,B0381,B0381,0,0,True,True,True,True,True,True,True
2017-02-20-B0381-S05-E01-T02.c3d,atletas\B0381\2017-02-20-B0381-S05\2017-02-20-B0381-S05-E01-T02.c3d,B0381,S05,E01,T02,250.0,mm,deg,N,Nmm,W,191,2560,10.24,74,B0381,B0381,0,0,True,True,True,True,True,True,True
2017-02-20-B0381-S05-E02-T01.c3d,atletas\B0381\2017-02-20-B0381-S05\2017-02-20-B0381-S05-E02-T01.c3d,B0381,S05,E02,T01,250.0,mm,deg,N,Nmm,W,195,2731,10.924,74,Tarcza|B0381,Tarcza|B0381,4,0,True,True,True,True,True,True,True
2017-02-20-B0381-S05-E02-T02.c3d,atletas\B0381\2017-02-20-B0381-S05\2017-02-20-B0381-S05-E02-T02.c3d,B0381,S05,E02,T02,250.0,mm,deg,N,Nmm,W,195,2987,11.948,74,Tarcza|B0381,Tarcza|B0381,4,0,True,True,True,True,True,True,True
2017-02-20-B0381-S05-E03-T03.c3d,atletas\B0381\2017-02-20-B0381-S05\2017-02-20-B0381-S05-E03-T03.c3d,B0381,S05,E03,T03,250.0,mm,deg,N,Nmm,W,382,3070,12.28,25,B0382|B0381,B0382|B0381,0,0,True,True,True,True,True,True,True
2017-02-20-B0381-S05-E03-T04.c3d,atletas\B0381\2017-02-20-B0381-S05\2017-02-20-B0381-S05-E03-T04.c3d,B0381,S05,E03,T04,250.0,mm,deg,N,Nmm,W,382,2378,9.512,25,B0382|B0381,B0382|B0381,0,0,True,True,True,True,True,True,True
2017-02-20-B0381-S05-E04-T01.c3d,atletas\B0381\2017-02-20-B0381-S05\2017-02-20-B0381-S05-E04-T01.c3d,B0381,S05,E04,T01,250.0,mm,deg,N,Nmm,W,382,2071,8.284,25,B0381|B0380,B0381|B0380,0,0,True,True,True,True,True,True,True
2017-02-20-B0381-S05-E04-T02.c3d,atletas\B0381\2017-02-20-B0381-S05\2017-02-20-B0381-S05-E04-T02.c3d,B0381,S05,E04,T02,250.0,mm,deg,N,Nmm,W,382,2006,8.024,25,B0381|B0380,B0381|B0380,0,0,True,True,True,True,True,True,True
2017-02-20-B0381-S05-E04-T03.c3d,atletas\B0381\2017-02-20-B0381-S05\2017-02-20-B0381-S05-E04-T03.c3d,B0381,S05,E04,T03,250.0,mm,deg,N,Nmm,W,382,3031,12.124,25,B0382|B0381,B0382|B0381,0,0,True,True,True,True,True,True,True
2017-02-20-B0381-S05-E04-T04.c3d,atletas\B0381\2017-02-20-B0381-S05\2017-02-20-B0381-S05-E04-T04.c3d,B0381,S05,E04,T04,250.0,mm,deg,N,Nmm,W,382,3406,13.624,25,B0382|B0381,B0382|B0381,0,0,True,True,True,True,True,True,True
2017-02-20-B0382-S01-E01-T01.c3d,atletas\B0382\2017-02-20-B0382-S01\2017-02-20-B0382-S01-E01-T01.c3d,B0382,S01,E01,T01,250.0,mm,deg,N,Nmm,W,191,3223,12.892,74,B0382,B0382,0,0,True,True,True,True,True,True,True
2017-02-20-B0382-S01-E01-T02.c3d,atletas\B0382\2017-02-20-B0382-S01\2017-02-20-B0382-S01-E01-T02.c3d,B0382,S01,E01,T02,250.0,mm,deg,N,Nmm,W,191,3111,12.444,74,B0382,B0382,0,0,True,True,True,True,True,True,True
2017-02-20-B0382-S01-E02-T01.c3d,atletas\B0382\2017-02-20-B0382-S01\2017-02-20-B0382-S01-E02-T01.c3d,B0382,S01,E02,T01,250.0,mm,deg,N,Nmm,W,195,1761,7.044,74,Tarcza|B0382,Tarcza|B0382,4,0,True,True,True,True,True,True,True
2017-02-20-B0382-S01-E02-T02.c3d,atletas\B0382\2017-02-20-B0382-S01\2017-02-20-B0382-S01-E02-T02.c3d,B0382,S01,E02,T02,250.0,mm,deg,N,Nmm,W,195,1796,7.184,74,Tarcza|B0382,Tarcza|B0382,4,0,True,True,True,True,True,True,True
2017-02-20-B0382-S01-E04-T01.c3d,atletas\B0382\2017-02-20-B0382-S01\2017-02-20-B0382-S01-E04-T01.c3d,B0382,S01,E04,T01,250.0,mm,deg,N,Nmm,W,382,2400,9.6,25,B0382|B0381,B0382|B0381,0,0,True,True,True,True,True,True,True
2017-02-20-B0382-S01-E04-T02.c3d,atletas\B0382\2017-02-20-B0382-S01\2017-02-20-B0382-S01-E04-T02.c3d,B0382,S01,E04,T02,250.0,mm,deg,N,Nmm,W,382,1745,6.98,25,B0382|B0381,B0382|B0381,0,0,True,True,True,True,True,True,True
2017-02-20-B0382-S02-E01-T01.c3d,atletas\B0382\2017-02-20-B0382-S02\2017-02-20-B0382-S02-E01-T01.c3d,B0382,S02,E01,T01,250.0,mm,deg,N,Nmm,W,191,2566,10.264,74,B0382,B0382,0,0,True,True,True,True,True,True,True
2017-02-20-B0382-S02-E01-T02.c3d,atletas\B0382\2017-02-20-B0382-S02\2017-02-20-B0382-S02-E01-T02.c3d,B0382,S02,E01,T02,250.0,mm,deg,N,Nmm,W,191,2373,9.492,74,B0382,B0382,0,0,True,True,True,True,True,True,True
2017-02-20-B0382-S02-E02-T01.c3d,atletas\B0382\2017-02-20-B0382-S02\2017-02-20-B0382-S02-E02-T01.c3d,B0382,S02,E02,T01,250.0,mm,deg,N,Nmm,W,195,2680,10.72,74,Tarcza|B0382,Tarcza|B0382,4,0,True,True,True,True,True,True,True
2017-02-20-B0382-S02-E02-T02.c3d,atletas\B0382\2017-02-20-B0382-S02\2017-02-20-B0382-S02-E02-T02.c3d,B0382,S02,E02,T02,250.0,mm,deg,N,Nmm,W,195,3684,14.736,74,Tarcza|B0382,Tarcza|B0382,4,0,True,True,True,True,True,True,True
2017-02-20-B0382-S02-E04-T01.c3d,atletas\B0382\2017-02-20-B0382-S02\2017-02-20-B0382-S02-E04-T01.c3d,B0382,S02,E04,T01,250.0,mm,deg,N,Nmm,W,382,4141,16.564,25,B0382|B0381,B0382|B0381,0,0,True,True,True,True,True,True,True
2017-02-20-B0382-S02-E04-T02.c3d,atletas\B0382\2017-02-20-B0382-S02\2017-02-20-B0382-S02-E04-T02.c3d,B0382,S02,E04,T02,250.0,mm,deg,N,Nmm,W,382,2534,10.136,25,B0382|B0381,B0382|B0381,0,0,True,True,True,True,True,True,True
2017-02-20-B0382-S03-E01-T01.c3d,atletas\B0382\2017-02-20-B0382-S03\2017-02-20-B0382-S03-E01-T01.c3d,B0382,S03,E01,T01,250.0,mm,deg,N,Nmm,W,191,2267,9.068,74,B0382,B0382,0,0,True,True,True,True,True,True,True
2017-02-20-B0382-S03-E01-T02.c3d,atletas\B0382\2017-02-20-B0382-S03\2017-02-20-B0382-S03-E01-T02.c3d,B0382,S03,E01,T02,250.0,mm,deg,N,Nmm,W,191,2193,8.772,74,B0382,B0382,0,0,True,True,True,True,True,True,True
2017-02-20-B0382-S03-E02-T01.c3d,atletas\B0382\2017-02-20-B0382-S03\2017-02-20-B0382-S03-E02-T01.c3d,B0382,S03,E02,T01,250.0,mm,deg,N,Nmm,W,195,2291,9.164,74,Tarcza|B0382,Tarcza|B0382,4,0,True,True,True,True,True,True,True
2017-02-20-B0382-S03-E02-T02.c3d,atletas\B0382\2017-02-20-B0382-S03\2017-02-20-B0382-S03-E02-T02.c3d,B0382,S03,E02,T02,250.0,mm,deg,N,Nmm,W,195,2519,10.076,74,Tarcza|B0382,Tarcza|B0382,4,0,True,True,True,True,True,True,True
2017-02-20-B0382-S03-E04-T01.c3d,atletas\B0382\2017-02-20-B0382-S03\2017-02-20-B0382-S03-E04-T01.c3d,B0382,S03,E04,T01,250.0,mm,deg,N,Nmm,W,382,2829,11.316,25,B0382|B0381,B0382|B0381,0,0,True,True,True,True,True,True,True
2017-02-20-B0382-S03-E04-T02.c3d,atletas\B0382\2017-02-20-B0382-S03\2017-02-20-B0382-S03-E04-T02.c3d,B0382,S03,E04,T02,250.0,mm,deg,N,Nmm,W,382,3069,12.276,25,B0381|B0382,B0381|B0382,0,0,True,True,True,True,True,True,True
2017-02-20-B0382-S04-E01-T01.c3d,atletas\B0382\2017-02-20-B0382-S04\2017-02-20-B0382-S04-E01-T01.c3d,B0382,S04,E01,T01,250.0,mm,deg,N,Nmm,W,191,4124,16.496,74,B0382,B0382,0,0,True,True,True,True,True,True,True
2017-02-20-B0382-S04-E01-T02.c3d,atletas\B0382\2017-02-20-B0382-S04\2017-02-20-B0382-S04-E01-T02.c3d,B0382,S04,E01,T02,250.0,mm,deg,N,Nmm,W,191,2181,8.724,74,B0382,B0382,0,0,True,True,True,True,True,True,True
2017-02-20-B0382-S04-E02-T01.c3d,atletas\B0382\2017-02-20-B0382-S04\2017-02-20-B0382-S04-E02-T01.c3d,B0382,S04,E02,T01,250.0,mm,deg,N,Nmm,W,195,2761,11.044,74,Tarcza|B0382,Tarcza|B0382,4,0,True,True,True,True,True,True,True
2017-02-20-B0382-S04-E02-T02.c3d,atletas\B0382\2017-02-20-B0382-S04\2017-02-20-B0382-S04-E02-T02.c3d,B0382,S04,E02,T02,250.0,mm,deg,N,Nmm,W,195,2304,9.216,74,Tarcza|B0382,Tarcza|B0382,4,0,True,True,True,True,True,True,True
2017-02-20-B0382-S04-E04-T01.c3d,atletas\B0382\2017-02-20-B0382-S04\2017-02-20-B0382-S04-E04-T01.c3d,B0382,S04,E04,T01,250.0,mm,deg,N,Nmm,W,382,1386,5.544,25,B0382|B0381,B0382|B0381,0,0,True,True,True,True,True,True,True
2017-02-20-B0382-S04-E04-T02.c3d,atletas\B0382\2017-02-20-B0382-S04\2017-02-20-B0382-S04-E04-T02.c3d,B0382,S04,E04,T02,250.0,mm,deg,N,Nmm,W,382,2256,9.024,25,B0382|B0381,B0382|B0381,0,0,True,True,True,True,True,True,True
2017-02-20-B0382-S05-E01-T01.c3d,atletas\B0382\2017-02-20-B0382-S05\2017-02-20-B0382-S05-E01-T01.c3d,B0382,S05,E01,T01,250.0,mm,deg,N,Nmm,W,191,2597,10.388,74,B0382,B0382,0,0,True,True,True,True,True,True,True
2017-02-20-B0382-S05-E01-T02.c3d,atletas\B0382\2017-02-20-B0382-S05\2017-02-20-B0382-S05-E01-T02.c3d,B0382,S05,E01,T02,250.0,mm,deg,N,Nmm,W,191,2721,10.884,74,B0382,B0382,0,0,True,True,True,True,True,True,True
2017-02-20-B0382-S05-E02-T01.c3d,atletas\B0382\2017-02-20-B0382-S05\2017-02-20-B0382-S05-E02-T01.c3d,B0382,S05,E02,T01,250.0,mm,deg,N,Nmm,W,195,2831,11.324,74,Tarcza|B0382,Tarcza|B0382,4,0,True,True,True,True,True,True,True
2017-02-20-B0382-S05-E02-T02.c3d,atletas\B0382\2017-02-20-B0382-S05\2017-02-20-B0382-S05-E02-T02.c3d,B0382,S05,E02,T02,250.0,mm,deg,N,Nmm,W,195,2569,10.276,74,Tarcza|B0382,Tarcza|B0382,4,0,True,True,True,True,True,True,True
2017-02-20-B0382-S05-E04-T01.c3d,atletas\B0382\2017-02-20-B0382-S05\2017-02-20-B0382-S05-E04-T01.c3d,B0382,S05,E04,T01,250.0,mm,deg,N,Nmm,W,382,3070,12.28,25,B0382|B0381,B0382|B0381,0,0,True,True,True,True,True,True,True
2017-02-20-B0382-S05-E04-T02.c3d,atletas\B0382\2017-02-20-B0382-S05\2017-02-20-B0382-S05-E04-T02.c3d,B0382,S05,E04,T02,250.0,mm,deg,N,Nmm,W,382,2378,9.512,25,B0382|B0381,B0382|B0381,0,0,True,True,True,True,True,True,True
2017-03-03-B0383-S01-E01-T01.c3d,atletas\B0383\2017-03-03-B0383-S01\2017-03-03-B0383-S01-E01-T01.c3d,B0383,S01,E01,T01,250.0,mm,deg,N,Nmm,W,191,3343,13.372,74,B0383,B0383,0,28,True,True,True,True,True,True,True
2017-03-03-B0383-S01-E01-T02.c3d,atletas\B0383\2017-03-03-B0383-S01\2017-03-03-B0383-S01-E01-T02.c3d,B0383,S01,E01,T02,250.0,mm,deg,N,Nmm,W,191,2153,8.612,74,B0383,B0383,0,28,True,True,True,True,True,True,True
2017-03-03-B0383-S01-E02-T01.c3d,atletas\B0383\2017-03-03-B0383-S01\2017-03-03-B0383-S01-E02-T01.c3d,B0383,S01,E02,T01,250.0,mm,deg,N,Nmm,W,195,1691,6.764,74,Tarcza|B0383,Tarcza|B0383,4,28,True,True,True,True,True,True,True
2017-03-03-B0383-S01-E02-T02.c3d,atletas\B0383\2017-03-03-B0383-S01\2017-03-03-B0383-S01-E02-T02.c3d,B0383,S01,E02,T02,250.0,mm,deg,N,Nmm,W,195,2123,8.492,74,Tarcza|B0383,Tarcza|B0383,4,28,True,True,True,True,True,True,True
2017-03-03-B0383-S01-E04-T01.c3d,atletas\B0383\2017-03-03-B0383-S01\2017-03-03-B0383-S01-E04-T01.c3d,B0383,S01,E04,T01,250.0,mm,deg,N,Nmm,W,382,3527,14.108,25,B0384|B0383,B0384|B0383,0,28,True,True,True,True,True,True,True
2017-03-03-B0383-S01-E04-T02.c3d,atletas\B0383\2017-03-03-B0383-S01\2017-03-03-B0383-S01-E04-T02.c3d,B0383,S01,E04,T02,250.0,mm,deg,N,Nmm,W,382,2144,8.576,25,B0384|B0383,B0384|B0383,0,28,True,True,True,True,True,True,True
2017-03-03-B0383-S02-E01-T01.c3d,atletas\B0383\2017-03-03-B0383-S02\2017-03-03-B0383-S02-E01-T01.c3d,B0383,S02,E01,T01,250.0,mm,deg,N,Nmm,W,191,1822,7.288,74,B0383,B0383,0,28,True,True,True,True,True,True,True
2017-03-03-B0383-S02-E01-T02.c3d,atletas\B0383\2017-03-03-B0383-S02\2017-03-03-B0383-S02-E01-T02.c3d,B0383,S02,E01,T02,250.0,mm,deg,N,Nmm,W,191,1770,7.08,74,B0383,B0383,0,28,True,True,True,True,True,True,True
2017-03-03-B0383-S02-E02-T01.c3d,atletas\B0383\2017-03-03-B0383-S02\2017-03-03-B0383-S02-E02-T01.c3d,B0383,S02,E02,T01,250.0,mm,deg,N,Nmm,W,195,1614,6.456,74,Tarcza|B0383,Tarcza|B0383,4,28,True,True,True,True,True,True,True
2017-03-03-B0383-S02-E02-T02.c3d,atletas\B0383\2017-03-03-B0383-S02\2017-03-03-B0383-S02-E02-T02.c3d,B0383,S02,E02,T02,250.0,mm,deg,N,Nmm,W,195,1531,6.124,74,Tarcza|B0383,Tarcza|B0383,4,28,True,True,True,True,True,True,True
2017-03-03-B0383-S02-E04-T01.c3d,atletas\B0383\2017-03-03-B0383-S02\2017-03-03-B0383-S02-E04-T01.c3d,B0383,S02,E04,T01,250.0,mm,deg,N,Nmm,W,382,2236,8.944,25,B0384|B0383,B0384|B0383,0,28,True,True,True,True,True,True,True
2017-03-03-B0383-S02-E04-T02.c3d,atletas\B0383\2017-03-03-B0383-S02\2017-03-03-B0383-S02-E04-T02.c3d,B0383,S02,E04,T02,250.0,mm,deg,N,Nmm,W,382,1763,7.052,25,B0384|B0383,B0384|B0383,0,28,True,True,True,True,True,True,True
2017-03-03-B0383-S02-E04-T03.c3d,atletas\B0383\2017-03-03-B0383-S02\2017-03-03-B0383-S02-E04-T03.c3d,B0383,S02,E04,T03,250.0,mm,deg,N,Nmm,W,382,2219,8.876,25,B0384|B0383,B0384|B0383,0,28,True,True,True,True,True,True,True
2017-03-03-B0383-S03-E01-T01.c3d,atletas\B0383\2017-03-03-B0383-S03\2017-03-03-B0383-S03-E01-T01.c3d,B0383,S03,E01,T01,250.0,mm,deg,N,Nmm,W,191,1588,6.352,74,B0383,B0383,0,28,True,True,True,True,True,True,True
2017-03-03-B0383-S03-E02-T01.c3d,atletas\B0383\2017-03-03-B0383-S03\2017-03-03-B0383-S03-E02-T01.c3d,B0383,S03,E02,T01,250.0,mm,deg,N,Nmm,W,195,1514,6.056,74,Tarcza|B0383,Tarcza|B0383,4,28,True,True,True,True,True,True,True
2017-03-03-B0383-S03-E02-T02.c3d,atletas\B0383\2017-03-03-B0383-S03\2017-03-03-B0383-S03-E02-T02.c3d,B0383,S03,E02,T02,250.0,mm,deg,N,Nmm,W,195,1969,7.876,74,Tarcza|B0383,Tarcza|B0383,4,28,True,True,True,True,True,True,True
2017-03-03-B0383-S03-E04-T01.c3d,atletas\B0383\2017-03-03-B0383-S03\2017-03-03-B0383-S03-E04-T01.c3d,B0383,S03,E04,T01,250.0,mm,deg,N,Nmm,W,382,2583,10.332,25,B0384|B0383,B0384|B0383,0,28,True,True,True,True,True,True,True
2017-03-03-B0383-S03-E04-T02.c3d,atletas\B0383\2017-03-03-B0383-S03\2017-03-03-B0383-S03-E04-T02.c3d,B0383,S03,E04,T02,250.0,mm,deg,N,Nmm,W,382,1941,7.764,25,B0384|B0383,B0384|B0383,0,28,True,True,True,True,True,True,True
2017-03-03-B0383-S04-E01-T01.c3d,atletas\B0383\2017-03-03-B0383-S04\2017-03-03-B0383-S04-E01-T01.c3d,B0383,S04,E01,T01,250.0,mm,deg,N,Nmm,W,191,1772,7.088,74,B0383,B0383,0,28,True,True,True,True,True,True,True
2017-03-03-B0383-S04-E01-T02.c3d,atletas\B0383\2017-03-03-B0383-S04\2017-03-03-B0383-S04-E01-T02.c3d,B0383,S04,E01,T02,250.0,mm,deg,N,Nmm,W,191,1921,7.684,74,B0383,B0383,0,28,True,True,True,True,True,True,True
2017-03-03-B0383-S04-E02-T01.c3d,atletas\B0383\2017-03-03-B0383-S04\2017-03-03-B0383-S04-E02-T01.c3d,B0383,S04,E02,T01,250.0,mm,deg,N,Nmm,W,195,1789,7.156,74,Tarcza|B0383,Tarcza|B0383,4,28,True,True,True,True,True,True,True
2017-03-03-B0383-S04-E02-T02.c3d,atletas\B0383\2017-03-03-B0383-S04\2017-03-03-B0383-S04-E02-T02.c3d,B0383,S04,E02,T02,250.0,mm,deg,N,Nmm,W,195,2032,8.128,74,Tarcza|B0383,Tarcza|B0383,4,28,True,True,True,True,True,True,True
2017-03-03-B0383-S04-E04-T01.c3d,atletas\B0383\2017-03-03-B0383-S04\2017-03-03-B0383-S04-E04-T01.c3d,B0383,S04,E04,T01,250.0,mm,deg,N,Nmm,W,382,2138,8.552,25,B0384|B0383,B0384|B0383,0,28,True,True,True,True,True,True,True
2017-03-03-B0383-S04-E04-T02.c3d,atletas\B0383\2017-03-03-B0383-S04\2017-03-03-B0383-S04-E04-T02.c3d,B0383,S04,E04,T02,250.0,mm,deg,N,Nmm,W,382,1965,7.86,25,B0384|B0383,B0384|B0383,0,28,True,True,True,True,True,True,True
2017-03-03-B0383-S05-E01-T01.c3d,atletas\B0383\2017-03-03-B0383-S05\2017-03-03-B0383-S05-E01-T01.c3d,B0383,S05,E01,T01,250.0,mm,deg,N,Nmm,W,191,1973,7.892,74,B0383,B0383,0,28,True,True,True,True,True,True,True
2017-03-03-B0383-S05-E01-T02.c3d,atletas\B0383\2017-03-03-B0383-S05\2017-03-03-B0383-S05-E01-T02.c3d,B0383,S05,E01,T02,250.0,mm,deg,N,Nmm,W,191,1829,7.316,74,B0383,B0383,0,28,True,True,True,True,True,True,True
2017-03-03-B0383-S05-E02-T01.c3d,atletas\B0383\2017-03-03-B0383-S05\2017-03-03-B0383-S05-E02-T01.c3d,B0383,S05,E02,T01,250.0,mm,deg,N,Nmm,W,195,2011,8.044,74,Tarcza|B0383,Tarcza|B0383,4,28,True,True,True,True,True,True,True
2017-03-03-B0383-S05-E02-T02.c3d,atletas\B0383\2017-03-03-B0383-S05\2017-03-03-B0383-S05-E02-T02.c3d,B0383,S05,E02,T02,250.0,mm,deg,N,Nmm,W,195,2213,8.852,74,Tarcza|B0383,Tarcza|B0383,4,28,True,True,True,True,True,True,True
2017-03-03-B0383-S05-E04-T01.c3d,atletas\B0383\2017-03-03-B0383-S05\2017-03-03-B0383-S05-E04-T01.c3d,B0383,S05,E04,T01,250.0,mm,deg,N,Nmm,W,382,3103,12.412,25,B0384|B0383,B0384|B0383,0,28,True,True,True,True,True,True,True
2017-03-03-B0383-S05-E04-T02.c3d,atletas\B0383\2017-03-03-B0383-S05\2017-03-03-B0383-S05-E04-T02.c3d,B0383,S05,E04,T02,250.0,mm,deg,N,Nmm,W,382,3185,12.74,25,B0384|B0383,B0384|B0383,0,28,True,True,True,True,True,True,True
2017-03-03-B0384-S01-E01-T01.c3d,atletas\B0384\2017-03-03-B0384-S01\2017-03-03-B0384-S01-E01-T01.c3d,B0384,S01,E01,T01,250.0,mm,deg,N,Nmm,W,191,2516,10.064,74,B0384,B0384,0,28,True,True,True,True,True,True,True
2017-03-03-B0384-S01-E01-T02.c3d,atletas\B0384\2017-03-03-B0384-S01\2017-03-03-B0384-S01-E01-T02.c3d,B0384,S01,E01,T02,250.0,mm,deg,N,Nmm,W,191,2732,10.928,74,B0384,B0384,0,28,True,True,True,True,True,True,True
2017-03-03-B0384-S01-E02-T01.c3d,atletas\B0384\2017-03-03-B0384-S01\2017-03-03-B0384-S01-E02-T01.c3d,B0384,S01,E02,T01,250.0,mm,deg,N,Nmm,W,195,2161,8.644,74,Tarcza|B0384,Tarcza|B0384,4,28,True,True,True,True,True,True,True
2017-03-03-B0384-S01-E02-T02.c3d,atletas\B0384\2017-03-03-B0384-S01\2017-03-03-B0384-S01-E02-T02.c3d,B0384,S01,E02,T02,250.0,mm,deg,N,Nmm,W,195,2393,9.572,74,Tarcza|B0384,Tarcza|B0384,4,28,True,True,True,True,True,True,True
2017-03-03-B0384-S01-E03-T01.c3d,atletas\B0384\2017-03-03-B0384-S01\2017-03-03-B0384-S01-E03-T01.c3d,B0384,S01,E03,T01,250.0,mm,deg,N,Nmm,W,382,3527,14.108,25,B0384|B0383,B0384|B0383,0,28,True,True,True,True,True,True,True
2017-03-03-B0384-S01-E03-T02.c3d,atletas\B0384\2017-03-03-B0384-S01\2017-03-03-B0384-S01-E03-T02.c3d,B0384,S01,E03,T02,250.0,mm,deg,N,Nmm,W,382,2144,8.576,25,B0384|B0383,B0384|B0383,0,28,True,True,True,True,True,True,True
2017-03-03-B0384-S01-E04-T01.c3d,atletas\B0384\2017-03-03-B0384-S01\2017-03-03-B0384-S01-E04-T01.c3d,B0384,S01,E04,T01,250.0,mm,deg,N,Nmm,W,382,2992,11.968,25,B0385|B0384,B0385|B0384,0,28,True,True,True,True,True,True,True
2017-03-03-B0384-S01-E04-T02.c3d,atletas\B0384\2017-03-03-B0384-S01\2017-03-03-B0384-S01-E04-T02.c3d,B0384,S01,E04,T02,250.0,mm,deg,N,Nmm,W,382,2176,8.704,25,B0385|B0384,B0385|B0384,0,28,True,True,True,True,True,True,True
2017-03-03-B0384-S01-E04-T03.c3d,atletas\B0384\2017-03-03-B0384-S01\2017-03-03-B0384-S01-E04-T03.c3d,B0384,S01,E04,T03,250.0,mm,deg,N,Nmm,W,382,2102,8.408,25,B0385|B0384,B0385|B0384,0,28,True,True,True,True,True,True,True
2017-03-03-B0384-S02-E01-T01.c3d,atletas\B0384\2017-03-03-B0384-S02\2017-03-03-B0384-S02-E01-T01.c3d,B0384,S02,E01,T01,250.0,mm,deg,N,Nmm,W,191,1988,7.952,74,B0384,B0384,0,28,True,True,True,True,True,True,True
2017-03-03-B0384-S02-E01-T02.c3d,atletas\B0384\2017-03-03-B0384-S02\2017-03-03-B0384-S02-E01-T02.c3d,B0384,S02,E01,T02,250.0,mm,deg,N,Nmm,W,191,1989,7.956,74,B0384,B0384,0,28,True,True,True,True,True,True,True
2017-03-03-B0384-S02-E02-T01.c3d,atletas\B0384\2017-03-03-B0384-S02\2017-03-03-B0384-S02-E02-T01.c3d,B0384,S02,E02,T01,250.0,mm,deg,N,Nmm,W,195,1930,7.72,74,Tarcza|B0384,Tarcza|B0384,4,28,True,True,True,True,True,True,True
2017-03-03-B0384-S02-E02-T02.c3d,atletas\B0384\2017-03-03-B0384-S02\2017-03-03-B0384-S02-E02-T02.c3d,B0384,S02,E02,T02,250.0,mm,deg,N,Nmm,W,195,2045,8.18,74,Tarcza|B0384,Tarcza|B0384,4,28,True,True,True,True,True,True,True
2017-03-03-B0384-S02-E03-T01.c3d,atletas\B0384\2017-03-03-B0384-S02\2017-03-03-B0384-S02-E03-T01.c3d,B0384,S02,E03,T01,250.0,mm,deg,N,Nmm,W,382,2236,8.944,25,B0384|B0383,B0384|B0383,0,28,True,True,True,True,True,True,True
2017-03-03-B0384-S02-E03-T02.c3d,atletas\B0384\2017-03-03-B0384-S02\2017-03-03-B0384-S02-E03-T02.c3d,B0384,S02,E03,T02,250.0,mm,deg,N,Nmm,W,382,1763,7.052,25,B0384|B0383,B0384|B0383,0,28,True,True,True,True,True,True,True
2017-03-03-B0384-S02-E03-T03.c3d,atletas\B0384\2017-03-03-B0384-S02\2017-03-03-B0384-S02-E03-T03.c3d,B0384,S02,E03,T03,250.0,mm,deg,N,Nmm,W,382,2219,8.876,25,B0384|B0383,B0384|B0383,0,28,True,True,True,True,True,True,True
2017-03-03-B0384-S02-E04-T01.c3d,atletas\B0384\2017-03-03-B0384-S02\2017-03-03-B0384-S02-E04-T01.c3d,B0384,S02,E04,T01,250.0,mm,deg,N,Nmm,W,382,2810,11.24,25,B0385|B0384,B0385|B0384,0,28,True,True,True,True,True,True,True
2017-03-03-B0384-S02-E04-T02.c3d,atletas\B0384\2017-03-03-B0384-S02\2017-03-03-B0384-S02-E04-T02.c3d,B0384,S02,E04,T02,250.0,mm,deg,N,Nmm,W,382,2157,8.628,25,B0385|B0384,B0385|B0384,0,28,True,True,True,True,True,True,True
2017-03-03-B0384-S03-E01-T01.c3d,atletas\B0384\2017-03-03-B0384-S03\2017-03-03-B0384-S03-E01-T01.c3d,B0384,S03,E01,T01,250.0,mm,deg,N,Nmm,W,191,1914,7.656,74,B0384,B0384,0,28,True,True,True,True,True,True,True
2017-03-03-B0384-S03-E01-T02.c3d,atletas\B0384\2017-03-03-B0384-S03\2017-03-03-B0384-S03-E01-T02.c3d,B0384,S03,E01,T02,250.0,mm,deg,N,Nmm,W,191,2162,8.648,74,B0384,B0384,0,28,True,True,True,True,True,True,True
2017-03-03-B0384-S03-E02-T01.c3d,atletas\B0384\2017-03-03-B0384-S03\2017-03-03-B0384-S03-E02-T01.c3d,B0384,S03,E02,T01,250.0,mm,deg,N,Nmm,W,195,1708,6.832,74,Tarcza|B0384,Tarcza|B0384,4,28,True,True,True,True,True,True,True
2017-03-03-B0384-S03-E02-T02.c3d,atletas\B0384\2017-03-03-B0384-S03\2017-03-03-B0384-S03-E02-T02.c3d,B0384,S03,E02,T02,250.0,mm,deg,N,Nmm,W,195,1714,6.856,74,Tarcza|B0384,Tarcza|B0384,4,28,True,True,True,True,True,True,True
2017-03-03-B0384-S03-E03-T01.c3d,atletas\B0384\2017-03-03-B0384-S03\2017-03-03-B0384-S03-E03-T01.c3d,B0384,S03,E03,T01,250.0,mm,deg,N,Nmm,W,382,2583,10.332,25,B0384|B0383,B0384|B0383,0,28,True,True,True,True,True,True,True
2017-03-03-B0384-S03-E03-T02.c3d,atletas\B0384\2017-03-03-B0384-S03\2017-03-03-B0384-S03-E03-T02.c3d,B0384,S03,E03,T02,250.0,mm,deg,N,Nmm,W,382,1941,7.764,25,B0384|B0383,B0384|B0383,0,28,True,True,True,True,True,True,True
2017-03-03-B0384-S03-E04-T01.c3d,atletas\B0384\2017-03-03-B0384-S03\2017-03-03-B0384-S03-E04-T01.c3d,B0384,S03,E04,T01,250.0,mm,deg,N,Nmm,W,382,2427,9.708,25,B0385|B0384,B0385|B0384,0,0,True,True,True,True,True,True,True
2017-03-03-B0384-S03-E04-T02.c3d,atletas\B0384\2017-03-03-B0384-S03\2017-03-03-B0384-S03-E04-T02.c3d,B0384,S03,E04,T02,250.0,mm,deg,N,Nmm,W,382,2264,9.056,25,B0385|B0384,B0385|B0384,0,0,True,True,True,True,True,True,True
2017-03-03-B0384-S04-E01-T01.c3d,atletas\B0384\2017-03-03-B0384-S04\2017-03-03-B0384-S04-E01-T01.c3d,B0384,S04,E01,T01,250.0,mm,deg,N,Nmm,W,191,1700,6.8,74,B0384,B0384,0,28,True,True,True,True,True,True,True
2017-03-03-B0384-S04-E01-T02.c3d,atletas\B0384\2017-03-03-B0384-S04\2017-03-03-B0384-S04-E01-T02.c3d,B0384,S04,E01,T02,250.0,mm,deg,N,Nmm,W,191,2125,8.5,74,B0384,B0384,0,28,True,True,True,True,True,True,True
2017-03-03-B0384-S04-E02-T01.c3d,atletas\B0384\2017-03-03-B0384-S04\2017-03-03-B0384-S04-E02-T01.c3d,B0384,S04,E02,T01,250.0,mm,deg,N,Nmm,W,195,2111,8.444,74,Tarcza|B0384,Tarcza|B0384,4,28,True,True,True,True,True,True,True
2017-03-03-B0384-S04-E02-T02.c3d,atletas\B0384\2017-03-03-B0384-S04\2017-03-03-B0384-S04-E02-T02.c3d,B0384,S04,E02,T02,250.0,mm,deg,N,Nmm,W,195,2248,8.992,74,Tarcza|B0384,Tarcza|B0384,4,28,True,True,True,True,True,True,True
2017-03-03-B0384-S04-E03-T01.c3d,atletas\B0384\2017-03-03-B0384-S04\2017-03-03-B0384-S04-E03-T01.c3d,B0384,S04,E03,T01,250.0,mm,deg,N,Nmm,W,382,2138,8.552,25,B0384|B0383,B0384|B0383,0,28,True,True,True,True,True,True,True
2017-03-03-B0384-S04-E03-T02.c3d,atletas\B0384\2017-03-03-B0384-S04\2017-03-03-B0384-S04-E03-T02.c3d,B0384,S04,E03,T02,250.0,mm,deg,N,Nmm,W,382,1965,7.86,25,B0384|B0383,B0384|B0383,0,28,True,True,True,True,True,True,True
2017-03-03-B0384-S04-E04-T01.c3d,atletas\B0384\2017-03-03-B0384-S04\2017-03-03-B0384-S04-E04-T01.c3d,B0384,S04,E04,T01,250.0,mm,deg,N,Nmm,W,382,2325,9.3,25,B0385|B0384,B0385|B0384,0,0,True,True,True,True,True,True,True
2017-03-03-B0384-S04-E04-T02.c3d,atletas\B0384\2017-03-03-B0384-S04\2017-03-03-B0384-S04-E04-T02.c3d,B0384,S04,E04,T02,250.0,mm,deg,N,Nmm,W,382,2063,8.252,25,B0385|B0384,B0385|B0384,0,0,True,True,True,True,True,True,True
2017-03-03-B0384-S05-E01-T01.c3d,atletas\B0384\2017-03-03-B0384-S05\2017-03-03-B0384-S05-E01-T01.c3d,B0384,S05,E01,T01,250.0,mm,deg,N,Nmm,W,191,2536,10.144,74,B0384,B0384,0,28,True,True,True,True,True,True,True
2017-03-03-B0384-S05-E01-T02.c3d,atletas\B0384\2017-03-03-B0384-S05\2017-03-03-B0384-S05-E01-T02.c3d,B0384,S05,E01,T02,250.0,mm,deg,N,Nmm,W,191,2632,10.528,74,B0384,B0384,0,28,True,True,True,True,True,True,True
2017-03-03-B0384-S05-E02-T01.c3d,atletas\B0384\2017-03-03-B0384-S05\2017-03-03-B0384-S05-E02-T01.c3d,B0384,S05,E02,T01,250.0,mm,deg,N,Nmm,W,195,2553,10.212,74,Tarcza|B0384,Tarcza|B0384,4,28,True,True,True,True,True,True,True
2017-03-03-B0384-S05-E02-T02.c3d,atletas\B0384\2017-03-03-B0384-S05\2017-03-03-B0384-S05-E02-T02.c3d,B0384,S05,E02,T02,250.0,mm,deg,N,Nmm,W,195,2902,11.608,74,Tarcza|B0384,Tarcza|B0384,4,28,True,True,True,True,True,True,True
2017-03-03-B0384-S05-E03-T01.c3d,atletas\B0384\2017-03-03-B0384-S05\2017-03-03-B0384-S05-E03-T01.c3d,B0384,S05,E03,T01,250.0,mm,deg,N,Nmm,W,382,3103,12.412,25,B0384|B0383,B0384|B0383,0,28,True,True,True,True,True,True,True
2017-03-03-B0384-S05-E03-T02.c3d,atletas\B0384\2017-03-03-B0384-S05\2017-03-03-B0384-S05-E03-T02.c3d,B0384,S05,E03,T02,250.0,mm,deg,N,Nmm,W,382,3185,12.74,25,B0384|B0383,B0384|B0383,0,28,True,True,True,True,True,True,True
2017-03-03-B0384-S05-E04-T01.c3d,atletas\B0384\2017-03-03-B0384-S05\2017-03-03-B0384-S05-E04-T01.c3d,B0384,S05,E04,T01,250.0,mm,deg,N,Nmm,W,382,3560,14.24,25,B0385|B0384,B0385|B0384,0,0,True,True,True,True,True,True,True
2017-03-03-B0384-S05-E04-T02.c3d,atletas\B0384\2017-03-03-B0384-S05\2017-03-03-B0384-S05-E04-T02.c3d,B0384,S05,E04,T02,250.0,mm,deg,N,Nmm,W,382,4068,16.272,25,B0385|B0384,B0385|B0384,0,0,True,True,True,True,True,True,True
2017-03-03-B0385-S01-E01-T01.c3d,atletas\B0385\2017-03-03-B0385-S01\2017-03-03-B0385-S01-E01-T01.c3d,B0385,S01,E01,T01,250.0,mm,deg,N,Nmm,W,191,1838,7.352,74,B0385,B0385,0,0,True,True,True,True,True,True,True
2017-03-03-B0385-S01-E01-T02.c3d,atletas\B0385\2017-03-03-B0385-S01\2017-03-03-B0385-S01-E01-T02.c3d,B0385,S01,E01,T02,250.0,mm,deg,N,Nmm,W,191,2555,10.22,74,B0385,B0385,0,0,True,True,True,True,True,True,True
2017-03-03-B0385-S01-E02-T01.c3d,atletas\B0385\2017-03-03-B0385-S01\2017-03-03-B0385-S01-E02-T01.c3d,B0385,S01,E02,T01,250.0,mm,deg,N,Nmm,W,195,2525,10.1,74,Tarcza|B0385,Tarcza|B0385,4,0,True,True,True,True,True,True,True
2017-03-03-B0385-S01-E02-T02.c3d,atletas\B0385\2017-03-03-B0385-S01\2017-03-03-B0385-S01-E02-T02.c3d,B0385,S01,E02,T02,250.0,mm,deg,N,Nmm,W,195,1596,6.384,74,Tarcza|B0385,Tarcza|B0385,4,0,True,True,True,True,True,True,True
2017-03-03-B0385-S01-E03-T01.c3d,atletas\B0385\2017-03-03-B0385-S01\2017-03-03-B0385-S01-E03-T01.c3d,B0385,S01,E03,T01,250.0,mm,deg,N,Nmm,W,382,2992,11.968,25,B0385|B0384,B0385|B0384,0,28,True,True,True,True,True,True,True
2017-03-03-B0385-S01-E03-T02.c3d,atletas\B0385\2017-03-03-B0385-S01\2017-03-03-B0385-S01-E03-T02.c3d,B0385,S01,E03,T02,250.0,mm,deg,N,Nmm,W,382,2176,8.704,25,B0385|B0384,B0385|B0384,0,28,True,True,True,True,True,True,True
2017-03-03-B0385-S01-E03-T03.c3d,atletas\B0385\2017-03-03-B0385-S01\2017-03-03-B0385-S01-E03-T03.c3d,B0385,S01,E03,T03,250.0,mm,deg,N,Nmm,W,382,2102,8.408,25,B0385|B0384,B0385|B0384,0,28,True,True,True,True,True,True,True
2017-03-03-B0385-S01-E04-T01.c3d,atletas\B0385\2017-03-03-B0385-S01\2017-03-03-B0385-S01-E04-T01.c3d,B0385,S01,E04,T01,250.0,mm,deg,N,Nmm,W,382,3910,15.64,25,B0386|B0385,B0386|B0385,0,0,True,True,True,True,True,True,True
2017-03-03-B0385-S01-E04-T02.c3d,atletas\B0385\2017-03-03-B0385-S01\2017-03-03-B0385-S01-E04-T02.c3d,B0385,S01,E04,T02,250.0,mm,deg,N,Nmm,W,382,2114,8.456,25,B0386|B0385,B0386|B0385,0,0,True,True,True,True,True,True,True
2017-03-03-B0385-S02-E01-T01.c3d,atletas\B0385\2017-03-03-B0385-S02\2017-03-03-B0385-S02-E01-T01.c3d,B0385,S02,E01,T01,250.0,mm,deg,N,Nmm,W,191,2047,8.188,74,B0385,B0385,0,0,True,True,True,True,True,True,True
2017-03-03-B0385-S02-E01-T02.c3d,atletas\B0385\2017-03-03-B0385-S02\2017-03-03-B0385-S02-E01-T02.c3d,B0385,S02,E01,T02,250.0,mm,deg,N,Nmm,W,191,1912,7.648,74,B0385,B0385,0,0,True,True,True,True,True,True,True
2017-03-03-B0385-S02-E02-T01.c3d,atletas\B0385\2017-03-03-B0385-S02\2017-03-03-B0385-S02-E02-T01.c3d,B0385,S02,E02,T01,250.0,mm,deg,N,Nmm,W,195,1723,6.892,74,Tarcza|B0385,Tarcza|B0385,4,0,True,True,True,True,True,True,True
2017-03-03-B0385-S02-E02-T02.c3d,atletas\B0385\2017-03-03-B0385-S02\2017-03-03-B0385-S02-E02-T02.c3d,B0385,S02,E02,T02,250.0,mm,deg,N,Nmm,W,195,1621,6.484,74,Tarcza|B0385,Tarcza|B0385,4,0,True,True,True,True,True,True,True
2017-03-03-B0385-S02-E03-T01.c3d,atletas\B0385\2017-03-03-B0385-S02\2017-03-03-B0385-S02-E03-T01.c3d,B0385,S02,E03,T01,250.0,mm,deg,N,Nmm,W,382,2810,11.24,25,B0385|B0384,B0385|B0384,0,28,True,True,True,True,True,True,True
2017-03-03-B0385-S02-E03-T02.c3d,atletas\B0385\2017-03-03-B0385-S02\2017-03-03-B0385-S02-E03-T02.c3d,B0385,S02,E03,T02,250.0,mm,deg,N,Nmm,W,382,2157,8.628,25,B0385|B0384,B0385|B0384,0,28,True,True,True,True,True,True,True
2017-03-03-B0385-S02-E04-T01.c3d,atletas\B0385\2017-03-03-B0385-S02\2017-03-03-B0385-S02-E04-T01.c3d,B0385,S02,E04,T01,250.0,mm,deg,N,Nmm,W,382,2333,9.332,25,B0386|B0385,B0386|B0385,0,0,True,True,True,True,True,True,True
2017-03-03-B0385-S02-E04-T02.c3d,atletas\B0385\2017-03-03-B0385-S02\2017-03-03-B0385-S02-E04-T02.c3d,B0385,S02,E04,T02,250.0,mm,deg,N,Nmm,W,382,1581,6.324,25,B0386|B0385,B0386|B0385,0,0,True,True,True,True,True,True,True
2017-03-03-B0385-S03-E01-T01.c3d,atletas\B0385\2017-03-03-B0385-S03\2017-03-03-B0385-S03-E01-T01.c3d,B0385,S03,E01,T01,250.0,mm,deg,N,Nmm,W,191,1863,7.452,74,B0385,B0385,0,0,True,True,True,True,True,True,True
2017-03-03-B0385-S03-E01-T02.c3d,atletas\B0385\2017-03-03-B0385-S03\2017-03-03-B0385-S03-E01-T02.c3d,B0385,S03,E01,T02,250.0,mm,deg,N,Nmm,W,191,1922,7.688,74,B0385,B0385,0,0,True,True,True,True,True,True,True
2017-03-03-B0385-S03-E02-T01.c3d,atletas\B0385\2017-03-03-B0385-S03\2017-03-03-B0385-S03-E02-T01.c3d,B0385,S03,E02,T01,250.0,mm,deg,N,Nmm,W,195,1679,6.716,74,Tarcza|B0385,Tarcza|B0385,4,0,True,True,True,True,True,True,True
2017-03-03-B0385-S03-E02-T02.c3d,atletas\B0385\2017-03-03-B0385-S03\2017-03-03-B0385-S03-E02-T02.c3d,B0385,S03,E02,T02,250.0,mm,deg,N,Nmm,W,195,1646,6.584,74,Tarcza|B0385,Tarcza|B0385,4,0,True,True,True,True,True,True,True
2017-03-03-B0385-S03-E03-T01.c3d,atletas\B0385\2017-03-03-B0385-S03\2017-03-03-B0385-S03-E03-T01.c3d,B0385,S03,E03,T01,250.0,mm,deg,N,Nmm,W,382,2427,9.708,25,B0385|B0384,B0385|B0384,0,0,True,True,True,True,True,True,True
2017-03-03-B0385-S03-E03-T02.c3d,atletas\B0385\2017-03-03-B0385-S03\2017-03-03-B0385-S03-E03-T02.c3d,B0385,S03,E03,T02,250.0,mm,deg,N,Nmm,W,382,2264,9.056,25,B0385|B0384,B0385|B0384,0,0,True,True,True,True,True,True,True
2017-03-03-B0385-S03-E04-T01.c3d,atletas\B0385\2017-03-03-B0385-S03\2017-03-03-B0385-S03-E04-T01.c3d,B0385,S03,E04,T01,250.0,mm,deg,N,Nmm,W,382,1682,6.728,25,B0386|B0385,B0386|B0385,0,0,True,True,True,True,True,True,True
2017-03-03-B0385-S03-E04-T02.c3d,atletas\B0385\2017-03-03-B0385-S03\2017-03-03-B0385-S03-E04-T02.c3d,B0385,S03,E04,T02,250.0,mm,deg,N,Nmm,W,382,1808,7.232,25,B0386|B0385,B0386|B0385,0,0,True,True,True,True,True,True,True
2017-03-03-B0385-S04-E01-T01.c3d,atletas\B0385\2017-03-03-B0385-S04\2017-03-03-B0385-S04-E01-T01.c3d,B0385,S04,E01,T01,250.0,mm,deg,N,Nmm,W,191,2009,8.036,74,B0385,B0385,0,0,True,True,True,True,True,True,True
2017-03-03-B0385-S04-E01-T02.c3d,atletas\B0385\2017-03-03-B0385-S04\2017-03-03-B0385-S04-E01-T02.c3d,B0385,S04,E01,T02,250.0,mm,deg,N,Nmm,W,191,1902,7.608,74,B0385,B0385,0,0,True,True,True,True,True,True,True
2017-03-03-B0385-S04-E02-T01.c3d,atletas\B0385\2017-03-03-B0385-S04\2017-03-03-B0385-S04-E02-T01.c3d,B0385,S04,E02,T01,250.0,mm,deg,N,Nmm,W,195,1785,7.14,74,Tarcza|B0385,Tarcza|B0385,4,0,True,True,True,True,True,True,True
2017-03-03-B0385-S04-E02-T02.c3d,atletas\B0385\2017-03-03-B0385-S04\2017-03-03-B0385-S04-E02-T02.c3d,B0385,S04,E02,T02,250.0,mm,deg,N,Nmm,W,195,1721,6.884,74,Tarcza|B0385,Tarcza|B0385,4,0,True,True,True,True,True,True,True
2017-03-03-B0385-S04-E03-T01.c3d,atletas\B0385\2017-03-03-B0385-S04\2017-03-03-B0385-S04-E03-T01.c3d,B0385,S04,E03,T01,250.0,mm,deg,N,Nmm,W,382,2325,9.3,25,B0385|B0384,B0385|B0384,0,0,True,True,True,True,True,True,True
2017-03-03-B0385-S04-E03-T02.c3d,atletas\B0385\2017-03-03-B0385-S04\2017-03-03-B0385-S04-E03-T02.c3d,B0385,S04,E03,T02,250.0,mm,deg,N,Nmm,W,382,2063,8.252,25,B0385|B0384,B0385|B0384,0,0,True,True,True,True,True,True,True
2017-03-03-B0385-S04-E04-T01.c3d,atletas\B0385\2017-03-03-B0385-S04\2017-03-03-B0385-S04-E04-T01.c3d,B0385,S04,E04,T01,250.0,mm,deg,N,Nmm,W,382,1997,7.988,25,B0386|B0385,B0386|B0385,0,0,True,True,True,True,True,True,True
2017-03-03-B0385-S04-E04-T02.c3d,atletas\B0385\2017-03-03-B0385-S04\2017-03-03-B0385-S04-E04-T02.c3d,B0385,S04,E04,T02,250.0,mm,deg,N,Nmm,W,382,2058,8.232,25,B0386|B0385,B0386|B0385,0,0,True,True,True,True,True,True,True
2017-03-03-B0385-S04-E04-T03.c3d,atletas\B0385\2017-03-03-B0385-S04\2017-03-03-B0385-S04-E04-T03.c3d,B0385,S04,E04,T03,250.0,mm,deg,N,Nmm,W,382,1656,6.624,25,B0386|B0385,B0386|B0385,0,0,True,True,True,True,True,True,True
2017-03-03-B0385-S05-E01-T01.c3d,atletas\B0385\2017-03-03-B0385-S05\2017-03-03-B0385-S05-E01-T01.c3d,B0385,S05,E01,T01,250.0,mm,deg,N,Nmm,W,191,4047,16.188,74,B0385,B0385,0,0,True,True,True,True,True,True,True
2017-03-03-B0385-S05-E01-T02.c3d,atletas\B0385\2017-03-03-B0385-S05\2017-03-03-B0385-S05-E01-T02.c3d,B0385,S05,E01,T02,250.0,mm,deg,N,Nmm,W,191,6024,24.096,74,B0385,B0385,0,0,True,True,True,True,True,True,True
2017-03-03-B0385-S05-E02-T01.c3d,atletas\B0385\2017-03-03-B0385-S05\2017-03-03-B0385-S05-E02-T01.c3d,B0385,S05,E02,T01,250.0,mm,deg,N,Nmm,W,195,2945,11.78,74,Tarcza|B0385,Tarcza|B0385,4,0,True,True,True,True,True,True,True
2017-03-03-B0385-S05-E02-T02.c3d,atletas\B0385\2017-03-03-B0385-S05\2017-03-03-B0385-S05-E02-T02.c3d,B0385,S05,E02,T02,250.0,mm,deg,N,Nmm,W,195,3081,12.324,74,Tarcza|B0385,Tarcza|B0385,4,0,True,True,True,True,True,True,True
2017-03-03-B0385-S05-E03-T01.c3d,atletas\B0385\2017-03-03-B0385-S05\2017-03-03-B0385-S05-E03-T01.c3d,B0385,S05,E03,T01,250.0,mm,deg,N,Nmm,W,382,3560,14.24,25,B0385|B0384,B0385|B0384,0,0,True,True,True,True,True,True,True
2017-03-03-B0385-S05-E03-T02.c3d,atletas\B0385\2017-03-03-B0385-S05\2017-03-03-B0385-S05-E03-T02.c3d,B0385,S05,E03,T02,250.0,mm,deg,N,Nmm,W,382,4068,16.272,25,B0385|B0384,B0385|B0384,0,0,True,True,True,True,True,True,True
2017-03-03-B0385-S05-E04-T01.c3d,atletas\B0385\2017-03-03-B0385-S05\2017-03-03-B0385-S05-E04-T01.c3d,B0385,S05,E04,T01,250.0,mm,deg,N,Nmm,W,382,2708,10.832,25,B0386|B0385,B0386|B0385,0,0,True,True,True,True,True,True,True
2017-03-03-B0385-S05-E04-T02.c3d,atletas\B0385\2017-03-03-B0385-S05\2017-03-03-B0385-S05-E04-T02.c3d,B0385,S05,E04,T02,250.0,mm,deg,N,Nmm,W,382,2972,11.888,25,B0386|B0385,B0386|B0385,0,0,True,True,True,True,True,True,True
2017-03-03-B0386-S01-E01-T01.c3d,atletas\B0386\2017-03-03-B0386-S01\2017-03-03-B0386-S01-E01-T01.c3d,B0386,S01,E01,T01,250.0,mm,deg,N,Nmm,W,191,2107,8.428,74,B0386,B0386,0,0,True,True,True,True,True,True,True
2017-03-03-B0386-S01-E01-T02.c3d,atletas\B0386\2017-03-03-B0386-S01\2017-03-03-B0386-S01-E01-T02.c3d,B0386,S01,E01,T02,250.0,mm,deg,N,Nmm,W,191,1926,7.704,74,B0386,B0386,0,0,True,True,True,True,True,True,True
2017-03-03-B0386-S01-E02-T01.c3d,atletas\B0386\2017-03-03-B0386-S01\2017-03-03-B0386-S01-E02-T01.c3d,B0386,S01,E02,T01,250.0,mm,deg,N,Nmm,W,195,1671,6.684,74,Tarcza|B0386,Tarcza|B0386,4,0,True,True,True,True,True,True,True
2017-03-03-B0386-S01-E02-T02.c3d,atletas\B0386\2017-03-03-B0386-S01\2017-03-03-B0386-S01-E02-T02.c3d,B0386,S01,E02,T02,250.0,mm,deg,N,Nmm,W,195,1565,6.26,74,Tarcza|B0386,Tarcza|B0386,4,0,True,True,True,True,True,True,True
2017-03-03-B0386-S01-E03-T01.c3d,atletas\B0386\2017-03-03-B0386-S01\2017-03-03-B0386-S01-E03-T01.c3d,B0386,S01,E03,T01,250.0,mm,deg,N,Nmm,W,382,3910,15.64,25,B0386|B0385,B0386|B0385,0,0,True,True,True,True,True,True,True
2017-03-03-B0386-S01-E03-T02.c3d,atletas\B0386\2017-03-03-B0386-S01\2017-03-03-B0386-S01-E03-T02.c3d,B0386,S01,E03,T02,250.0,mm,deg,N,Nmm,W,382,2114,8.456,25,B0386|B0385,B0386|B0385,0,0,True,True,True,True,True,True,True
2017-03-03-B0386-S01-E04-T01.c3d,atletas\B0386\2017-03-03-B0386-S01\2017-03-03-B0386-S01-E04-T01.c3d,B0386,S01,E04,T01,250.0,mm,deg,N,Nmm,W,382,3206,12.824,25,B0387|B0386,B0387|B0386,0,0,True,True,True,True,True,True,True
2017-03-03-B0386-S01-E04-T02.c3d,atletas\B0386\2017-03-03-B0386-S01\2017-03-03-B0386-S01-E04-T02.c3d,B0386,S01,E04,T02,250.0,mm,deg,N,Nmm,W,382,2314,9.256,25,B0387|B0386,B0387|B0386,0,0,True,True,True,True,True,True,True
2017-03-03-B0386-S02-E01-T01.c3d,atletas\B0386\2017-03-03-B0386-S02\2017-03-03-B0386-S02-E01-T01.c3d,B0386,S02,E01,T01,250.0,mm,deg,N,Nmm,W,191,1803,7.212,74,B0386,B0386,0,0,True,True,True,True,True,True,True
2017-03-03-B0386-S02-E01-T02.c3d,atletas\B0386\2017-03-03-B0386-S02\2017-03-03-B0386-S02-E01-T02.c3d,B0386,S02,E01,T02,250.0,mm,deg,N,Nmm,W,193,1808,7.232,74,B0386,B0386,0,0,True,True,True,True,True,True,True
2017-03-03-B0386-S02-E02-T01.c3d,atletas\B0386\2017-03-03-B0386-S02\2017-03-03-B0386-S02-E02-T01.c3d,B0386,S02,E02,T01,250.0,mm,deg,N,Nmm,W,195,1826,7.304,74,Tarcza|B0386,Tarcza|B0386,4,0,True,True,True,True,True,True,True
2017-03-03-B0386-S02-E02-T02.c3d,atletas\B0386\2017-03-03-B0386-S02\2017-03-03-B0386-S02-E02-T02.c3d,B0386,S02,E02,T02,250.0,mm,deg,N,Nmm,W,195,1756,7.024,74,Tarcza|B0386,Tarcza|B0386,4,0,True,True,True,True,True,True,True
2017-03-03-B0386-S02-E03-T01.c3d,atletas\B0386\2017-03-03-B0386-S02\2017-03-03-B0386-S02-E03-T01.c3d,B0386,S02,E03,T01,250.0,mm,deg,N,Nmm,W,382,2333,9.332,25,B0386|B0385,B0386|B0385,0,0,True,True,True,True,True,True,True
2017-03-03-B0386-S02-E03-T02.c3d,atletas\B0386\2017-03-03-B0386-S02\2017-03-03-B0386-S02-E03-T02.c3d,B0386,S02,E03,T02,250.0,mm,deg,N,Nmm,W,382,1581,6.324,25,B0386|B0385,B0386|B0385,0,0,True,True,True,True,True,True,True
2017-03-03-B0386-S02-E04-T01.c3d,atletas\B0386\2017-03-03-B0386-S02\2017-03-03-B0386-S02-E04-T01.c3d,B0386,S02,E04,T01,250.0,mm,deg,N,Nmm,W,382,2810,11.24,25,B0387|B0386,B0387|B0386,0,0,True,True,True,True,True,True,True
2017-03-03-B0386-S02-E04-T02.c3d,atletas\B0386\2017-03-03-B0386-S02\2017-03-03-B0386-S02-E04-T02.c3d,B0386,S02,E04,T02,250.0,mm,deg,N,Nmm,W,382,2853,11.412,25,B0387|B0386,B0387|B0386,0,0,True,True,True,True,True,True,True
2017-03-03-B0386-S03-E01-T01.c3d,atletas\B0386\2017-03-03-B0386-S03\2017-03-03-B0386-S03-E01-T01.c3d,B0386,S03,E01,T01,250.0,mm,deg,N,Nmm,W,191,1927,7.708,74,B0386,B0386,0,0,True,True,True,True,True,True,True
2017-03-03-B0386-S03-E01-T02.c3d,atletas\B0386\2017-03-03-B0386-S03\2017-03-03-B0386-S03-E01-T02.c3d,B0386,S03,E01,T02,250.0,mm,deg,N,Nmm,W,191,2049,8.196,74,B0386,B0386,0,0,True,True,True,True,True,True,True
2017-03-03-B0386-S03-E02-T01.c3d,atletas\B0386\2017-03-03-B0386-S03\2017-03-03-B0386-S03-E02-T01.c3d,B0386,S03,E02,T01,250.0,mm,deg,N,Nmm,W,195,2031,8.124,74,Tarcza|B0386,Tarcza|B0386,4,0,True,True,True,True,True,True,True
2017-03-03-B0386-S03-E02-T02.c3d,atletas\B0386\2017-03-03-B0386-S03\2017-03-03-B0386-S03-E02-T02.c3d,B0386,S03,E02,T02,250.0,mm,deg,N,Nmm,W,195,1807,7.228,74,Tarcza|B0386,Tarcza|B0386,4,0,True,True,True,True,True,True,True
2017-03-03-B0386-S03-E03-T01.c3d,atletas\B0386\2017-03-03-B0386-S03\2017-03-03-B0386-S03-E03-T01.c3d,B0386,S03,E03,T01,250.0,mm,deg,N,Nmm,W,382,1682,6.728,25,B0386|B0385,B0386|B0385,0,0,True,True,True,True,True,True,True
2017-03-03-B0386-S03-E03-T02.c3d,atletas\B0386\2017-03-03-B0386-S03\2017-03-03-B0386-S03-E03-T02.c3d,B0386,S03,E03,T02,250.0,mm,deg,N,Nmm,W,382,1808,7.232,25,B0386|B0385,B0386|B0385,0,0,True,True,True,True,True,True,True
2017-03-03-B0386-S03-E04-T01.c3d,atletas\B0386\2017-03-03-B0386-S03\2017-03-03-B0386-S03-E04-T01.c3d,B0386,S03,E04,T01,250.0,mm,deg,N,Nmm,W,382,2779,11.116,25,B0387|B0386,B0387|B0386,0,0,True,True,True,True,True,True,True
2017-03-03-B0386-S03-E04-T02.c3d,atletas\B0386\2017-03-03-B0386-S03\2017-03-03-B0386-S03-E04-T02.c3d,B0386,S03,E04,T02,250.0,mm,deg,N,Nmm,W,382,2649,10.596,25,B0387|B0386,B0387|B0386,0,0,True,True,True,True,True,True,True
2017-03-03-B0386-S04-E01-T01.c3d,atletas\B0386\2017-03-03-B0386-S04\2017-03-03-B0386-S04-E01-T01.c3d,B0386,S04,E01,T01,250.0,mm,deg,N,Nmm,W,191,2388,9.552,74,B0386,B0386,0,0,True,True,True,True,True,True,True
2017-03-03-B0386-S04-E01-T02.c3d,atletas\B0386\2017-03-03-B0386-S04\2017-03-03-B0386-S04-E01-T02.c3d,B0386,S04,E01,T02,250.0,mm,deg,N,Nmm,W,191,2057,8.228,74,B0386,B0386,0,0,True,True,True,True,True,True,True
2017-03-03-B0386-S04-E02-T01.c3d,atletas\B0386\2017-03-03-B0386-S04\2017-03-03-B0386-S04-E02-T01.c3d,B0386,S04,E02,T01,250.0,mm,deg,N,Nmm,W,195,2045,8.18,74,Tarcza|B0386,Tarcza|B0386,4,0,True,True,True,True,True,True,True
2017-03-03-B0386-S04-E02-T02.c3d,atletas\B0386\2017-03-03-B0386-S04\2017-03-03-B0386-S04-E02-T02.c3d,B0386,S04,E02,T02,250.0,mm,deg,N,Nmm,W,195,2294,9.176,74,Tarcza|B0386,Tarcza|B0386,4,0,True,True,True,True,True,True,True
2017-03-03-B0386-S04-E03-T01.c3d,atletas\B0386\2017-03-03-B0386-S04\2017-03-03-B0386-S04-E03-T01.c3d,B0386,S04,E03,T01,250.0,mm,deg,N,Nmm,W,382,1997,7.988,25,B0386|B0385,B0386|B0385,0,0,True,True,True,True,True,True,True
2017-03-03-B0386-S04-E03-T02.c3d,atletas\B0386\2017-03-03-B0386-S04\2017-03-03-B0386-S04-E03-T02.c3d,B0386,S04,E03,T02,250.0,mm,deg,N,Nmm,W,382,2058,8.232,25,B0386|B0385,B0386|B0385,0,0,True,True,True,True,True,True,True
2017-03-03-B0386-S04-E03-T03.c3d,atletas\B0386\2017-03-03-B0386-S04\2017-03-03-B0386-S04-E03-T03.c3d,B0386,S04,E03,T03,250.0,mm,deg,N,Nmm,W,382,1656,6.624,25,B0386|B0385,B0386|B0385,0,0,True,True,True,True,True,True,True
2017-03-03-B0386-S04-E04-T01.c3d,atletas\B0386\2017-03-03-B0386-S04\2017-03-03-B0386-S04-E04-T01.c3d,B0386,S04,E04,T01,250.0,mm,deg,N,Nmm,W,382,2881,11.524,25,B0387|B0386,B0387|B0386,0,0,True,True,True,True,True,True,True
2017-03-03-B0386-S04-E04-T02.c3d,atletas\B0386\2017-03-03-B0386-S04\2017-03-03-B0386-S04-E04-T02.c3d,B0386,S04,E04,T02,250.0,mm,deg,N,Nmm,W,382,2608,10.432,25,B0387|B0386,B0387|B0386,0,0,True,True,True,True,True,True,True
2017-03-03-B0386-S05-E01-T01.c3d,atletas\B0386\2017-03-03-B0386-S05\2017-03-03-B0386-S05-E01-T01.c3d,B0386,S05,E01,T01,250.0,mm,deg,N,Nmm,W,191,2278,9.112,74,B0386,B0386,0,0,True,True,True,True,True,True,True
2017-03-03-B0386-S05-E01-T02.c3d,atletas\B0386\2017-03-03-B0386-S05\2017-03-03-B0386-S05-E01-T02.c3d,B0386,S05,E01,T02,250.0,mm,deg,N,Nmm,W,191,2201,8.804,74,B0386,B0386,0,0,True,True,True,True,True,True,True
2017-03-03-B0386-S05-E02-T01.c3d,atletas\B0386\2017-03-03-B0386-S05\2017-03-03-B0386-S05-E02-T01.c3d,B0386,S05,E02,T01,250.0,mm,deg,N,Nmm,W,195,2657,10.628,74,Tarcza|B0386,Tarcza|B0386,4,0,True,True,True,True,True,True,True
2017-03-03-B0386-S05-E02-T02.c3d,atletas\B0386\2017-03-03-B0386-S05\2017-03-03-B0386-S05-E02-T02.c3d,B0386,S05,E02,T02,250.0,mm,deg,N,Nmm,W,195,2629,10.516,74,Tarcza|B0386,Tarcza|B0386,4,0,True,True,True,True,True,True,True
2017-03-03-B0386-S05-E03-T01.c3d,atletas\B0386\2017-03-03-B0386-S05\2017-03-03-B0386-S05-E03-T01.c3d,B0386,S05,E03,T01,250.0,mm,deg,N,Nmm,W,382,2708,10.832,25,B0386|B0385,B0386|B0385,0,0,True,True,True,True,True,True,True
2017-03-03-B0386-S05-E03-T02.c3d,atletas\B0386\2017-03-03-B0386-S05\2017-03-03-B0386-S05-E03-T02.c3d,B0386,S05,E03,T02,250.0,mm,deg,N,Nmm,W,382,2972,11.888,25,B0386|B0385,B0386|B0385,0,0,True,True,True,True,True,True,True
2017-03-03-B0386-S05-E04-T01.c3d,atletas\B0386\2017-03-03-B0386-S05\2017-03-03-B0386-S05-E04-T01.c3d,B0386,S05,E04,T01,250.0,mm,deg,N,Nmm,W,382,2951,11.804,25,B0387|B0386,B0387|B0386,0,0,True,True,True,True,True,True,True
2017-03-03-B0386-S05-E04-T02.c3d,atletas\B0386\2017-03-03-B0386-S05\2017-03-03-B0386-S05-E04-T02.c3d,B0386,S05,E04,T02,250.0,mm,deg,N,Nmm,W,382,3325,13.3,25,B0387|B0386,B0387|B0386,0,0,True,True,True,True,True,True,True
2017-03-03-B0387-S01-E01-T01.c3d,atletas\B0387\2017-03-03-B0387-S01\2017-03-03-B0387-S01-E01-T01.c3d,B0387,S01,E01,T01,250.0,mm,deg,N,Nmm,W,191,2193,8.772,74,B0387,B0387,0,0,True,True,True,True,True,True,True
2017-03-03-B0387-S01-E01-T02.c3d,atletas\B0387\2017-03-03-B0387-S01\2017-03-03-B0387-S01-E01-T02.c3d,B0387,S01,E01,T02,250.0,mm,deg,N,Nmm,W,191,2232,8.928,74,B0387,B0387,0,0,True,True,True,True,True,True,True
2017-03-03-B0387-S01-E02-T01.c3d,atletas\B0387\2017-03-03-B0387-S01\2017-03-03-B0387-S01-E02-T01.c3d,B0387,S01,E02,T01,250.0,mm,deg,N,Nmm,W,195,1909,7.636,74,Tarcza|B0387,Tarcza|B0387,4,0,True,True,True,True,True,True,True
2017-03-03-B0387-S01-E02-T02.c3d,atletas\B0387\2017-03-03-B0387-S01\2017-03-03-B0387-S01-E02-T02.c3d,B0387,S01,E02,T02,250.0,mm,deg,N,Nmm,W,195,2018,8.072,74,Tarcza|B0387,Tarcza|B0387,4,0,True,True,True,True,True,True,True
2017-03-03-B0387-S01-E03-T01.c3d,atletas\B0387\2017-03-03-B0387-S01\2017-03-03-B0387-S01-E03-T01.c3d,B0387,S01,E03,T01,250.0,mm,deg,N,Nmm,W,382,3206,12.824,25,B0387|B0386,B0387|B0386,0,0,True,True,True,True,True,True,True
2017-03-03-B0387-S01-E03-T02.c3d,atletas\B0387\2017-03-03-B0387-S01\2017-03-03-B0387-S01-E03-T02.c3d,B0387,S01,E03,T02,250.0,mm,deg,N,Nmm,W,382,2314,9.256,25,B0387|B0386,B0387|B0386,0,0,True,True,True,True,True,True,True
2017-03-03-B0387-S01-E04-T01.c3d,atletas\B0387\2017-03-03-B0387-S01\2017-03-03-B0387-S01-E04-T01.c3d,B0387,S01,E04,T01,250.0,mm,deg,N,Nmm,W,382,2955,11.82,25,B0388|B0387,B0388|B0387,0,0,True,True,True,True,True,True,True
2017-03-03-B0387-S01-E04-T02.c3d,atletas\B0387\2017-03-03-B0387-S01\2017-03-03-B0387-S01-E04-T02.c3d,B0387,S01,E04,T02,250.0,mm,deg,N,Nmm,W,382,2360,9.44,25,B0388|B0387,B0388|B0387,0,0,True,True,True,True,True,True,True
2017-03-03-B0387-S02-E01-T01.c3d,atletas\B0387\2017-03-03-B0387-S02\2017-03-03-B0387-S02-E01-T01.c3d,B0387,S02,E01,T01,250.0,mm,deg,N,Nmm,W,191,2451,9.804,74,B0387,B0387,0,0,True,True,True,True,True,True,True
2017-03-03-B0387-S02-E01-T02.c3d,atletas\B0387\2017-03-03-B0387-S02\2017-03-03-B0387-S02-E01-T02.c3d,B0387,S02,E01,T02,250.0,mm,deg,N,Nmm,W,191,2248,8.992,74,B0387,B0387,0,0,True,True,True,True,True,True,True
2017-03-03-B0387-S02-E02-T01.c3d,atletas\B0387\2017-03-03-B0387-S02\2017-03-03-B0387-S02-E02-T01.c3d,B0387,S02,E02,T01,250.0,mm,deg,N,Nmm,W,195,2442,9.768,74,Tarcza|B0387,Tarcza|B0387,4,0,True,True,True,True,True,True,True
2017-03-03-B0387-S02-E02-T02.c3d,atletas\B0387\2017-03-03-B0387-S02\2017-03-03-B0387-S02-E02-T02.c3d,B0387,S02,E02,T02,250.0,mm,deg,N,Nmm,W,195,2203,8.812,74,Tarcza|B0387,Tarcza|B0387,4,0,True,True,True,True,True,True,True
2017-03-03-B0387-S02-E03-T01.c3d,atletas\B0387\2017-03-03-B0387-S02\2017-03-03-B0387-S02-E03-T01.c3d,B0387,S02,E03,T01,250.0,mm,deg,N,Nmm,W,382,2810,11.24,25,B0387|B0386,B0387|B0386,0,0,True,True,True,True,True,True,True
2017-03-03-B0387-S02-E03-T02.c3d,atletas\B0387\2017-03-03-B0387-S02\2017-03-03-B0387-S02-E03-T02.c3d,B0387,S02,E03,T02,250.0,mm,deg,N,Nmm,W,382,2853,11.412,25,B0387|B0386,B0387|B0386,0,0,True,True,True,True,True,True,True
2017-03-03-B0387-S02-E04-T01.c3d,atletas\B0387\2017-03-03-B0387-S02\2017-03-03-B0387-S02-E04-T01.c3d,B0387,S02,E04,T01,250.0,mm,deg,N,Nmm,W,382,2200,8.8,25,B0388|B0387,B0388|B0387,0,0,True,True,True,True,True,True,True
2017-03-03-B0387-S02-E04-T02.c3d,atletas\B0387\2017-03-03-B0387-S02\2017-03-03-B0387-S02-E04-T02.c3d,B0387,S02,E04,T02,250.0,mm,deg,N,Nmm,W,382,2195,8.78,25,B0388|B0387,B0388|B0387,0,0,True,True,True,True,True,True,True
2017-03-03-B0387-S03-E01-T01.c3d,atletas\B0387\2017-03-03-B0387-S03\2017-03-03-B0387-S03-E01-T01.c3d,B0387,S03,E01,T01,250.0,mm,deg,N,Nmm,W,191,2355,9.42,74,B0387,B0387,0,0,True,True,True,True,True,True,True
2017-03-03-B0387-S03-E01-T02.c3d,atletas\B0387\2017-03-03-B0387-S03\2017-03-03-B0387-S03-E01-T02.c3d,B0387,S03,E01,T02,250.0,mm,deg,N,Nmm,W,191,2187,8.748,74,B0387,B0387,0,0,True,True,True,True,True,True,True
2017-03-03-B0387-S03-E02-T01.c3d,atletas\B0387\2017-03-03-B0387-S03\2017-03-03-B0387-S03-E02-T01.c3d,B0387,S03,E02,T01,250.0,mm,deg,N,Nmm,W,195,2272,9.088,74,Tarcza|B0387,Tarcza|B0387,4,0,True,True,True,True,True,True,True
2017-03-03-B0387-S03-E02-T02.c3d,atletas\B0387\2017-03-03-B0387-S03\2017-03-03-B0387-S03-E02-T02.c3d,B0387,S03,E02,T02,250.0,mm,deg,N,Nmm,W,195,2661,10.644,74,Tarcza|B0387,Tarcza|B0387,4,0,True,True,True,True,True,True,True
2017-03-03-B0387-S03-E03-T01.c3d,atletas\B0387\2017-03-03-B0387-S03\2017-03-03-B0387-S03-E03-T01.c3d,B0387,S03,E03,T01,250.0,mm,deg,N,Nmm,W,382,2779,11.116,25,B0387|B0386,B0387|B0386,0,0,True,True,True,True,True,True,True
2017-03-03-B0387-S03-E03-T02.c3d,atletas\B0387\2017-03-03-B0387-S03\2017-03-03-B0387-S03-E03-T02.c3d,B0387,S03,E03,T02,250.0,mm,deg,N,Nmm,W,382,2649,10.596,25,B0387|B0386,B0387|B0386,0,0,True,True,True,True,True,True,True
2017-03-03-B0387-S03-E04-T01.c3d,atletas\B0387\2017-03-03-B0387-S03\2017-03-03-B0387-S03-E04-T01.c3d,B0387,S03,E04,T01,250.0,mm,deg,N,Nmm,W,382,3171,12.684,25,B0388|B0387,B0388|B0387,0,0,True,True,True,True,True,True,True
2017-03-03-B0387-S03-E04-T02.c3d,atletas\B0387\2017-03-03-B0387-S03\2017-03-03-B0387-S03-E04-T02.c3d,B0387,S03,E04,T02,250.0,mm,deg,N,Nmm,W,382,2495,9.98,25,B0388|B0387,B0388|B0387,0,0,True,True,True,True,True,True,True
2017-03-03-B0387-S04-E01-T01.c3d,atletas\B0387\2017-03-03-B0387-S04\2017-03-03-B0387-S04-E01-T01.c3d,B0387,S04,E01,T01,250.0,mm,deg,N,Nmm,W,191,2507,10.028,74,B0387,B0387,0,0,True,True,True,True,True,True,True
2017-03-03-B0387-S04-E01-T02.c3d,atletas\B0387\2017-03-03-B0387-S04\2017-03-03-B0387-S04-E01-T02.c3d,B0387,S04,E01,T02,250.0,mm,deg,N,Nmm,W,191,2267,9.068,74,B0387,B0387,0,0,True,True,True,True,True,True,True
2017-03-03-B0387-S04-E02-T01.c3d,atletas\B0387\2017-03-03-B0387-S04\2017-03-03-B0387-S04-E02-T01.c3d,B0387,S04,E02,T01,250.0,mm,deg,N,Nmm,W,195,2368,9.472,74,Tarcza|B0387,Tarcza|B0387,4,0,True,True,True,True,True,True,True
2017-03-03-B0387-S04-E02-T02.c3d,atletas\B0387\2017-03-03-B0387-S04\2017-03-03-B0387-S04-E02-T02.c3d,B0387,S04,E02,T02,250.0,mm,deg,N,Nmm,W,195,2243,8.972,74,Tarcza|B0387,Tarcza|B0387,4,0,True,True,True,True,True,True,True
2017-03-03-B0387-S04-E03-T01.c3d,atletas\B0387\2017-03-03-B0387-S04\2017-03-03-B0387-S04-E03-T01.c3d,B0387,S04,E03,T01,250.0,mm,deg,N,Nmm,W,382,2881,11.524,25,B0387|B0386,B0387|B0386,0,0,True,True,True,True,True,True,True
2017-03-03-B0387-S04-E03-T02.c3d,atletas\B0387\2017-03-03-B0387-S04\2017-03-03-B0387-S04-E03-T02.c3d,B0387,S04,E03,T02,250.0,mm,deg,N,Nmm,W,382,2608,10.432,25,B0387|B0386,B0387|B0386,0,0,True,True,True,True,True,True,True
2017-03-03-B0387-S04-E04-T01.c3d,atletas\B0387\2017-03-03-B0387-S04\2017-03-03-B0387-S04-E04-T01.c3d,B0387,S04,E04,T01,250.0,mm,deg,N,Nmm,W,382,2895,11.58,25,B0388|B0387,B0388|B0387,0,0,True,True,True,True,True,True,True
2017-03-03-B0387-S04-E04-T02.c3d,atletas\B0387\2017-03-03-B0387-S04\2017-03-03-B0387-S04-E04-T02.c3d,B0387,S04,E04,T02,250.0,mm,deg,N,Nmm,W,382,2849,11.396,25,B0388|B0387,B0388|B0387,0,0,True,True,True,True,True,True,True
2017-03-03-B0387-S05-E01-T01.c3d,atletas\B0387\2017-03-03-B0387-S05\2017-03-03-B0387-S05-E01-T01.c3d,B0387,S05,E01,T01,250.0,mm,deg,N,Nmm,W,191,2385,9.54,74,B0387,B0387,0,0,True,True,True,True,True,True,True
2017-03-03-B0387-S05-E01-T02.c3d,atletas\B0387\2017-03-03-B0387-S05\2017-03-03-B0387-S05-E01-T02.c3d,B0387,S05,E01,T02,250.0,mm,deg,N,Nmm,W,191,2266,9.064,74,B0387,B0387,0,0,True,True,True,True,True,True,True
2017-03-03-B0387-S05-E02-T01.c3d,atletas\B0387\2017-03-03-B0387-S05\2017-03-03-B0387-S05-E02-T01.c3d,B0387,S05,E02,T01,250.0,mm,deg,N,Nmm,W,195,2314,9.256,74,Tarcza|B0387,Tarcza|B0387,4,0,True,True,True,True,True,True,True
2017-03-03-B0387-S05-E02-T02.c3d,atletas\B0387\2017-03-03-B0387-S05\2017-03-03-B0387-S05-E02-T02.c3d,B0387,S05,E02,T02,250.0,mm,deg,N,Nmm,W,195,2612,10.448,74,Tarcza|B0387,Tarcza|B0387,4,0,True,True,True,True,True,True,True
2017-03-03-B0387-S05-E03-T01.c3d,atletas\B0387\2017-03-03-B0387-S05\2017-03-03-B0387-S05-E03-T01.c3d,B0387,S05,E03,T01,250.0,mm,deg,N,Nmm,W,382,2951,11.804,25,B0387|B0386,B0387|B0386,0,0,True,True,True,True,True,True,True
2017-03-03-B0387-S05-E03-T02.c3d,atletas\B0387\2017-03-03-B0387-S05\2017-03-03-B0387-S05-E03-T02.c3d,B0387,S05,E03,T02,250.0,mm,deg,N,Nmm,W,382,3325,13.3,25,B0387|B0386,B0387|B0386,0,0,True,True,True,True,True,True,True
2017-03-03-B0387-S05-E04-T01.c3d,atletas\B0387\2017-03-03-B0387-S05\2017-03-03-B0387-S05-E04-T01.c3d,B0387,S05,E04,T01,250.0,mm,deg,N,Nmm,W,382,3408,13.632,25,B0388|B0387,B0388|B0387,0,0,True,True,True,True,True,True,True
2017-03-03-B0387-S05-E04-T02.c3d,atletas\B0387\2017-03-03-B0387-S05\2017-03-03-B0387-S05-E04-T02.c3d,B0387,S05,E04,T02,250.0,mm,deg,N,Nmm,W,382,2783,11.132,25,B0388|B0387,B0388|B0387,0,0,True,True,True,True,True,True,True
2017-03-03-B0388-S01-E01-T01.c3d,atletas\B0388\2017-03-03-B0388-S01\2017-03-03-B0388-S01-E01-T01.c3d,B0388,S01,E01,T01,250.0,mm,deg,N,Nmm,W,191,2539,10.156,74,B0388,B0388,0,0,True,True,True,True,True,True,True
2017-03-03-B0388-S01-E01-T02.c3d,atletas\B0388\2017-03-03-B0388-S01\2017-03-03-B0388-S01-E01-T02.c3d,B0388,S01,E01,T02,250.0,mm,deg,N,Nmm,W,191,2173,8.692,74,B0388,B0388,0,0,True,True,True,True,True,True,True
2017-03-03-B0388-S01-E02-T01.c3d,atletas\B0388\2017-03-03-B0388-S01\2017-03-03-B0388-S01-E02-T01.c3d,B0388,S01,E02,T01,250.0,mm,deg,N,Nmm,W,195,1891,7.564,74,Tarcza|B0388,Tarcza|B0388,4,0,True,True,True,True,True,True,True
2017-03-03-B0388-S01-E02-T02.c3d,atletas\B0388\2017-03-03-B0388-S01\2017-03-03-B0388-S01-E02-T02.c3d,B0388,S01,E02,T02,250.0,mm,deg,N,Nmm,W,195,1915,7.66,74,Tarcza|B0388,Tarcza|B0388,4,0,True,True,True,True,True,True,True
2017-03-03-B0388-S01-E03-T01.c3d,atletas\B0388\2017-03-03-B0388-S01\2017-03-03-B0388-S01-E03-T01.c3d,B0388,S01,E03,T01,250.0,mm,deg,N,Nmm,W,382,2955,11.82,25,B0388|B0387,B0388|B0387,0,0,True,True,True,True,True,True,True
2017-03-03-B0388-S01-E03-T02.c3d,atletas\B0388\2017-03-03-B0388-S01\2017-03-03-B0388-S01-E03-T02.c3d,B0388,S01,E03,T02,250.0,mm,deg,N,Nmm,W,382,2360,9.44,25,B0388|B0387,B0388|B0387,0,0,True,True,True,True,True,True,True
2017-03-03-B0388-S01-E03-T03.c3d,atletas\B0388\2017-03-03-B0388-S01\2017-03-03-B0388-S01-E03-T03.c3d,B0388,S01,E03,T03,250.0,mm,deg,N,Nmm,W,382,2247,8.988,25,B0389|B0388,B0389|B0388,0,0,True,True,True,True,True,True,True
2017-03-03-B0388-S01-E03-T04.c3d,atletas\B0388\2017-03-03-B0388-S01\2017-03-03-B0388-S01-E03-T04.c3d,B0388,S01,E03,T04,250.0,mm,deg,N,Nmm,W,382,1499,5.996,25,B0389|B0388,B0389|B0388,0,0,True,True,True,True,True,True,True
2017-03-03-B0388-S01-E04-T01.c3d,atletas\B0388\2017-03-03-B0388-S01\2017-03-03-B0388-S01-E04-T01.c3d,B0388,S01,E04,T01,250.0,mm,deg,N,Nmm,W,382,2150,8.6,25,B0389|B0388,B0389|B0388,0,0,True,True,True,True,True,True,True
2017-03-03-B0388-S01-E04-T02.c3d,atletas\B0388\2017-03-03-B0388-S01\2017-03-03-B0388-S01-E04-T02.c3d,B0388,S01,E04,T02,250.0,mm,deg,N,Nmm,W,382,2138,8.552,25,B0389|B0388,B0389|B0388,0,0,True,True,True,True,True,True,True
2017-03-03-B0388-S02-E01-T01.c3d,atletas\B0388\2017-03-03-B0388-S02\2017-03-03-B0388-S02-E01-T01.c3d,B0388,S02,E01,T01,250.0,mm,deg,N,Nmm,W,191,1887,7.548,74,B0388,B0388,0,0,True,True,True,True,True,True,True
2017-03-03-B0388-S02-E01-T02.c3d,atletas\B0388\2017-03-03-B0388-S02\2017-03-03-B0388-S02-E01-T02.c3d,B0388,S02,E01,T02,250.0,mm,deg,N,Nmm,W,191,1783,7.132,74,B0388,B0388,0,0,True,True,True,True,True,True,True
2017-03-03-B0388-S02-E02-T01.c3d,atletas\B0388\2017-03-03-B0388-S02\2017-03-03-B0388-S02-E02-T01.c3d,B0388,S02,E02,T01,250.0,mm,deg,N,Nmm,W,195,1805,7.22,74,Tarcza|B0388,Tarcza|B0388,4,0,True,True,True,True,True,True,True
2017-03-03-B0388-S02-E02-T02.c3d,atletas\B0388\2017-03-03-B0388-S02\2017-03-03-B0388-S02-E02-T02.c3d,B0388,S02,E02,T02,250.0,mm,deg,N,Nmm,W,195,1899,7.596,74,Tarcza|B0388,Tarcza|B0388,4,0,True,True,True,True,True,True,True
2017-03-03-B0388-S02-E03-T01.c3d,atletas\B0388\2017-03-03-B0388-S02\2017-03-03-B0388-S02-E03-T01.c3d,B0388,S02,E03,T01,250.0,mm,deg,N,Nmm,W,382,2200,8.8,25,B0388|B0387,B0388|B0387,0,0,True,True,True,True,True,True,True
2017-03-03-B0388-S02-E03-T02.c3d,atletas\B0388\2017-03-03-B0388-S02\2017-03-03-B0388-S02-E03-T02.c3d,B0388,S02,E03,T02,250.0,mm,deg,N,Nmm,W,382,2195,8.78,25,B0388|B0387,B0388|B0387,0,0,True,True,True,True,True,True,True
2017-03-03-B0388-S02-E03-T03.c3d,atletas\B0388\2017-03-03-B0388-S02\2017-03-03-B0388-S02-E03-T03.c3d,B0388,S02,E03,T03,250.0,mm,deg,N,Nmm,W,382,1952,7.808,25,B0389|B0388,B0389|B0388,0,0,True,True,True,True,True,True,True
2017-03-03-B0388-S02-E03-T04.c3d,atletas\B0388\2017-03-03-B0388-S02\2017-03-03-B0388-S02-E03-T04.c3d,B0388,S02,E03,T04,250.0,mm,deg,N,Nmm,W,382,1794,7.176,25,B0389|B0388,B0389|B0388,0,0,True,True,True,True,True,True,True
2017-03-03-B0388-S02-E04-T01.c3d,atletas\B0388\2017-03-03-B0388-S02\2017-03-03-B0388-S02-E04-T01.c3d,B0388,S02,E04,T01,250.0,mm,deg,N,Nmm,W,382,2152,8.608,25,B0389|B0388,B0389|B0388,0,0,True,True,True,True,True,True,True
2017-03-03-B0388-S02-E04-T02.c3d,atletas\B0388\2017-03-03-B0388-S02\2017-03-03-B0388-S02-E04-T02.c3d,B0388,S02,E04,T02,250.0,mm,deg,N,Nmm,W,382,1906,7.624,25,B0389|B0388,B0389|B0388,0,0,True,True,True,True,True,True,True
2017-03-03-B0388-S03-E01-T01.c3d,atletas\B0388\2017-03-03-B0388-S03\2017-03-03-B0388-S03-E01-T01.c3d,B0388,S03,E01,T01,250.0,mm,deg,N,Nmm,W,191,2369,9.476,74,B0388,B0388,0,0,True,True,True,True,True,True,True
2017-03-03-B0388-S03-E01-T02.c3d,atletas\B0388\2017-03-03-B0388-S03\2017-03-03-B0388-S03-E01-T02.c3d,B0388,S03,E01,T02,250.0,mm,deg,N,Nmm,W,191,2324,9.296,74,B0388,B0388,0,0,True,True,True,True,True,True,True
2017-03-03-B0388-S03-E02-T01.c3d,atletas\B0388\2017-03-03-B0388-S03\2017-03-03-B0388-S03-E02-T01.c3d,B0388,S03,E02,T01,250.0,mm,deg,N,Nmm,W,195,2024,8.096,74,Tarcza|B0388,Tarcza|B0388,4,0,True,True,True,True,True,True,True
2017-03-03-B0388-S03-E02-T02.c3d,atletas\B0388\2017-03-03-B0388-S03\2017-03-03-B0388-S03-E02-T02.c3d,B0388,S03,E02,T02,250.0,mm,deg,N,Nmm,W,195,1719,6.876,74,Tarcza|B0388,Tarcza|B0388,4,0,True,True,True,True,True,True,True
2017-03-03-B0388-S03-E03-T01.c3d,atletas\B0388\2017-03-03-B0388-S03\2017-03-03-B0388-S03-E03-T01.c3d,B0388,S03,E03,T01,250.0,mm,deg,N,Nmm,W,382,3171,12.684,25,B0388|B0387,B0388|B0387,0,0,True,True,True,True,True,True,True
2017-03-03-B0388-S03-E03-T02.c3d,atletas\B0388\2017-03-03-B0388-S03\2017-03-03-B0388-S03-E03-T02.c3d,B0388,S03,E03,T02,250.0,mm,deg,N,Nmm,W,382,2495,9.98,25,B0388|B0387,B0388|B0387,0,0,True,True,True,True,True,True,True
2017-03-03-B0388-S03-E03-T03.c3d,atletas\B0388\2017-03-03-B0388-S03\2017-03-03-B0388-S03-E03-T03.c3d,B0388,S03,E03,T03,250.0,mm,deg,N,Nmm,W,382,1982,7.928,25,B0389|B0388,B0389|B0388,0,0,True,True,True,True,True,True,True
2017-03-03-B0388-S03-E03-T04.c3d,atletas\B0388\2017-03-03-B0388-S03\2017-03-03-B0388-S03-E03-T04.c3d,B0388,S03,E03,T04,250.0,mm,deg,N,Nmm,W,382,2300,9.2,25,B0389|B0388,B0389|B0388,0,0,True,True,True,True,True,True,True
2017-03-03-B0388-S03-E04-T01.c3d,atletas\B0388\2017-03-03-B0388-S03\2017-03-03-B0388-S03-E04-T01.c3d,B0388,S03,E04,T01,250.0,mm,deg,N,Nmm,W,382,2167,8.668,25,B0389|B0388,B0389|B0388,0,0,True,True,True,True,True,True,True
2017-03-03-B0388-S03-E04-T02.c3d,atletas\B0388\2017-03-03-B0388-S03\2017-03-03-B0388-S03-E04-T02.c3d,B0388,S03,E04,T02,250.0,mm,deg,N,Nmm,W,382,2262,9.048,25,B0389|B0388,B0389|B0388,0,0,True,True,True,True,True,True,True
2017-03-03-B0388-S04-E01-T01.c3d,atletas\B0388\2017-03-03-B0388-S04\2017-03-03-B0388-S04-E01-T01.c3d,B0388,S04,E01,T01,250.0,mm,deg,N,Nmm,W,193,1986,7.944,74,B0388,B0388,0,0,True,True,True,True,True,True,True
2017-03-03-B0388-S04-E01-T02.c3d,atletas\B0388\2017-03-03-B0388-S04\2017-03-03-B0388-S04-E01-T02.c3d,B0388,S04,E01,T02,250.0,mm,deg,N,Nmm,W,191,2205,8.82,74,B0388,B0388,0,0,True,True,True,True,True,True,True
2017-03-03-B0388-S04-E02-T01.c3d,atletas\B0388\2017-03-03-B0388-S04\2017-03-03-B0388-S04-E02-T01.c3d,B0388,S04,E02,T01,250.0,mm,deg,N,Nmm,W,195,2163,8.652,74,Tarcza|B0388,Tarcza|B0388,4,0,True,True,True,True,True,True,True
2017-03-03-B0388-S04-E02-T02.c3d,atletas\B0388\2017-03-03-B0388-S04\2017-03-03-B0388-S04-E02-T02.c3d,B0388,S04,E02,T02,250.0,mm,deg,N,Nmm,W,195,2162,8.648,74,Tarcza|B0388,Tarcza|B0388,4,0,True,True,True,True,True,True,True
2017-03-03-B0388-S04-E03-T01.c3d,atletas\B0388\2017-03-03-B0388-S04\2017-03-03-B0388-S04-E03-T01.c3d,B0388,S04,E03,T01,250.0,mm,deg,N,Nmm,W,382,2895,11.58,25,B0388|B0387,B0388|B0387,0,0,True,True,True,True,True,True,True
2017-03-03-B0388-S04-E03-T02.c3d,atletas\B0388\2017-03-03-B0388-S04\2017-03-03-B0388-S04-E03-T02.c3d,B0388,S04,E03,T02,250.0,mm,deg,N,Nmm,W,382,2849,11.396,25,B0388|B0387,B0388|B0387,0,0,True,True,True,True,True,True,True
2017-03-03-B0388-S04-E03-T03.c3d,atletas\B0388\2017-03-03-B0388-S04\2017-03-03-B0388-S04-E03-T03.c3d,B0388,S04,E03,T03,250.0,mm,deg,N,Nmm,W,382,2349,9.396,25,B0389|B0388,B0389|B0388,0,0,True,True,True,True,True,True,True
2017-03-03-B0388-S04-E03-T04.c3d,atletas\B0388\2017-03-03-B0388-S04\2017-03-03-B0388-S04-E03-T04.c3d,B0388,S04,E03,T04,250.0,mm,deg,N,Nmm,W,382,1818,7.272,25,B0389|B0388,B0389|B0388,0,0,True,True,True,True,True,True,True
2017-03-03-B0388-S04-E04-T01.c3d,atletas\B0388\2017-03-03-B0388-S04\2017-03-03-B0388-S04-E04-T01.c3d,B0388,S04,E04,T01,250.0,mm,deg,N,Nmm,W,382,1779,7.116,25,B0389|B0388,B0389|B0388,0,0,True,True,True,True,True,True,True
2017-03-03-B0388-S04-E04-T02.c3d,atletas\B0388\2017-03-03-B0388-S04\2017-03-03-B0388-S04-E04-T02.c3d,B0388,S04,E04,T02,250.0,mm,deg,N,Nmm,W,382,2165,8.66,25,B0389|B0388,B0389|B0388,0,0,True,True,True,True,True,True,True
2017-03-03-B0388-S05-E01-T01.c3d,atletas\B0388\2017-03-03-B0388-S05\2017-03-03-B0388-S05-E01-T01.c3d,B0388,S05,E01,T01,250.0,mm,deg,N,Nmm,W,191,2125,8.5,74,B0388,B0388,0,0,True,True,True,True,True,True,True
2017-03-03-B0388-S05-E01-T02.c3d,atletas\B0388\2017-03-03-B0388-S05\2017-03-03-B0388-S05-E01-T02.c3d,B0388,S05,E01,T02,250.0,mm,deg,N,Nmm,W,195,3274,13.096,74,Tarcza|B0388,Tarcza|B0388,4,0,True,True,True,True,True,True,True
2017-03-03-B0388-S05-E02-T01.c3d,atletas\B0388\2017-03-03-B0388-S05\2017-03-03-B0388-S05-E02-T01.c3d,B0388,S05,E02,T01,250.0,mm,deg,N,Nmm,W,191,2728,10.912,74,B0388,B0388,0,0,True,True,True,True,True,True,True
2017-03-03-B0388-S05-E02-T02.c3d,atletas\B0388\2017-03-03-B0388-S05\2017-03-03-B0388-S05-E02-T02.c3d,B0388,S05,E02,T02,250.0,mm,deg,N,Nmm,W,195,2594,10.376,74,Tarcza|B0388,Tarcza|B0388,4,0,True,True,True,True,True,True,True
2017-03-03-B0388-S05-E03-T01.c3d,atletas\B0388\2017-03-03-B0388-S05\2017-03-03-B0388-S05-E03-T01.c3d,B0388,S05,E03,T01,250.0,mm,deg,N,Nmm,W,382,3408,13.632,25,B0388|B0387,B0388|B0387,0,0,True,True,True,True,True,True,True
2017-03-03-B0388-S05-E03-T02.c3d,atletas\B0388\2017-03-03-B0388-S05\2017-03-03-B0388-S05-E03-T02.c3d,B0388,S05,E03,T02,250.0,mm,deg,N,Nmm,W,382,2783,11.132,25,B0388|B0387,B0388|B0387,0,0,True,True,True,True,True,True,True
2017-03-03-B0388-S05-E03-T03.c3d,atletas\B0388\2017-03-03-B0388-S05\2017-03-03-B0388-S05-E03-T03.c3d,B0388,S05,E03,T03,250.0,mm,deg,N,Nmm,W,382,2017,8.068,25,B0389|B0388,B0389|B0388,0,0,True,True,True,True,True,True,True
2017-03-03-B0388-S05-E03-T04.c3d,atletas\B0388\2017-03-03-B0388-S05\2017-03-03-B0388-S05-E03-T04.c3d,B0388,S05,E03,T04,250.0,mm,deg,N,Nmm,W,382,2042,8.168,25,B0389|B0388,B0389|B0388,0,0,True,True,True,True,True,True,True
2017-03-03-B0388-S05-E04-T01.c3d,atletas\B0388\2017-03-03-B0388-S05\2017-03-03-B0388-S05-E04-T01.c3d,B0388,S05,E04,T01,250.0,mm,deg,N,Nmm,W,382,2261,9.044,25,B0389|B0388,B0389|B0388,0,0,True,True,True,True,True,True,True
2017-03-03-B0388-S05-E04-T02.c3d,atletas\B0388\2017-03-03-B0388-S05\2017-03-03-B0388-S05-E04-T02.c3d,B0388,S05,E04,T02,250.0,mm,deg,N,Nmm,W,382,2664,10.656,25,B0389|B0388,B0389|B0388,0,0,True,True,True,True,True,True,True
2017-03-03-B0389-S01-E01-T01.c3d,atletas\B0389\2017-03-03-B0389-S01\2017-03-03-B0389-S01-E01-T01.c3d,B0389,S01,E01,T01,250.0,mm,deg,N,Nmm,W,191,1468,5.872,74,B0389,B0389,0,0,True,True,True,True,True,True,True
2017-03-03-B0389-S01-E01-T02.c3d,atletas\B0389\2017-03-03-B0389-S01\2017-03-03-B0389-S01-E01-T02.c3d,B0389,S01,E01,T02,250.0,mm,deg,N,Nmm,W,191,1258,5.032,74,B0389,B0389,0,0,True,True,True,True,True,True,True
2017-03-03-B0389-S01-E02-T01.c3d,atletas\B0389\2017-03-03-B0389-S01\2017-03-03-B0389-S01-E02-T01.c3d,B0389,S01,E02,T01,250.0,mm,deg,N,Nmm,W,195,1577,6.308,74,Tarcza|B0389,Tarcza|B0389,4,0,True,True,True,True,True,True,True
2017-03-03-B0389-S01-E02-T02.c3d,atletas\B0389\2017-03-03-B0389-S01\2017-03-03-B0389-S01-E02-T02.c3d,B0389,S01,E02,T02,250.0,mm,deg,N,Nmm,W,195,1398,5.592,74,Tarcza|B0389,Tarcza|B0389,4,0,True,True,True,True,True,True,True
2017-03-03-B0389-S01-E03-T01.c3d,atletas\B0389\2017-03-03-B0389-S01\2017-03-03-B0389-S01-E03-T01.c3d,B0389,S01,E03,T01,250.0,mm,deg,N,Nmm,W,382,2150,8.6,25,B0389|B0388,B0389|B0388,0,0,True,True,True,True,True,True,True
2017-03-03-B0389-S01-E03-T02.c3d,atletas\B0389\2017-03-03-B0389-S01\2017-03-03-B0389-S01-E03-T02.c3d,B0389,S01,E03,T02,250.0,mm,deg,N,Nmm,W,382,2138,8.552,25,B0389|B0388,B0389|B0388,0,0,True,True,True,True,True,True,True
2017-03-03-B0389-S01-E04-T01.c3d,atletas\B0389\2017-03-03-B0389-S01\2017-03-03-B0389-S01-E04-T01.c3d,B0389,S01,E04,T01,250.0,mm,deg,N,Nmm,W,382,2247,8.988,25,B0389|B0388,B0389|B0388,0,0,True,True,True,True,True,True,True
2017-03-03-B0389-S01-E04-T02.c3d,atletas\B0389\2017-03-03-B0389-S01\2017-03-03-B0389-S01-E04-T02.c3d,B0389,S01,E04,T02,250.0,mm,deg,N,Nmm,W,382,1499,5.996,25,B0389|B0388,B0389|B0388,0,0,True,True,True,True,True,True,True
2017-03-03-B0389-S02-E01-T01.c3d,atletas\B0389\2017-03-03-B0389-S02\2017-03-03-B0389-S02-E01-T01.c3d,B0389,S02,E01,T01,250.0,mm,deg,N,Nmm,W,191,1829,7.316,74,B0389,B0389,0,0,True,True,True,True,True,True,True
2017-03-03-B0389-S02-E01-T02.c3d,atletas\B0389\2017-03-03-B0389-S02\2017-03-03-B0389-S02-E01-T02.c3d,B0389,S02,E01,T02,250.0,mm,deg,N,Nmm,W,191,1504,6.016,74,B0389,B0389,0,0,True,True,True,True,True,True,True
2017-03-03-B0389-S02-E02-T01.c3d,atletas\B0389\2017-03-03-B0389-S02\2017-03-03-B0389-S02-E02-T01.c3d,B0389,S02,E02,T01,250.0,mm,deg,N,Nmm,W,195,1643,6.572,74,Tarcza|B0389,Tarcza|B0389,4,0,True,True,True,True,True,True,True
2017-03-03-B0389-S02-E02-T02.c3d,atletas\B0389\2017-03-03-B0389-S02\2017-03-03-B0389-S02-E02-T02.c3d,B0389,S02,E02,T02,250.0,mm,deg,N,Nmm,W,195,1463,5.852,74,Tarcza|B0389,Tarcza|B0389,4,0,True,True,True,True,True,True,True
2017-03-03-B0389-S02-E03-T01.c3d,atletas\B0389\2017-03-03-B0389-S02\2017-03-03-B0389-S02-E03-T01.c3d,B0389,S02,E03,T01,250.0,mm,deg,N,Nmm,W,382,2152,8.608,25,B0389|B0388,B0389|B0388,0,0,True,True,True,True,True,True,True
2017-03-03-B0389-S02-E03-T02.c3d,atletas\B0389\2017-03-03-B0389-S02\2017-03-03-B0389-S02-E03-T02.c3d,B0389,S02,E03,T02,250.0,mm,deg,N,Nmm,W,382,1906,7.624,25,B0389|B0388,B0389|B0388,0,0,True,True,True,True,True,True,True
2017-03-03-B0389-S02-E04-T01.c3d,atletas\B0389\2017-03-03-B0389-S02\2017-03-03-B0389-S02-E04-T01.c3d,B0389,S02,E04,T01,250.0,mm,deg,N,Nmm,W,382,1952,7.808,25,B0389|B0388,B0389|B0388,0,0,True,True,True,True,True,True,True
2017-03-03-B0389-S02-E04-T02.c3d,atletas\B0389\2017-03-03-B0389-S02\2017-03-03-B0389-S02-E04-T02.c3d,B0389,S02,E04,T02,250.0,mm,deg,N,Nmm,W,382,1794,7.176,25,B0389|B0388,B0389|B0388,0,0,True,True,True,True,True,True,True
2017-03-03-B0389-S03-E01-T01.c3d,atletas\B0389\2017-03-03-B0389-S03\2017-03-03-B0389-S03-E01-T01.c3d,B0389,S03,E01,T01,250.0,mm,deg,N,Nmm,W,191,1497,5.988,74,B0389,B0389,0,0,True,True,True,True,True,True,True
2017-03-03-B0389-S03-E01-T02.c3d,atletas\B0389\2017-03-03-B0389-S03\2017-03-03-B0389-S03-E01-T02.c3d,B0389,S03,E01,T02,250.0,mm,deg,N,Nmm,W,191,1448,5.792,74,B0389,B0389,0,0,True,True,True,True,True,True,True
2017-03-03-B0389-S03-E02-T01.c3d,atletas\B0389\2017-03-03-B0389-S03\2017-03-03-B0389-S03-E02-T01.c3d,B0389,S03,E02,T01,250.0,mm,deg,N,Nmm,W,195,1383,5.532,74,Tarcza|B0389,Tarcza|B0389,4,0,True,True,True,True,True,True,True
2017-03-03-B0389-S03-E02-T02.c3d,atletas\B0389\2017-03-03-B0389-S03\2017-03-03-B0389-S03-E02-T02.c3d,B0389,S03,E02,T02,250.0,mm,deg,N,Nmm,W,195,1378,5.512,74,Tarcza|B0389,Tarcza|B0389,4,0,True,True,True,True,True,True,True
2017-03-03-B0389-S03-E03-T01.c3d,atletas\B0389\2017-03-03-B0389-S03\2017-03-03-B0389-S03-E03-T01.c3d,B0389,S03,E03,T01,250.0,mm,deg,N,Nmm,W,382,2167,8.668,25,B0389|B0388,B0389|B0388,0,0,True,True,True,True,True,True,True
2017-03-03-B0389-S03-E03-T02.c3d,atletas\B0389\2017-03-03-B0389-S03\2017-03-03-B0389-S03-E03-T02.c3d,B0389,S03,E03,T02,250.0,mm,deg,N,Nmm,W,382,2262,9.048,25,B0389|B0388,B0389|B0388,0,0,True,True,True,True,True,True,True
2017-03-03-B0389-S03-E04-T01.c3d,atletas\B0389\2017-03-03-B0389-S03\2017-03-03-B0389-S03-E04-T01.c3d,B0389,S03,E04,T01,250.0,mm,deg,N,Nmm,W,382,1982,7.928,25,B0389|B0388,B0389|B0388,0,0,True,True,True,True,True,True,True
2017-03-03-B0389-S03-E04-T02.c3d,atletas\B0389\2017-03-03-B0389-S03\2017-03-03-B0389-S03-E04-T02.c3d,B0389,S03,E04,T02,250.0,mm,deg,N,Nmm,W,382,2300,9.2,25,B0389|B0388,B0389|B0388,0,0,True,True,True,True,True,True,True
2017-03-03-B0389-S04-E01-T01.c3d,atletas\B0389\2017-03-03-B0389-S04\2017-03-03-B0389-S04-E01-T01.c3d,B0389,S04,E01,T01,250.0,mm,deg,N,Nmm,W,191,1563,6.252,74,B0389,B0389,0,0,True,True,True,True,True,True,True
2017-03-03-B0389-S04-E01-T02.c3d,atletas\B0389\2017-03-03-B0389-S04\2017-03-03-B0389-S04-E01-T02.c3d,B0389,S04,E01,T02,250.0,mm,deg,N,Nmm,W,191,1809,7.236,74,B0389,B0389,0,0,True,True,True,True,True,True,True
2017-03-03-B0389-S04-E02-T01.c3d,atletas\B0389\2017-03-03-B0389-S04\2017-03-03-B0389-S04-E02-T01.c3d,B0389,S04,E02,T01,250.0,mm,deg,N,Nmm,W,195,2004,8.016,74,Tarcza|B0389,Tarcza|B0389,4,0,True,True,True,True,True,True,True
2017-03-03-B0389-S04-E02-T02.c3d,atletas\B0389\2017-03-03-B0389-S04\2017-03-03-B0389-S04-E02-T02.c3d,B0389,S04,E02,T02,250.0,mm,deg,N,Nmm,W,195,1828,7.312,74,Tarcza|B0389,Tarcza|B0389,4,0,True,True,True,True,True,True,True
2017-03-03-B0389-S04-E03-T01.c3d,atletas\B0389\2017-03-03-B0389-S04\2017-03-03-B0389-S04-E03-T01.c3d,B0389,S04,E03,T01,250.0,mm,deg,N,Nmm,W,382,1779,7.116,25,B0389|B0388,B0389|B0388,0,0,True,True,True,True,True,True,True
2017-03-03-B0389-S04-E03-T02.c3d,atletas\B0389\2017-03-03-B0389-S04\2017-03-03-B0389-S04-E03-T02.c3d,B0389,S04,E03,T02,250.0,mm,deg,N,Nmm,W,382,2165,8.66,25,B0389|B0388,B0389|B0388,0,0,True,True,True,True,True,True,True
2017-03-03-B0389-S04-E04-T01.c3d,atletas\B0389\2017-03-03-B0389-S04\2017-03-03-B0389-S04-E04-T01.c3d,B0389,S04,E04,T01,250.0,mm,deg,N,Nmm,W,382,2349,9.396,25,B0389|B0388,B0389|B0388,0,0,True,True,True,True,True,True,True
2017-03-03-B0389-S04-E04-T02.c3d,atletas\B0389\2017-03-03-B0389-S04\2017-03-03-B0389-S04-E04-T02.c3d,B0389,S04,E04,T02,250.0,mm,deg,N,Nmm,W,382,1818,7.272,25,B0389|B0388,B0389|B0388,0,0,True,True,True,True,True,True,True
2017-03-03-B0389-S05-E01-T01.c3d,atletas\B0389\2017-03-03-B0389-S05\2017-03-03-B0389-S05-E01-T01.c3d,B0389,S05,E01,T01,250.0,mm,deg,N,Nmm,W,191,2199,8.796,74,B0389,B0389,0,0,True,True,True,True,True,True,True
2017-03-03-B0389-S05-E01-T02.c3d,atletas\B0389\2017-03-03-B0389-S05\2017-03-03-B0389-S05-E01-T02.c3d,B0389,S05,E01,T02,250.0,mm,deg,N,Nmm,W,191,1720,6.88,74,B0389,B0389,0,0,True,True,True,True,True,True,True
2017-03-03-B0389-S05-E02-T01.c3d,atletas\B0389\2017-03-03-B0389-S05\2017-03-03-B0389-S05-E02-T01.c3d,B0389,S05,E02,T01,250.0,mm,deg,N,Nmm,W,195,1882,7.528,74,Tarcza|B0389,Tarcza|B0389,4,0,True,True,True,True,True,True,True
2017-03-03-B0389-S05-E02-T02.c3d,atletas\B0389\2017-03-03-B0389-S05\2017-03-03-B0389-S05-E02-T02.c3d,B0389,S05,E02,T02,250.0,mm,deg,N,Nmm,W,195,1969,7.876,74,Tarcza|B0389,Tarcza|B0389,4,0,True,True,True,True,True,True,True
2017-03-03-B0389-S05-E03-T01.c3d,atletas\B0389\2017-03-03-B0389-S05\2017-03-03-B0389-S05-E03-T01.c3d,B0389,S05,E03,T01,250.0,mm,deg,N,Nmm,W,382,2261,9.044,25,B0389|B0388,B0389|B0388,0,0,True,True,True,True,True,True,True
2017-03-03-B0389-S05-E03-T02.c3d,atletas\B0389\2017-03-03-B0389-S05\2017-03-03-B0389-S05-E03-T02.c3d,B0389,S05,E03,T02,250.0,mm,deg,N,Nmm,W,382,2664,10.656,25,B0389|B0388,B0389|B0388,0,0,True,True,True,True,True,True,True
2017-03-03-B0389-S05-E04-T01.c3d,atletas\B0389\2017-03-03-B0389-S05\2017-03-03-B0389-S05-E04-T01.c3d,B0389,S05,E04,T01,250.0,mm,deg,N,Nmm,W,382,2017,8.068,25,B0389|B0388,B0389|B0388,0,0,True,True,True,True,True,True,True
2017-03-03-B0389-S05-E04-T02.c3d,atletas\B0389\2017-03-03-B0389-S05\2017-03-03-B0389-S05-E04-T02.c3d,B0389,S05,E04,T02,250.0,mm,deg,N,Nmm,W,382,2042,8.168,25,B0389|B0388,B0389|B0388,0,0,True,True,True,True,True,True,True
2017-03-07-B0391-S01-E01-T01.c3d,atletas\B0391\2017-03-07-B0391-S01\2017-03-07-B0391-S01-E01-T01.c3d,B0391,S01,E01,T01,250.0,mm,deg,N,Nmm,W,191,5841,23.364,74,B0391,B0391,0,28,True,True,True,True,True,True,True
2017-03-07-B0391-S01-E01-T02.c3d,atletas\B0391\2017-03-07-B0391-S01\2017-03-07-B0391-S01-E01-T02.c3d,B0391,S01,E01,T02,250.0,mm,deg,N,Nmm,W,191,2468,9.872,74,B0391,B0391,0,28,True,True,True,True,True,True,True
2017-03-07-B0391-S01-E02-T01.c3d,atletas\B0391\2017-03-07-B0391-S01\2017-03-07-B0391-S01-E02-T01.c3d,B0391,S01,E02,T01,250.0,mm,deg,N,Nmm,W,195,2606,10.424,74,Tarcza|B0391,Tarcza|B0391,4,28,True,True,True,True,True,True,True
2017-03-07-B0391-S01-E02-T02.c3d,atletas\B0391\2017-03-07-B0391-S01\2017-03-07-B0391-S01-E02-T02.c3d,B0391,S01,E02,T02,250.0,mm,deg,N,Nmm,W,195,2483,9.932,74,Tarcza|B0391,Tarcza|B0391,4,28,True,True,True,True,True,True,True
2017-03-07-B0391-S01-E03-T03.c3d,atletas\B0391\2017-03-07-B0391-S01\2017-03-07-B0391-S01-E03-T03.c3d,B0391,S01,E03,T03,250.0,mm,deg,N,Nmm,W,382,2167,8.668,25,B0392|B0391,B0392|B0391,0,28,True,True,True,True,True,True,True
2017-03-07-B0391-S01-E03-T04.c3d,atletas\B0391\2017-03-07-B0391-S01\2017-03-07-B0391-S01-E03-T04.c3d,B0391,S01,E03,T04,250.0,mm,deg,N,Nmm,W,382,1751,7.004,25,B0392|B0391,B0392|B0391,0,28,True,True,True,True,True,True,True
2017-03-07-B0391-S01-E04-T01.c3d,atletas\B0391\2017-03-07-B0391-S01\2017-03-07-B0391-S01-E04-T01.c3d,B0391,S01,E04,T01,250.0,mm,deg,N,Nmm,W,382,3629,14.516,25,B0391|B0392,B0391|B0392,0,28,True,True,True,True,True,True,True
2017-03-07-B0391-S01-E04-T02.c3d,atletas\B0391\2017-03-07-B0391-S01\2017-03-07-B0391-S01-E04-T02.c3d,B0391,S01,E04,T02,250.0,mm,deg,N,Nmm,W,382,2050,8.2,25,B0392|B0391,B0392|B0391,0,28,True,True,True,True,True,True,True
2017-03-07-B0391-S02-E01-T01.c3d,atletas\B0391\2017-03-07-B0391-S02\2017-03-07-B0391-S02-E01-T01.c3d,B0391,S02,E01,T01,250.0,mm,deg,N,Nmm,W,191,2385,9.54,74,B0391,B0391,0,28,True,True,True,True,True,True,True
2017-03-07-B0391-S02-E01-T02.c3d,atletas\B0391\2017-03-07-B0391-S02\2017-03-07-B0391-S02-E01-T02.c3d,B0391,S02,E01,T02,250.0,mm,deg,N,Nmm,W,191,2623,10.492,74,B0391,B0391,0,28,True,True,True,True,True,True,True
2017-03-07-B0391-S02-E02-T01.c3d,atletas\B0391\2017-03-07-B0391-S02\2017-03-07-B0391-S02-E02-T01.c3d,B0391,S02,E02,T01,250.0,mm,deg,N,Nmm,W,195,2556,10.224,74,Tarcza|B0391,Tarcza|B0391,4,28,True,True,True,True,True,True,True
2017-03-07-B0391-S02-E02-T02.c3d,atletas\B0391\2017-03-07-B0391-S02\2017-03-07-B0391-S02-E02-T02.c3d,B0391,S02,E02,T02,250.0,mm,deg,N,Nmm,W,195,3059,12.236,74,Tarcza|B0391,Tarcza|B0391,4,28,True,True,True,True,True,True,True
2017-03-07-B0391-S02-E03-T03.c3d,atletas\B0391\2017-03-07-B0391-S02\2017-03-07-B0391-S02-E03-T03.c3d,B0391,S02,E03,T03,250.0,mm,deg,N,Nmm,W,382,3821,15.284,25,B0392|B0391,B0392|B0391,0,28,True,True,True,True,True,True,True
2017-03-07-B0391-S02-E03-T04.c3d,atletas\B0391\2017-03-07-B0391-S02\2017-03-07-B0391-S02-E03-T04.c3d,B0391,S02,E03,T04,250.0,mm,deg,N,Nmm,W,382,2453,9.812,25,B0392|B0391,B0392|B0391,0,28,True,True,True,True,True,True,True
2017-03-07-B0391-S02-E04-T01.c3d,atletas\B0391\2017-03-07-B0391-S02\2017-03-07-B0391-S02-E04-T01.c3d,B0391,S02,E04,T01,250.0,mm,deg,N,Nmm,W,382,2663,10.652,25,B0392|B0391,B0392|B0391,0,28,True,True,True,True,True,True,True
2017-03-07-B0391-S02-E04-T02.c3d,atletas\B0391\2017-03-07-B0391-S02\2017-03-07-B0391-S02-E04-T02.c3d,B0391,S02,E04,T02,250.0,mm,deg,N,Nmm,W,382,3415,13.66,25,B0392|B0391,B0392|B0391,0,28,True,True,True,True,True,True,True
2017-03-07-B0391-S03-E01-T01.c3d,atletas\B0391\2017-03-07-B0391-S03\2017-03-07-B0391-S03-E01-T01.c3d,B0391,S03,E01,T01,250.0,mm,deg,N,Nmm,W,191,2602,10.408,74,B0391,B0391,0,28,True,True,True,True,True,True,True
2017-03-07-B0391-S03-E01-T02.c3d,atletas\B0391\2017-03-07-B0391-S03\2017-03-07-B0391-S03-E01-T02.c3d,B0391,S03,E01,T02,250.0,mm,deg,N,Nmm,W,191,2532,10.128,74,B0391,B0391,0,28,True,True,True,True,True,True,True
2017-03-07-B0391-S03-E02-T01.c3d,atletas\B0391\2017-03-07-B0391-S03\2017-03-07-B0391-S03-E02-T01.c3d,B0391,S03,E02,T01,250.0,mm,deg,N,Nmm,W,195,2375,9.5,74,Tarcza|B0391,Tarcza|B0391,4,28,True,True,True,True,True,True,True
2017-03-07-B0391-S03-E02-T02.c3d,atletas\B0391\2017-03-07-B0391-S03\2017-03-07-B0391-S03-E02-T02.c3d,B0391,S03,E02,T02,250.0,mm,deg,N,Nmm,W,195,2235,8.94,74,Tarcza|B0391,Tarcza|B0391,4,28,True,True,True,True,True,True,True
2017-03-07-B0391-S03-E03-T03.c3d,atletas\B0391\2017-03-07-B0391-S03\2017-03-07-B0391-S03-E03-T03.c3d,B0391,S03,E03,T03,250.0,mm,deg,N,Nmm,W,382,2333,9.332,25,B0392|B0391,B0392|B0391,0,28,True,True,True,True,True,True,True
2017-03-07-B0391-S03-E03-T04.c3d,atletas\B0391\2017-03-07-B0391-S03\2017-03-07-B0391-S03-E03-T04.c3d,B0391,S03,E03,T04,250.0,mm,deg,N,Nmm,W,382,2340,9.36,25,B0392|B0391,B0392|B0391,0,28,True,True,True,True,True,True,True
2017-03-07-B0391-S03-E04-T01.c3d,atletas\B0391\2017-03-07-B0391-S03\2017-03-07-B0391-S03-E04-T01.c3d,B0391,S03,E04,T01,250.0,mm,deg,N,Nmm,W,382,2494,9.976,25,B0392|B0391,B0392|B0391,0,28,True,True,True,True,True,True,True
2017-03-07-B0391-S03-E04-T02.c3d,atletas\B0391\2017-03-07-B0391-S03\2017-03-07-B0391-S03-E04-T02.c3d,B0391,S03,E04,T02,250.0,mm,deg,N,Nmm,W,382,2397,9.588,25,B0392|B0391,B0392|B0391,0,28,True,True,True,True,True,True,True
2017-03-07-B0391-S04-E01-T01.c3d,atletas\B0391\2017-03-07-B0391-S04\2017-03-07-B0391-S04-E01-T01.c3d,B0391,S04,E01,T01,250.0,mm,deg,N,Nmm,W,191,3149,12.596,74,B0391,B0391,0,28,True,True,True,True,True,True,True
2017-03-07-B0391-S04-E01-T02.c3d,atletas\B0391\2017-03-07-B0391-S04\2017-03-07-B0391-S04-E01-T02.c3d,B0391,S04,E01,T02,250.0,mm,deg,N,Nmm,W,191,3092,12.368,74,B0391,B0391,0,28,True,True,True,True,True,True,True
2017-03-07-B0391-S04-E02-T01.c3d,atletas\B0391\2017-03-07-B0391-S04\2017-03-07-B0391-S04-E02-T01.c3d,B0391,S04,E02,T01,250.0,mm,deg,N,Nmm,W,195,2595,10.38,74,Tarcza|B0391,Tarcza|B0391,4,28,True,True,True,True,True,True,True
2017-03-07-B0391-S04-E02-T02.c3d,atletas\B0391\2017-03-07-B0391-S04\2017-03-07-B0391-S04-E02-T02.c3d,B0391,S04,E02,T02,250.0,mm,deg,N,Nmm,W,195,2610,10.44,74,Tarcza|B0391,Tarcza|B0391,4,28,True,True,True,True,True,True,True
2017-03-07-B0391-S04-E03-T03.c3d,atletas\B0391\2017-03-07-B0391-S04\2017-03-07-B0391-S04-E03-T03.c3d,B0391,S04,E03,T03,250.0,mm,deg,N,Nmm,W,382,3773,15.092,25,B0392|B0391,B0392|B0391,0,28,True,True,True,True,True,True,True
2017-03-07-B0391-S04-E03-T04.c3d,atletas\B0391\2017-03-07-B0391-S04\2017-03-07-B0391-S04-E03-T04.c3d,B0391,S04,E03,T04,250.0,mm,deg,N,Nmm,W,382,2899,11.596,25,B0392|B0391,B0392|B0391,0,28,True,True,True,True,True,True,True
2017-03-07-B0391-S04-E04-T01.c3d,atletas\B0391\2017-03-07-B0391-S04\2017-03-07-B0391-S04-E04-T01.c3d,B0391,S04,E04,T01,250.0,mm,deg,N,Nmm,W,382,2584,10.336,25,B0392|B0391,B0392|B0391,0,28,True,True,True,True,True,True,True
2017-03-07-B0391-S04-E04-T02.c3d,atletas\B0391\2017-03-07-B0391-S04\2017-03-07-B0391-S04-E04-T02.c3d,B0391,S04,E04,T02,250.0,mm,deg,N,Nmm,W,382,2469,9.876,25,B0392|B0391,B0392|B0391,0,28,True,True,True,True,True,True,True
2017-03-07-B0391-S05-E01-T01.c3d,atletas\B0391\2017-03-07-B0391-S05\2017-03-07-B0391-S05-E01-T01.c3d,B0391,S05,E01,T01,250.0,mm,deg,N,Nmm,W,191,3684,14.736,74,B0391,B0391,0,28,True,True,True,True,True,True,True
2017-03-07-B0391-S05-E01-T02.c3d,atletas\B0391\2017-03-07-B0391-S05\2017-03-07-B0391-S05-E01-T02.c3d,B0391,S05,E01,T02,250.0,mm,deg,N,Nmm,W,191,3395,13.58,74,B0391,B0391,0,28,True,True,True,True,True,True,True
2017-03-07-B0391-S05-E02-T01.c3d,atletas\B0391\2017-03-07-B0391-S05\2017-03-07-B0391-S05-E02-T01.c3d,B0391,S05,E02,T01,250.0,mm,deg,N,Nmm,W,195,3595,14.38,74,Tarcza|B0391,Tarcza|B0391,4,28,True,True,True,True,True,True,True
2017-03-07-B0391-S05-E02-T02.c3d,atletas\B0391\2017-03-07-B0391-S05\2017-03-07-B0391-S05-E02-T02.c3d,B0391,S05,E02,T02,250.0,mm,deg,N,Nmm,W,195,4100,16.4,74,Tarcza|B0391,Tarcza|B0391,4,28,True,True,True,True,True,True,True
2017-03-07-B0391-S05-E03-T03.c3d,atletas\B0391\2017-03-07-B0391-S05\2017-03-07-B0391-S05-E03-T03.c3d,B0391,S05,E03,T03,250.0,mm,deg,N,Nmm,W,382,3358,13.432,25,B0392|B0391,B0392|B0391,0,28,True,True,True,True,True,True,True
2017-03-07-B0391-S05-E03-T04.c3d,atletas\B0391\2017-03-07-B0391-S05\2017-03-07-B0391-S05-E03-T04.c3d,B0391,S05,E03,T04,250.0,mm,deg,N,Nmm,W,382,3745,14.98,25,B0392|B0391,B0392|B0391,0,28,True,True,True,True,True,True,True
2017-03-07-B0391-S05-E04-T01.c3d,atletas\B0391\2017-03-07-B0391-S05\2017-03-07-B0391-S05-E04-T01.c3d,B0391,S05,E04,T01,250.0,mm,deg,N,Nmm,W,382,3249,12.996,25,B0392|B0391,B0392|B0391,0,28,True,True,True,True,True,True,True
2017-03-07-B0391-S05-E04-T02.c3d,atletas\B0391\2017-03-07-B0391-S05\2017-03-07-B0391-S05-E04-T02.c3d,B0391,S05,E04,T02,250.0,mm,deg,N,Nmm,W,382,2904,11.616,25,B0392|B0391,B0392|B0391,0,28,True,True,True,True,True,True,True
2017-03-07-B0392-S01-E01-T01.c3d,atletas\B0392\2017-03-07-B0392-S01\2017-03-07-B0392-S01-E01-T01.c3d,B0392,S01,E01,T01,250.0,mm,deg,N,Nmm,W,191,1731,6.924,74,B0392,B0392,0,28,True,True,True,True,True,True,True
2017-03-07-B0392-S01-E01-T02.c3d,atletas\B0392\2017-03-07-B0392-S01\2017-03-07-B0392-S01-E01-T02.c3d,B0392,S01,E01,T02,250.0,mm,deg,N,Nmm,W,191,1919,7.676,74,B0392,B0392,0,28,True,True,True,True,True,True,True
2017-03-07-B0392-S01-E02-T01.c3d,atletas\B0392\2017-03-07-B0392-S01\2017-03-07-B0392-S01-E02-T01.c3d,B0392,S01,E02,T01,250.0,mm,deg,N,Nmm,W,195,2074,8.296,74,Tarcza|B0392,Tarcza|B0392,4,28,True,True,True,True,True,True,True
2017-03-07-B0392-S01-E02-T02.c3d,atletas\B0392\2017-03-07-B0392-S01\2017-03-07-B0392-S01-E02-T02.c3d,B0392,S01,E02,T02,250.0,mm,deg,N,Nmm,W,195,1750,7.0,74,Tarcza|B0392,Tarcza|B0392,4,28,True,True,True,True,True,True,True
2017-03-07-B0392-S01-E03-T01.c3d,atletas\B0392\2017-03-07-B0392-S01\2017-03-07-B0392-S01-E03-T01.c3d,B0392,S01,E03,T01,250.0,mm,deg,N,Nmm,W,382,3629,14.516,25,B0391|B0392,B0391|B0392,0,28,True,True,True,True,True,True,True
2017-03-07-B0392-S01-E03-T02.c3d,atletas\B0392\2017-03-07-B0392-S01\2017-03-07-B0392-S01-E03-T02.c3d,B0392,S01,E03,T02,250.0,mm,deg,N,Nmm,W,382,2050,8.2,25,B0392|B0391,B0392|B0391,0,28,True,True,True,True,True,True,True
2017-03-07-B0392-S01-E04-T03.c3d,atletas\B0392\2017-03-07-B0392-S01\2017-03-07-B0392-S01-E04-T03.c3d,B0392,S01,E04,T03,250.0,mm,deg,N,Nmm,W,382,2167,8.668,25,B0392|B0391,B0392|B0391,0,28,True,True,True,True,True,True,True
2017-03-07-B0392-S01-E04-T04.c3d,atletas\B0392\2017-03-07-B0392-S01\2017-03-07-B0392-S01-E04-T04.c3d,B0392,S01,E04,T04,250.0,mm,deg,N,Nmm,W,382,1751,7.004,25,B0392|B0391,B0392|B0391,0,28,True,True,True,True,True,True,True
2017-03-07-B0392-S02-E01-T01.c3d,atletas\B0392\2017-03-07-B0392-S02\2017-03-07-B0392-S02-E01-T01.c3d,B0392,S02,E01,T01,250.0,mm,deg,N,Nmm,W,191,2553,10.212,74,B0392,B0392,0,28,True,True,True,True,True,True,True
2017-03-07-B0392-S02-E01-T02.c3d,atletas\B0392\2017-03-07-B0392-S02\2017-03-07-B0392-S02-E01-T02.c3d,B0392,S02,E01,T02,250.0,mm,deg,N,Nmm,W,191,2547,10.188,74,B0392,B0392,0,28,True,True,True,True,True,True,True
2017-03-07-B0392-S02-E02-T01.c3d,atletas\B0392\2017-03-07-B0392-S02\2017-03-07-B0392-S02-E02-T01.c3d,B0392,S02,E02,T01,250.0,mm,deg,N,Nmm,W,195,3353,13.412,74,Tarcza|B0392,Tarcza|B0392,4,28,True,True,True,True,True,True,True
2017-03-07-B0392-S02-E02-T02.c3d,atletas\B0392\2017-03-07-B0392-S02\2017-03-07-B0392-S02-E02-T02.c3d,B0392,S02,E02,T02,250.0,mm,deg,N,Nmm,W,195,3274,13.096,74,Tarcza|B0392,Tarcza|B0392,4,28,True,True,True,True,True,True,True
2017-03-07-B0392-S02-E03-T01.c3d,atletas\B0392\2017-03-07-B0392-S02\2017-03-07-B0392-S02-E03-T01.c3d,B0392,S02,E03,T01,250.0,mm,deg,N,Nmm,W,382,2663,10.652,25,B0392|B0391,B0392|B0391,0,28,True,True,True,True,True,True,True
2017-03-07-B0392-S02-E03-T02.c3d,atletas\B0392\2017-03-07-B0392-S02\2017-03-07-B0392-S02-E03-T02.c3d,B0392,S02,E03,T02,250.0,mm,deg,N,Nmm,W,382,3415,13.66,25,B0392|B0391,B0392|B0391,0,28,True,True,True,True,True,True,True
2017-03-07-B0392-S02-E04-T03.c3d,atletas\B0392\2017-03-07-B0392-S02\2017-03-07-B0392-S02-E04-T03.c3d,B0392,S02,E04,T03,250.0,mm,deg,N,Nmm,W,382,3821,15.284,25,B0392|B0391,B0392|B0391,0,28,True,True,True,True,True,True,True
2017-03-07-B0392-S02-E04-T04.c3d,atletas\B0392\2017-03-07-B0392-S02\2017-03-07-B0392-S02-E04-T04.c3d,B0392,S02,E04,T04,250.0,mm,deg,N,Nmm,W,382,2453,9.812,25,B0392|B0391,B0392|B0391,0,28,True,True,True,True,True,True,True
2017-03-07-B0392-S03-E01-T01.c3d,atletas\B0392\2017-03-07-B0392-S03\2017-03-07-B0392-S03-E01-T01.c3d,B0392,S03,E01,T01,250.0,mm,deg,N,Nmm,W,191,2293,9.172,74,B0392,B0392,0,28,True,True,True,True,True,True,True
2017-03-07-B0392-S03-E01-T02.c3d,atletas\B0392\2017-03-07-B0392-S03\2017-03-07-B0392-S03-E01-T02.c3d,B0392,S03,E01,T02,250.0,mm,deg,N,Nmm,W,191,2328,9.312,74,B0392,B0392,0,28,True,True,True,True,True,True,True
2017-03-07-B0392-S03-E02-T01.c3d,atletas\B0392\2017-03-07-B0392-S03\2017-03-07-B0392-S03-E02-T01.c3d,B0392,S03,E02,T01,250.0,mm,deg,N,Nmm,W,195,2143,8.572,74,Tarcza|B0392,Tarcza|B0392,4,28,True,True,True,True,True,True,True
2017-03-07-B0392-S03-E02-T02.c3d,atletas\B0392\2017-03-07-B0392-S03\2017-03-07-B0392-S03-E02-T02.c3d,B0392,S03,E02,T02,250.0,mm,deg,N,Nmm,W,195,2189,8.756,74,Tarcza|B0392,Tarcza|B0392,4,28,True,True,True,True,True,True,True
2017-03-07-B0392-S03-E03-T01.c3d,atletas\B0392\2017-03-07-B0392-S03\2017-03-07-B0392-S03-E03-T01.c3d,B0392,S03,E03,T01,250.0,mm,deg,N,Nmm,W,382,2494,9.976,25,B0392|B0391,B0392|B0391,0,28,True,True,True,True,True,True,True
2017-03-07-B0392-S03-E03-T02.c3d,atletas\B0392\2017-03-07-B0392-S03\2017-03-07-B0392-S03-E03-T02.c3d,B0392,S03,E03,T02,250.0,mm,deg,N,Nmm,W,382,2397,9.588,25,B0392|B0391,B0392|B0391,0,28,True,True,True,True,True,True,True
2017-03-07-B0392-S03-E04-T03.c3d,atletas\B0392\2017-03-07-B0392-S03\2017-03-07-B0392-S03-E04-T03.c3d,B0392,S03,E04,T03,250.0,mm,deg,N,Nmm,W,382,2333,9.332,25,B0392|B0391,B0392|B0391,0,28,True,True,True,True,True,True,True
2017-03-07-B0392-S03-E04-T04.c3d,atletas\B0392\2017-03-07-B0392-S03\2017-03-07-B0392-S03-E04-T04.c3d,B0392,S03,E04,T04,250.0,mm,deg,N,Nmm,W,382,2340,9.36,25,B0392|B0391,B0392|B0391,0,28,True,True,True,True,True,True,True
2017-03-07-B0392-S04-E01-T01.c3d,atletas\B0392\2017-03-07-B0392-S04\2017-03-07-B0392-S04-E01-T01.c3d,B0392,S04,E01,T01,250.0,mm,deg,N,Nmm,W,191,2221,8.884,74,B0392,B0392,0,28,True,True,True,True,True,True,True
2017-03-07-B0392-S04-E01-T02.c3d,atletas\B0392\2017-03-07-B0392-S04\2017-03-07-B0392-S04-E01-T02.c3d,B0392,S04,E01,T02,250.0,mm,deg,N,Nmm,W,191,2329,9.316,74,B0392,B0392,0,28,True,True,True,True,True,True,True
2017-03-07-B0392-S04-E02-T01.c3d,atletas\B0392\2017-03-07-B0392-S04\2017-03-07-B0392-S04-E02-T01.c3d,B0392,S04,E02,T01,250.0,mm,deg,N,Nmm,W,195,2238,8.952,74,Tarcza|B0392,Tarcza|B0392,4,28,True,True,True,True,True,True,True
2017-03-07-B0392-S04-E02-T02.c3d,atletas\B0392\2017-03-07-B0392-S04\2017-03-07-B0392-S04-E02-T02.c3d,B0392,S04,E02,T02,250.0,mm,deg,N,Nmm,W,195,2237,8.948,74,Tarcza|B0392,Tarcza|B0392,4,28,True,True,True,True,True,True,True
2017-03-07-B0392-S04-E03-T01.c3d,atletas\B0392\2017-03-07-B0392-S04\2017-03-07-B0392-S04-E03-T01.c3d,B0392,S04,E03,T01,250.0,mm,deg,N,Nmm,W,382,2584,10.336,25,B0392|B0391,B0392|B0391,0,28,True,True,True,True,True,True,True
2017-03-07-B0392-S04-E03-T02.c3d,atletas\B0392\2017-03-07-B0392-S04\2017-03-07-B0392-S04-E03-T02.c3d,B0392,S04,E03,T02,250.0,mm,deg,N,Nmm,W,382,2469,9.876,25,B0392|B0391,B0392|B0391,0,28,True,True,True,True,True,True,True
2017-03-07-B0392-S04-E04-T03.c3d,atletas\B0392\2017-03-07-B0392-S04\2017-03-07-B0392-S04-E04-T03.c3d,B0392,S04,E04,T03,250.0,mm,deg,N,Nmm,W,382,3773,15.092,25,B0392|B0391,B0392|B0391,0,28,True,True,True,True,True,True,True
2017-03-07-B0392-S04-E04-T04.c3d,atletas\B0392\2017-03-07-B0392-S04\2017-03-07-B0392-S04-E04-T04.c3d,B0392,S04,E04,T04,250.0,mm,deg,N,Nmm,W,382,2899,11.596,25,B0392|B0391,B0392|B0391,0,28,True,True,True,True,True,True,True
2017-03-07-B0392-S05-E01-T01.c3d,atletas\B0392\2017-03-07-B0392-S05\2017-03-07-B0392-S05-E01-T01.c3d,B0392,S05,E01,T01,250.0,mm,deg,N,Nmm,W,191,2643,10.572,74,B0392,B0392,0,28,True,True,True,True,True,True,True
2017-03-07-B0392-S05-E01-T02.c3d,atletas\B0392\2017-03-07-B0392-S05\2017-03-07-B0392-S05-E01-T02.c3d,B0392,S05,E01,T02,250.0,mm,deg,N,Nmm,W,191,2384,9.536,74,B0392,B0392,0,28,True,True,True,True,True,True,True
2017-03-07-B0392-S05-E02-T01.c3d,atletas\B0392\2017-03-07-B0392-S05\2017-03-07-B0392-S05-E02-T01.c3d,B0392,S05,E02,T01,250.0,mm,deg,N,Nmm,W,195,3167,12.668,74,Tarcza|B0392,Tarcza|B0392,4,28,True,True,True,True,True,True,True
2017-03-07-B0392-S05-E02-T02.c3d,atletas\B0392\2017-03-07-B0392-S05\2017-03-07-B0392-S05-E02-T02.c3d,B0392,S05,E02,T02,250.0,mm,deg,N,Nmm,W,195,3648,14.592,74,Tarcza|B0392,Tarcza|B0392,4,28,True,True,True,True,True,True,True
2017-03-07-B0392-S05-E03-T01.c3d,atletas\B0392\2017-03-07-B0392-S05\2017-03-07-B0392-S05-E03-T01.c3d,B0392,S05,E03,T01,250.0,mm,deg,N,Nmm,W,382,3249,12.996,25,B0392|B0391,B0392|B0391,0,28,True,True,True,True,True,True,True
2017-03-07-B0392-S05-E03-T02.c3d,atletas\B0392\2017-03-07-B0392-S05\2017-03-07-B0392-S05-E03-T02.c3d,B0392,S05,E03,T02,250.0,mm,deg,N,Nmm,W,382,2904,11.616,25,B0392|B0391,B0392|B0391,0,28,True,True,True,True,True,True,True
2017-03-07-B0392-S05-E04-T03.c3d,atletas\B0392\2017-03-07-B0392-S05\2017-03-07-B0392-S05-E04-T03.c3d,B0392,S05,E04,T03,250.0,mm,deg,N,Nmm,W,382,3358,13.432,25,B0392|B0391,B0392|B0391,0,28,True,True,True,True,True,True,True
2017-03-07-B0392-S05-E04-T04.c3d,atletas\B0392\2017-03-07-B0392-S05\2017-03-07-B0392-S05-E04-T04.c3d,B0392,S05,E04,T04,250.0,mm,deg,N,Nmm,W,382,3745,14.98,25,B0392|B0391,B0392|B0391,0,28,True,True,True,True,True,True,True
2017-03-07-B0393-S01-E01-T01.c3d,atletas\B0393\2017-03-07-B0393-S01\2017-03-07-B0393-S01-E01-T01.c3d,B0393,S01,E01,T01,250.0,mm,deg,N,Nmm,W,191,1407,5.628,74,B0393,B0393,0,28,True,True,True,True,True,True,True
2017-03-07-B0393-S01-E01-T02.c3d,atletas\B0393\2017-03-07-B0393-S01\2017-03-07-B0393-S01-E01-T02.c3d,B0393,S01,E01,T02,250.0,mm,deg,N,Nmm,W,191,1551,6.204,74,B0393,B0393,0,28,True,True,True,True,True,True,True
2017-03-07-B0393-S01-E02-T01.c3d,atletas\B0393\2017-03-07-B0393-S01\2017-03-07-B0393-S01-E02-T01.c3d,B0393,S01,E02,T01,250.0,mm,deg,N,Nmm,W,195,2549,10.196,74,Tarcza|B0393,Tarcza|B0393,4,28,True,True,True,True,True,True,True
2017-03-07-B0393-S01-E02-T02.c3d,atletas\B0393\2017-03-07-B0393-S01\2017-03-07-B0393-S01-E02-T02.c3d,B0393,S01,E02,T02,250.0,mm,deg,N,Nmm,W,195,2714,10.856,74,Tarcza|B0393,Tarcza|B0393,4,28,True,True,True,True,True,True,True
2017-03-07-B0393-S01-E02-T03.c3d,atletas\B0393\2017-03-07-B0393-S01\2017-03-07-B0393-S01-E02-T03.c3d,B0393,S01,E02,T03,250.0,mm,deg,N,Nmm,W,195,2514,10.056,74,Tarcza|B0393,Tarcza|B0393,4,28,True,True,True,True,True,True,True
2017-03-07-B0393-S01-E02-T04.c3d,atletas\B0393\2017-03-07-B0393-S01\2017-03-07-B0393-S01-E02-T04.c3d,B0393,S01,E02,T04,250.0,mm,deg,N,Nmm,W,195,1419,5.676,74,Tarcza|B0393,Tarcza|B0393,4,28,True,True,True,True,True,True,True
2017-03-07-B0393-S01-E02-T05.c3d,atletas\B0393\2017-03-07-B0393-S01\2017-03-07-B0393-S01-E02-T05.c3d,B0393,S01,E02,T05,250.0,mm,deg,N,Nmm,W,195,1380,5.52,74,Tarcza|B0393,Tarcza|B0393,4,28,True,True,True,True,True,True,True
2017-03-07-B0393-S01-E03-T01.c3d,atletas\B0393\2017-03-07-B0393-S01\2017-03-07-B0393-S01-E03-T01.c3d,B0393,S01,E03,T01,250.0,mm,deg,N,Nmm,W,382,2677,10.708,25,B0394|B0393,B0394|B0393,0,28,True,True,True,True,True,True,True
2017-03-07-B0393-S01-E03-T02.c3d,atletas\B0393\2017-03-07-B0393-S01\2017-03-07-B0393-S01-E03-T02.c3d,B0393,S01,E03,T02,250.0,mm,deg,N,Nmm,W,382,1835,7.34,25,B0394|B0393,B0394|B0393,0,28,True,True,True,True,True,True,True
2017-03-07-B0393-S01-E04-T01.c3d,atletas\B0393\2017-03-07-B0393-S01\2017-03-07-B0393-S01-E04-T01.c3d,B0393,S01,E04,T01,250.0,mm,deg,N,Nmm,W,382,2230,8.92,25,B0394|B0393,B0394|B0393,0,28,True,True,True,True,True,True,True
2017-03-07-B0393-S01-E04-T02.c3d,atletas\B0393\2017-03-07-B0393-S01\2017-03-07-B0393-S01-E04-T02.c3d,B0393,S01,E04,T02,250.0,mm,deg,N,Nmm,W,382,2820,11.28,25,B0394|B0393,B0394|B0393,0,28,True,True,True,True,True,True,True
2017-03-07-B0393-S02-E01-T01.c3d,atletas\B0393\2017-03-07-B0393-S02\2017-03-07-B0393-S02-E01-T01.c3d,B0393,S02,E01,T01,250.0,mm,deg,N,Nmm,W,191,2344,9.376,74,B0393,B0393,0,28,True,True,True,True,True,True,True
2017-03-07-B0393-S02-E01-T02.c3d,atletas\B0393\2017-03-07-B0393-S02\2017-03-07-B0393-S02-E01-T02.c3d,B0393,S02,E01,T02,250.0,mm,deg,N,Nmm,W,191,1618,6.472,74,B0393,B0393,0,28,True,True,True,True,True,True,True
2017-03-07-B0393-S02-E02-T01.c3d,atletas\B0393\2017-03-07-B0393-S02\2017-03-07-B0393-S02-E02-T01.c3d,B0393,S02,E02,T01,250.0,mm,deg,N,Nmm,W,195,1706,6.824,74,Tarcza|B0393,Tarcza|B0393,4,28,True,True,True,True,True,True,True
2017-03-07-B0393-S02-E02-T02.c3d,atletas\B0393\2017-03-07-B0393-S02\2017-03-07-B0393-S02-E02-T02.c3d,B0393,S02,E02,T02,250.0,mm,deg,N,Nmm,W,195,1782,7.128,74,Tarcza|B0393,Tarcza|B0393,4,28,True,True,True,True,True,True,True
2017-03-07-B0393-S02-E03-T01.c3d,atletas\B0393\2017-03-07-B0393-S02\2017-03-07-B0393-S02-E03-T01.c3d,B0393,S02,E03,T01,250.0,mm,deg,N,Nmm,W,382,2034,8.136,25,B0394|B0393,B0394|B0393,0,28,True,True,True,True,True,True,True
2017-03-07-B0393-S02-E03-T02.c3d,atletas\B0393\2017-03-07-B0393-S02\2017-03-07-B0393-S02-E03-T02.c3d,B0393,S02,E03,T02,250.0,mm,deg,N,Nmm,W,382,1983,7.932,25,B0394|B0393,B0394|B0393,0,28,True,True,True,True,True,True,True
2017-03-07-B0393-S02-E04-T01.c3d,atletas\B0393\2017-03-07-B0393-S02\2017-03-07-B0393-S02-E04-T01.c3d,B0393,S02,E04,T01,250.0,mm,deg,N,Nmm,W,382,2008,8.032,25,B0394|B0393,B0394|B0393,0,28,True,True,True,True,True,True,True
2017-03-07-B0393-S02-E04-T02.c3d,atletas\B0393\2017-03-07-B0393-S02\2017-03-07-B0393-S02-E04-T02.c3d,B0393,S02,E04,T02,250.0,mm,deg,N,Nmm,W,382,2164,8.656,25,B0394|B0393,B0394|B0393,0,28,True,True,True,True,True,True,True
2017-03-07-B0393-S03-E01-T01.c3d,atletas\B0393\2017-03-07-B0393-S03\2017-03-07-B0393-S03-E01-T01.c3d,B0393,S03,E01,T01,250.0,mm,deg,N,Nmm,W,191,1612,6.448,74,B0393,B0393,0,28,True,True,True,True,True,True,True
2017-03-07-B0393-S03-E01-T02.c3d,atletas\B0393\2017-03-07-B0393-S03\2017-03-07-B0393-S03-E01-T02.c3d,B0393,S03,E01,T02,250.0,mm,deg,N,Nmm,W,191,1885,7.54,74,B0393,B0393,0,28,True,True,True,True,True,True,True
2017-03-07-B0393-S03-E02-T01.c3d,atletas\B0393\2017-03-07-B0393-S03\2017-03-07-B0393-S03-E02-T01.c3d,B0393,S03,E02,T01,250.0,mm,deg,N,Nmm,W,195,1486,5.944,74,Tarcza|B0393,Tarcza|B0393,4,28,True,True,True,True,True,True,True
2017-03-07-B0393-S03-E02-T02.c3d,atletas\B0393\2017-03-07-B0393-S03\2017-03-07-B0393-S03-E02-T02.c3d,B0393,S03,E02,T02,250.0,mm,deg,N,Nmm,W,195,2056,8.224,74,Tarcza|B0393,Tarcza|B0393,4,28,True,True,True,True,True,True,True
2017-03-07-B0393-S03-E02-T03.c3d,atletas\B0393\2017-03-07-B0393-S03\2017-03-07-B0393-S03-E02-T03.c3d,B0393,S03,E02,T03,250.0,mm,deg,N,Nmm,W,195,1370,5.48,74,Tarcza|B0393,Tarcza|B0393,4,28,True,True,True,True,True,True,True
2017-03-07-B0393-S03-E03-T01.c3d,atletas\B0393\2017-03-07-B0393-S03\2017-03-07-B0393-S03-E03-T01.c3d,B0393,S03,E03,T01,250.0,mm,deg,N,Nmm,W,382,2727,10.908,25,B0394|B0393,B0394|B0393,0,28,True,True,True,True,True,True,True
2017-03-07-B0393-S03-E03-T02.c3d,atletas\B0393\2017-03-07-B0393-S03\2017-03-07-B0393-S03-E03-T02.c3d,B0393,S03,E03,T02,250.0,mm,deg,N,Nmm,W,382,1983,7.932,25,B0394|B0393,B0394|B0393,0,28,True,True,True,True,True,True,True
2017-03-07-B0393-S03-E04-T01.c3d,atletas\B0393\2017-03-07-B0393-S03\2017-03-07-B0393-S03-E04-T01.c3d,B0393,S03,E04,T01,250.0,mm,deg,N,Nmm,W,382,3146,12.584,25,B0394|B0393,B0394|B0393,0,28,True,True,True,True,True,True,True
2017-03-07-B0393-S03-E04-T02.c3d,atletas\B0393\2017-03-07-B0393-S03\2017-03-07-B0393-S03-E04-T02.c3d,B0393,S03,E04,T02,250.0,mm,deg,N,Nmm,W,382,2235,8.94,25,B0394|B0393,B0394|B0393,0,28,True,True,True,True,True,True,True
2017-03-07-B0393-S04-E01-T01.c3d,atletas\B0393\2017-03-07-B0393-S04\2017-03-07-B0393-S04-E01-T01.c3d,B0393,S04,E01,T01,250.0,mm,deg,N,Nmm,W,191,1444,5.776,74,B0393,B0393,0,28,True,True,True,True,True,True,True
2017-03-07-B0393-S04-E01-T02.c3d,atletas\B0393\2017-03-07-B0393-S04\2017-03-07-B0393-S04-E01-T02.c3d,B0393,S04,E01,T02,250.0,mm,deg,N,Nmm,W,191,1723,6.892,74,B0393,B0393,0,28,True,True,True,True,True,True,True
2017-03-07-B0393-S04-E02-T01.c3d,atletas\B0393\2017-03-07-B0393-S04\2017-03-07-B0393-S04-E02-T01.c3d,B0393,S04,E02,T01,250.0,mm,deg,N,Nmm,W,195,1556,6.224,74,Tarcza|B0393,Tarcza|B0393,4,28,True,True,True,True,True,True,True
2017-03-07-B0393-S04-E02-T02.c3d,atletas\B0393\2017-03-07-B0393-S04\2017-03-07-B0393-S04-E02-T02.c3d,B0393,S04,E02,T02,250.0,mm,deg,N,Nmm,W,195,1559,6.236,74,Tarcza|B0393,Tarcza|B0393,4,28,True,True,True,True,True,True,True
2017-03-07-B0393-S04-E03-T01.c3d,atletas\B0393\2017-03-07-B0393-S04\2017-03-07-B0393-S04-E03-T01.c3d,B0393,S04,E03,T01,250.0,mm,deg,N,Nmm,W,382,1780,7.12,25,B0394|B0393,B0394|B0393,0,28,True,True,True,True,True,True,True
2017-03-07-B0393-S04-E03-T02.c3d,atletas\B0393\2017-03-07-B0393-S04\2017-03-07-B0393-S04-E03-T02.c3d,B0393,S04,E03,T02,250.0,mm,deg,N,Nmm,W,382,2227,8.908,25,B0394|B0393,B0394|B0393,0,28,True,True,True,True,True,True,True
2017-03-07-B0393-S04-E04-T01.c3d,atletas\B0393\2017-03-07-B0393-S04\2017-03-07-B0393-S04-E04-T01.c3d,B0393,S04,E04,T01,250.0,mm,deg,N,Nmm,W,382,2809,11.236,25,B0394|B0393,B0394|B0393,0,28,True,True,True,True,True,True,True
2017-03-07-B0393-S04-E04-T02.c3d,atletas\B0393\2017-03-07-B0393-S04\2017-03-07-B0393-S04-E04-T02.c3d,B0393,S04,E04,T02,250.0,mm,deg,N,Nmm,W,382,2854,11.416,25,B0394|B0393,B0394|B0393,0,28,True,True,True,True,True,True,True
2017-03-07-B0393-S05-E01-T01.c3d,atletas\B0393\2017-03-07-B0393-S05\2017-03-07-B0393-S05-E01-T01.c3d,B0393,S05,E01,T01,250.0,mm,deg,N,Nmm,W,191,2729,10.916,74,B0393,B0393,0,28,True,True,True,True,True,True,True
2017-03-07-B0393-S05-E01-T02.c3d,atletas\B0393\2017-03-07-B0393-S05\2017-03-07-B0393-S05-E01-T02.c3d,B0393,S05,E01,T02,250.0,mm,deg,N,Nmm,W,191,2618,10.472,74,B0393,B0393,0,28,True,True,True,True,True,True,True
2017-03-07-B0393-S05-E02-T01.c3d,atletas\B0393\2017-03-07-B0393-S05\2017-03-07-B0393-S05-E02-T01.c3d,B0393,S05,E02,T01,250.0,mm,deg,N,Nmm,W,195,2238,8.952,74,Tarcza|B0393,Tarcza|B0393,4,28,True,True,True,True,True,True,True
2017-03-07-B0393-S05-E02-T02.c3d,atletas\B0393\2017-03-07-B0393-S05\2017-03-07-B0393-S05-E02-T02.c3d,B0393,S05,E02,T02,250.0,mm,deg,N,Nmm,W,195,2745,10.98,74,Tarcza|B0393,Tarcza|B0393,4,28,True,True,True,True,True,True,True
2017-03-07-B0393-S05-E03-T01.c3d,atletas\B0393\2017-03-07-B0393-S05\2017-03-07-B0393-S05-E03-T01.c3d,B0393,S05,E03,T01,250.0,mm,deg,N,Nmm,W,382,3641,14.564,25,B0394|B0393,B0394|B0393,0,28,True,True,True,True,True,True,True
2017-03-07-B0393-S05-E03-T02.c3d,atletas\B0393\2017-03-07-B0393-S05\2017-03-07-B0393-S05-E03-T02.c3d,B0393,S05,E03,T02,250.0,mm,deg,N,Nmm,W,382,2795,11.18,25,B0394|B0393,B0394|B0393,0,28,True,True,True,True,True,True,True
2017-03-07-B0393-S05-E04-T01.c3d,atletas\B0393\2017-03-07-B0393-S05\2017-03-07-B0393-S05-E04-T01.c3d,B0393,S05,E04,T01,250.0,mm,deg,N,Nmm,W,382,3275,13.1,25,B0394|B0393,B0394|B0393,0,28,True,True,True,True,True,True,True
2017-03-07-B0393-S05-E04-T02.c3d,atletas\B0393\2017-03-07-B0393-S05\2017-03-07-B0393-S05-E04-T02.c3d,B0393,S05,E04,T02,250.0,mm,deg,N,Nmm,W,382,3167,12.668,25,B0394|B0393,B0394|B0393,0,28,True,True,True,True,True,True,True
2017-03-07-B0394-S01-E01-T01.c3d,atletas\B0394\2017-03-07-B0394-S01\2017-03-07-B0394-S01-E01-T01.c3d,B0394,S01,E01,T01,250.0,mm,deg,N,Nmm,W,191,1764,7.056,74,B0394,B0394,0,28,True,True,True,True,True,True,True
2017-03-07-B0394-S01-E01-T02.c3d,atletas\B0394\2017-03-07-B0394-S01\2017-03-07-B0394-S01-E01-T02.c3d,B0394,S01,E01,T02,250.0,mm,deg,N,Nmm,W,191,1656,6.624,74,B0394,B0394,0,28,True,True,True,True,True,True,True
2017-03-07-B0394-S01-E02-T01.c3d,atletas\B0394\2017-03-07-B0394-S01\2017-03-07-B0394-S01-E02-T01.c3d,B0394,S01,E02,T01,250.0,mm,deg,N,Nmm,W,195,1406,5.624,74,Tarcza|B0394,Tarcza|B0394,4,28,True,True,True,True,True,True,True
2017-03-07-B0394-S01-E02-T02.c3d,atletas\B0394\2017-03-07-B0394-S01\2017-03-07-B0394-S01-E02-T02.c3d,B0394,S01,E02,T02,250.0,mm,deg,N,Nmm,W,195,1728,6.912,74,Tarcza|B0394,Tarcza|B0394,4,28,True,True,True,True,True,True,True
2017-03-07-B0394-S01-E03-T01.c3d,atletas\B0394\2017-03-07-B0394-S01\2017-03-07-B0394-S01-E03-T01.c3d,B0394,S01,E03,T01,250.0,mm,deg,N,Nmm,W,382,2230,8.92,25,B0394|B0393,B0394|B0393,0,28,True,True,True,True,True,True,True
2017-03-07-B0394-S01-E03-T02.c3d,atletas\B0394\2017-03-07-B0394-S01\2017-03-07-B0394-S01-E03-T02.c3d,B0394,S01,E03,T02,250.0,mm,deg,N,Nmm,W,382,2820,11.28,25,B0394|B0393,B0394|B0393,0,28,True,True,True,True,True,True,True
2017-03-07-B0394-S01-E04-T01.c3d,atletas\B0394\2017-03-07-B0394-S01\2017-03-07-B0394-S01-E04-T01.c3d,B0394,S01,E04,T01,250.0,mm,deg,N,Nmm,W,382,2677,10.708,25,B0394|B0393,B0394|B0393,0,28,True,True,True,True,True,True,True
2017-03-07-B0394-S01-E04-T02.c3d,atletas\B0394\2017-03-07-B0394-S01\2017-03-07-B0394-S01-E04-T02.c3d,B0394,S01,E04,T02,250.0,mm,deg,N,Nmm,W,382,1835,7.34,25,B0394|B0393,B0394|B0393,0,28,True,True,True,True,True,True,True
2017-03-07-B0394-S02-E01-T01.c3d,atletas\B0394\2017-03-07-B0394-S02\2017-03-07-B0394-S02-E01-T01.c3d,B0394,S02,E01,T01,250.0,mm,deg,N,Nmm,W,191,1871,7.484,74,B0394,B0394,0,28,True,True,True,True,True,True,True
2017-03-07-B0394-S02-E01-T02.c3d,atletas\B0394\2017-03-07-B0394-S02\2017-03-07-B0394-S02-E01-T02.c3d,B0394,S02,E01,T02,250.0,mm,deg,N,Nmm,W,191,2043,8.172,74,B0394,B0394,0,28,True,True,True,True,True,True,True
2017-03-07-B0394-S02-E02-T01.c3d,atletas\B0394\2017-03-07-B0394-S02\2017-03-07-B0394-S02-E02-T01.c3d,B0394,S02,E02,T01,250.0,mm,deg,N,Nmm,W,195,1534,6.136,74,Tarcza|B0394,Tarcza|B0394,4,28,True,True,True,True,True,True,True
2017-03-07-B0394-S02-E02-T02.c3d,atletas\B0394\2017-03-07-B0394-S02\2017-03-07-B0394-S02-E02-T02.c3d,B0394,S02,E02,T02,250.0,mm,deg,N,Nmm,W,195,1881,7.524,74,Tarcza|B0394,Tarcza|B0394,4,28,True,True,True,True,True,True,True
2017-03-07-B0394-S02-E03-T01.c3d,atletas\B0394\2017-03-07-B0394-S02\2017-03-07-B0394-S02-E03-T01.c3d,B0394,S02,E03,T01,250.0,mm,deg,N,Nmm,W,382,2008,8.032,25,B0394|B0393,B0394|B0393,0,28,True,True,True,True,True,True,True
2017-03-07-B0394-S02-E03-T02.c3d,atletas\B0394\2017-03-07-B0394-S02\2017-03-07-B0394-S02-E03-T02.c3d,B0394,S02,E03,T02,250.0,mm,deg,N,Nmm,W,382,2164,8.656,25,B0394|B0393,B0394|B0393,0,28,True,True,True,True,True,True,True
2017-03-07-B0394-S02-E04-T01.c3d,atletas\B0394\2017-03-07-B0394-S02\2017-03-07-B0394-S02-E04-T01.c3d,B0394,S02,E04,T01,250.0,mm,deg,N,Nmm,W,382,2034,8.136,25,B0394|B0393,B0394|B0393,0,28,True,True,True,True,True,True,True
2017-03-07-B0394-S02-E04-T02.c3d,atletas\B0394\2017-03-07-B0394-S02\2017-03-07-B0394-S02-E04-T02.c3d,B0394,S02,E04,T02,250.0,mm,deg,N,Nmm,W,382,1983,7.932,25,B0394|B0393,B0394|B0393,0,28,True,True,True,True,True,True,True
2017-03-07-B0394-S03-E01-T01.c3d,atletas\B0394\2017-03-07-B0394-S03\2017-03-07-B0394-S03-E01-T01.c3d,B0394,S03,E01,T01,250.0,mm,deg,N,Nmm,W,191,2098,8.392,74,B0394,B0394,0,28,True,True,True,True,True,True,True
2017-03-07-B0394-S03-E01-T02.c3d,atletas\B0394\2017-03-07-B0394-S03\2017-03-07-B0394-S03-E01-T02.c3d,B0394,S03,E01,T02,250.0,mm,deg,N,Nmm,W,191,2046,8.184,74,B0394,B0394,0,28,True,True,True,True,True,True,True
2017-03-07-B0394-S03-E02-T01.c3d,atletas\B0394\2017-03-07-B0394-S03\2017-03-07-B0394-S03-E02-T01.c3d,B0394,S03,E02,T01,250.0,mm,deg,N,Nmm,W,195,1597,6.388,74,Tarcza|B0394,Tarcza|B0394,4,28,True,True,True,True,True,True,True
2017-03-07-B0394-S03-E02-T02.c3d,atletas\B0394\2017-03-07-B0394-S03\2017-03-07-B0394-S03-E02-T02.c3d,B0394,S03,E02,T02,250.0,mm,deg,N,Nmm,W,195,1845,7.38,74,Tarcza|B0394,Tarcza|B0394,4,28,True,True,True,True,True,True,True
2017-03-07-B0394-S03-E03-T01.c3d,atletas\B0394\2017-03-07-B0394-S03\2017-03-07-B0394-S03-E03-T01.c3d,B0394,S03,E03,T01,250.0,mm,deg,N,Nmm,W,382,3146,12.584,25,B0394|B0393,B0394|B0393,0,28,True,True,True,True,True,True,True
2017-03-07-B0394-S03-E03-T02.c3d,atletas\B0394\2017-03-07-B0394-S03\2017-03-07-B0394-S03-E03-T02.c3d,B0394,S03,E03,T02,250.0,mm,deg,N,Nmm,W,382,2235,8.94,25,B0394|B0393,B0394|B0393,0,28,True,True,True,True,True,True,True
2017-03-07-B0394-S03-E04-T01.c3d,atletas\B0394\2017-03-07-B0394-S03\2017-03-07-B0394-S03-E04-T01.c3d,B0394,S03,E04,T01,250.0,mm,deg,N,Nmm,W,382,2727,10.908,25,B0394|B0393,B0394|B0393,0,28,True,True,True,True,True,True,True
2017-03-07-B0394-S03-E04-T02.c3d,atletas\B0394\2017-03-07-B0394-S03\2017-03-07-B0394-S03-E04-T02.c3d,B0394,S03,E04,T02,250.0,mm,deg,N,Nmm,W,382,1983,7.932,25,B0394|B0393,B0394|B0393,0,28,True,True,True,True,True,True,True
2017-03-07-B0394-S04-E01-T01.c3d,atletas\B0394\2017-03-07-B0394-S04\2017-03-07-B0394-S04-E01-T01.c3d,B0394,S04,E01,T01,250.0,mm,deg,N,Nmm,W,191,2137,8.548,74,B0394,B0394,0,28,True,True,True,True,True,True,True
2017-03-07-B0394-S04-E01-T02.c3d,atletas\B0394\2017-03-07-B0394-S04\2017-03-07-B0394-S04-E01-T02.c3d,B0394,S04,E01,T02,250.0,mm,deg,N,Nmm,W,191,2176,8.704,74,B0394,B0394,0,28,True,True,True,True,True,True,True
2017-03-07-B0394-S04-E02-T01.c3d,atletas\B0394\2017-03-07-B0394-S04\2017-03-07-B0394-S04-E02-T01.c3d,B0394,S04,E02,T01,250.0,mm,deg,N,Nmm,W,195,2081,8.324,74,Tarcza|B0394,Tarcza|B0394,4,28,True,True,True,True,True,True,True
2017-03-07-B0394-S04-E02-T02.c3d,atletas\B0394\2017-03-07-B0394-S04\2017-03-07-B0394-S04-E02-T02.c3d,B0394,S04,E02,T02,250.0,mm,deg,N,Nmm,W,195,1880,7.52,74,Tarcza|B0394,Tarcza|B0394,4,28,True,True,True,True,True,True,True
2017-03-07-B0394-S04-E03-T01.c3d,atletas\B0394\2017-03-07-B0394-S04\2017-03-07-B0394-S04-E03-T01.c3d,B0394,S04,E03,T01,250.0,mm,deg,N,Nmm,W,382,2809,11.236,25,B0394|B0393,B0394|B0393,0,28,True,True,True,True,True,True,True
2017-03-07-B0394-S04-E03-T02.c3d,atletas\B0394\2017-03-07-B0394-S04\2017-03-07-B0394-S04-E03-T02.c3d,B0394,S04,E03,T02,250.0,mm,deg,N,Nmm,W,382,2854,11.416,25,B0394|B0393,B0394|B0393,0,28,True,True,True,True,True,True,True
2017-03-07-B0394-S04-E04-T01.c3d,atletas\B0394\2017-03-07-B0394-S04\2017-03-07-B0394-S04-E04-T01.c3d,B0394,S04,E04,T01,250.0,mm,deg,N,Nmm,W,382,1780,7.12,25,B0394|B0393,B0394|B0393,0,28,True,True,True,True,True,True,True
2017-03-07-B0394-S04-E04-T02.c3d,atletas\B0394\2017-03-07-B0394-S04\2017-03-07-B0394-S04-E04-T02.c3d,B0394,S04,E04,T02,250.0,mm,deg,N,Nmm,W,382,2227,8.908,25,B0394|B0393,B0394|B0393,0,28,True,True,True,True,True,True,True
2017-03-07-B0394-S05-E01-T01.c3d,atletas\B0394\2017-03-07-B0394-S05\2017-03-07-B0394-S05-E01-T01.c3d,B0394,S05,E01,T01,250.0,mm,deg,N,Nmm,W,191,3414,13.656,74,B0394,B0394,0,28,True,True,True,True,True,True,True
2017-03-07-B0394-S05-E01-T02.c3d,atletas\B0394\2017-03-07-B0394-S05\2017-03-07-B0394-S05-E01-T02.c3d,B0394,S05,E01,T02,250.0,mm,deg,N,Nmm,W,191,3302,13.208,74,B0394,B0394,0,28,True,True,True,True,True,True,True
2017-03-07-B0394-S05-E02-T01.c3d,atletas\B0394\2017-03-07-B0394-S05\2017-03-07-B0394-S05-E02-T01.c3d,B0394,S05,E02,T01,250.0,mm,deg,N,Nmm,W,195,3327,13.308,74,Tarcza|B0394,Tarcza|B0394,4,28,True,True,True,True,True,True,True
2017-03-07-B0394-S05-E02-T02.c3d,atletas\B0394\2017-03-07-B0394-S05\2017-03-07-B0394-S05-E02-T02.c3d,B0394,S05,E02,T02,250.0,mm,deg,N,Nmm,W,195,3015,12.06,74,Tarcza|B0394,Tarcza|B0394,4,28,True,True,True,True,True,True,True
2017-03-07-B0394-S05-E03-T01.c3d,atletas\B0394\2017-03-07-B0394-S05\2017-03-07-B0394-S05-E03-T01.c3d,B0394,S05,E03,T01,250.0,mm,deg,N,Nmm,W,382,3275,13.1,25,B0394|B0393,B0394|B0393,0,28,True,True,True,True,True,True,True
2017-03-07-B0394-S05-E03-T02.c3d,atletas\B0394\2017-03-07-B0394-S05\2017-03-07-B0394-S05-E03-T02.c3d,B0394,S05,E03,T02,250.0,mm,deg,N,Nmm,W,382,3167,12.668,25,B0394|B0393,B0394|B0393,0,28,True,True,True,True,True,True,True
2017-03-07-B0394-S05-E04-T01.c3d,atletas\B0394\2017-03-07-B0394-S05\2017-03-07-B0394-S05-E04-T01.c3d,B0394,S05,E04,T01,250.0,mm,deg,N,Nmm,W,382,3641,14.564,25,B0394|B0393,B0394|B0393,0,28,True,True,True,True,True,True,True
2017-03-07-B0394-S05-E04-T02.c3d,atletas\B0394\2017-03-07-B0394-S05\2017-03-07-B0394-S05-E04-T02.c3d,B0394,S05,E04,T02,250.0,mm,deg,N,Nmm,W,382,2795,11.18,25,B0394|B0393,B0394|B0393,0,28,True,True,True,True,True,True,True
2017-03-07-B0395-S01-E01-T01.c3d,atletas\B0395\2017-03-07-B0395-S01\2017-03-07-B0395-S01-E01-T01.c3d,B0395,S01,E01,T01,250.0,mm,deg,N,Nmm,W,191,1460,5.84,74,B0395,B0395,0,28,True,True,True,True,True,True,True
2017-03-07-B0395-S01-E01-T02.c3d,atletas\B0395\2017-03-07-B0395-S01\2017-03-07-B0395-S01-E01-T02.c3d,B0395,S01,E01,T02,250.0,mm,deg,N,Nmm,W,191,1547,6.188,74,B0395,B0395,0,28,True,True,True,True,True,True,True
2017-03-07-B0395-S01-E02-T01.c3d,atletas\B0395\2017-03-07-B0395-S01\2017-03-07-B0395-S01-E02-T01.c3d,B0395,S01,E02,T01,250.0,mm,deg,N,Nmm,W,195,1593,6.372,74,Tarcza|B0395,Tarcza|B0395,4,28,True,True,True,True,True,True,True
2017-03-07-B0395-S01-E02-T02.c3d,atletas\B0395\2017-03-07-B0395-S01\2017-03-07-B0395-S01-E02-T02.c3d,B0395,S01,E02,T02,250.0,mm,deg,N,Nmm,W,195,1400,5.6,74,Tarcza|B0395,Tarcza|B0395,4,28,True,True,True,True,True,True,True
2017-03-07-B0395-S01-E03-T01.c3d,atletas\B0395\2017-03-07-B0395-S01\2017-03-07-B0395-S01-E03-T01.c3d,B0395,S01,E03,T01,250.0,mm,deg,N,Nmm,W,382,1677,6.708,25,B0396|B0395,B0396|B0395,0,28,True,True,True,True,True,True,True
2017-03-07-B0395-S01-E03-T02.c3d,atletas\B0395\2017-03-07-B0395-S01\2017-03-07-B0395-S01-E03-T02.c3d,B0395,S01,E03,T02,250.0,mm,deg,N,Nmm,W,382,1666,6.664,25,B0396|B0395,B0396|B0395,0,28,True,True,True,True,True,True,True
2017-03-07-B0395-S01-E03-T03.c3d,atletas\B0395\2017-03-07-B0395-S01\2017-03-07-B0395-S01-E03-T03.c3d,B0395,S01,E03,T03,250.0,mm,deg,N,Nmm,W,382,1840,7.36,25,B0396|B0395,B0396|B0395,0,28,True,True,True,True,True,True,True
2017-03-07-B0395-S01-E04-T01.c3d,atletas\B0395\2017-03-07-B0395-S01\2017-03-07-B0395-S01-E04-T01.c3d,B0395,S01,E04,T01,250.0,mm,deg,N,Nmm,W,382,2145,8.58,25,B0396|B0395,B0396|B0395,0,28,True,True,True,True,True,True,True
2017-03-07-B0395-S01-E04-T02.c3d,atletas\B0395\2017-03-07-B0395-S01\2017-03-07-B0395-S01-E04-T02.c3d,B0395,S01,E04,T02,250.0,mm,deg,N,Nmm,W,382,2164,8.656,25,B0396|B0395,B0396|B0395,0,28,True,True,True,True,True,True,True
2017-03-07-B0395-S02-E01-T01.c3d,atletas\B0395\2017-03-07-B0395-S02\2017-03-07-B0395-S02-E01-T01.c3d,B0395,S02,E01,T01,250.0,mm,deg,N,Nmm,W,191,1594,6.376,74,B0395,B0395,0,28,True,True,True,True,True,True,True
2017-03-07-B0395-S02-E01-T02.c3d,atletas\B0395\2017-03-07-B0395-S02\2017-03-07-B0395-S02-E01-T02.c3d,B0395,S02,E01,T02,250.0,mm,deg,N,Nmm,W,191,1553,6.212,74,B0395,B0395,0,28,True,True,True,True,True,True,True
2017-03-07-B0395-S02-E02-T01.c3d,atletas\B0395\2017-03-07-B0395-S02\2017-03-07-B0395-S02-E02-T01.c3d,B0395,S02,E02,T01,250.0,mm,deg,N,Nmm,W,195,1635,6.54,74,Tarcza|B0395,Tarcza|B0395,4,28,True,True,True,True,True,True,True
2017-03-07-B0395-S02-E02-T02.c3d,atletas\B0395\2017-03-07-B0395-S02\2017-03-07-B0395-S02-E02-T02.c3d,B0395,S02,E02,T02,250.0,mm,deg,N,Nmm,W,195,1562,6.248,74,Tarcza|B0395,Tarcza|B0395,4,28,True,True,True,True,True,True,True
2017-03-07-B0395-S02-E03-T01.c3d,atletas\B0395\2017-03-07-B0395-S02\2017-03-07-B0395-S02-E03-T01.c3d,B0395,S02,E03,T01,250.0,mm,deg,N,Nmm,W,382,2355,9.42,25,B0396|B0395,B0396|B0395,0,28,True,True,True,True,True,True,True
2017-03-07-B0395-S02-E03-T02.c3d,atletas\B0395\2017-03-07-B0395-S02\2017-03-07-B0395-S02-E03-T02.c3d,B0395,S02,E03,T02,250.0,mm,deg,N,Nmm,W,382,1980,7.92,25,B0396|B0395,B0396|B0395,0,28,True,True,True,True,True,True,True
2017-03-07-B0395-S02-E04-T01.c3d,atletas\B0395\2017-03-07-B0395-S02\2017-03-07-B0395-S02-E04-T01.c3d,B0395,S02,E04,T01,250.0,mm,deg,N,Nmm,W,382,2591,10.364,25,B0396|B0395,B0396|B0395,0,28,True,True,True,True,True,True,True
2017-03-07-B0395-S02-E04-T02.c3d,atletas\B0395\2017-03-07-B0395-S02\2017-03-07-B0395-S02-E04-T02.c3d,B0395,S02,E04,T02,250.0,mm,deg,N,Nmm,W,382,2438,9.752,25,B0396|B0395,B0396|B0395,0,28,True,True,True,True,True,True,True
2017-03-07-B0395-S03-E01-T01.c3d,atletas\B0395\2017-03-07-B0395-S03\2017-03-07-B0395-S03-E01-T01.c3d,B0395,S03,E01,T01,250.0,mm,deg,N,Nmm,W,191,1691,6.764,74,B0395,B0395,0,28,True,True,True,True,True,True,True
2017-03-07-B0395-S03-E01-T02.c3d,atletas\B0395\2017-03-07-B0395-S03\2017-03-07-B0395-S03-E01-T02.c3d,B0395,S03,E01,T02,250.0,mm,deg,N,Nmm,W,191,1591,6.364,74,B0395,B0395,0,28,True,True,True,True,True,True,True
2017-03-07-B0395-S03-E02-T01.c3d,atletas\B0395\2017-03-07-B0395-S03\2017-03-07-B0395-S03-E02-T01.c3d,B0395,S03,E02,T01,250.0,mm,deg,N,Nmm,W,195,1810,7.24,74,Tarcza|B0395,Tarcza|B0395,4,28,True,True,True,True,True,True,True
2017-03-07-B0395-S03-E02-T02.c3d,atletas\B0395\2017-03-07-B0395-S03\2017-03-07-B0395-S03-E02-T02.c3d,B0395,S03,E02,T02,250.0,mm,deg,N,Nmm,W,195,1501,6.004,74,Tarcza|B0395,Tarcza|B0395,4,28,True,True,True,True,True,True,True
2017-03-07-B0395-S03-E03-T01.c3d,atletas\B0395\2017-03-07-B0395-S03\2017-03-07-B0395-S03-E03-T01.c3d,B0395,S03,E03,T01,250.0,mm,deg,N,Nmm,W,382,1540,6.16,25,B0396|B0395,B0396|B0395,0,28,True,True,True,True,True,True,True
2017-03-07-B0395-S03-E03-T02.c3d,atletas\B0395\2017-03-07-B0395-S03\2017-03-07-B0395-S03-E03-T02.c3d,B0395,S03,E03,T02,250.0,mm,deg,N,Nmm,W,382,1863,7.452,25,B0396|B0395,B0396|B0395,0,28,True,True,True,True,True,True,True
2017-03-07-B0395-S03-E04-T01.c3d,atletas\B0395\2017-03-07-B0395-S03\2017-03-07-B0395-S03-E04-T01.c3d,B0395,S03,E04,T01,250.0,mm,deg,N,Nmm,W,382,2935,11.74,25,B0396|B0395,B0396|B0395,0,28,True,True,True,True,True,True,True
2017-03-07-B0395-S03-E04-T02.c3d,atletas\B0395\2017-03-07-B0395-S03\2017-03-07-B0395-S03-E04-T02.c3d,B0395,S03,E04,T02,250.0,mm,deg,N,Nmm,W,382,2305,9.22,25,B0396|B0395,B0396|B0395,0,28,True,True,True,True,True,True,True
2017-03-07-B0395-S04-E01-T01.c3d,atletas\B0395\2017-03-07-B0395-S04\2017-03-07-B0395-S04-E01-T01.c3d,B0395,S04,E01,T01,250.0,mm,deg,N,Nmm,W,191,1668,6.672,74,B0395,B0395,0,28,True,True,True,True,True,True,True
2017-03-07-B0395-S04-E01-T02.c3d,atletas\B0395\2017-03-07-B0395-S04\2017-03-07-B0395-S04-E01-T02.c3d,B0395,S04,E01,T02,250.0,mm,deg,N,Nmm,W,191,1668,6.672,74,B0395,B0395,0,28,True,True,True,True,True,True,True
2017-03-07-B0395-S04-E02-T01.c3d,atletas\B0395\2017-03-07-B0395-S04\2017-03-07-B0395-S04-E02-T01.c3d,B0395,S04,E02,T01,250.0,mm,deg,N,Nmm,W,195,1914,7.656,74,Tarcza|B0395,Tarcza|B0395,4,28,True,True,True,True,True,True,True
2017-03-07-B0395-S04-E02-T02.c3d,atletas\B0395\2017-03-07-B0395-S04\2017-03-07-B0395-S04-E02-T02.c3d,B0395,S04,E02,T02,250.0,mm,deg,N,Nmm,W,195,1686,6.744,74,Tarcza|B0395,Tarcza|B0395,4,28,True,True,True,True,True,True,True
2017-03-07-B0395-S04-E03-T01.c3d,atletas\B0395\2017-03-07-B0395-S04\2017-03-07-B0395-S04-E03-T01.c3d,B0395,S04,E03,T01,250.0,mm,deg,N,Nmm,W,382,2130,8.52,25,B0396|B0395,B0396|B0395,0,28,True,True,True,True,True,True,True
2017-03-07-B0395-S04-E03-T02.c3d,atletas\B0395\2017-03-07-B0395-S04\2017-03-07-B0395-S04-E03-T02.c3d,B0395,S04,E03,T02,250.0,mm,deg,N,Nmm,W,382,2144,8.576,25,B0396|B0395,B0396|B0395,0,28,True,True,True,True,True,True,True
2017-03-07-B0395-S04-E04-T01.c3d,atletas\B0395\2017-03-07-B0395-S04\2017-03-07-B0395-S04-E04-T01.c3d,B0395,S04,E04,T01,250.0,mm,deg,N,Nmm,W,382,2435,9.74,25,B0396|B0395,B0396|B0395,0,28,True,True,True,True,True,True,True
2017-03-07-B0395-S04-E04-T02.c3d,atletas\B0395\2017-03-07-B0395-S04\2017-03-07-B0395-S04-E04-T02.c3d,B0395,S04,E04,T02,250.0,mm,deg,N,Nmm,W,382,2158,8.632,25,B0396|B0395,B0396|B0395,0,28,True,True,True,True,True,True,True
2017-03-07-B0395-S05-E01-T01.c3d,atletas\B0395\2017-03-07-B0395-S05\2017-03-07-B0395-S05-E01-T01.c3d,B0395,S05,E01,T01,250.0,mm,deg,N,Nmm,W,191,2480,9.92,74,B0395,B0395,0,28,True,True,True,True,True,True,True
2017-03-07-B0395-S05-E01-T02.c3d,atletas\B0395\2017-03-07-B0395-S05\2017-03-07-B0395-S05-E01-T02.c3d,B0395,S05,E01,T02,250.0,mm,deg,N,Nmm,W,191,2494,9.976,74,B0395,B0395,0,28,True,True,True,True,True,True,True
2017-03-07-B0395-S05-E02-T01.c3d,atletas\B0395\2017-03-07-B0395-S05\2017-03-07-B0395-S05-E02-T01.c3d,B0395,S05,E02,T01,250.0,mm,deg,N,Nmm,W,195,2979,11.916,74,Tarcza|B0395,Tarcza|B0395,4,28,True,True,True,True,True,True,True
2017-03-07-B0395-S05-E02-T02.c3d,atletas\B0395\2017-03-07-B0395-S05\2017-03-07-B0395-S05-E02-T02.c3d,B0395,S05,E02,T02,250.0,mm,deg,N,Nmm,W,195,2568,10.272,74,Tarcza|B0395,Tarcza|B0395,4,28,True,True,True,True,True,True,True
2017-03-07-B0395-S05-E03-T01.c3d,atletas\B0395\2017-03-07-B0395-S05\2017-03-07-B0395-S05-E03-T01.c3d,B0395,S05,E03,T01,250.0,mm,deg,N,Nmm,W,382,2870,11.48,25,B0396|B0395,B0396|B0395,0,28,True,True,True,True,True,True,True
2017-03-07-B0395-S05-E03-T02.c3d,atletas\B0395\2017-03-07-B0395-S05\2017-03-07-B0395-S05-E03-T02.c3d,B0395,S05,E03,T02,250.0,mm,deg,N,Nmm,W,382,2888,11.552,25,B0396|B0395,B0396|B0395,0,28,True,True,True,True,True,True,True
2017-03-07-B0395-S05-E04-T01.c3d,atletas\B0395\2017-03-07-B0395-S05\2017-03-07-B0395-S05-E04-T01.c3d,B0395,S05,E04,T01,250.0,mm,deg,N,Nmm,W,382,2742,10.968,25,B0396|B0395,B0396|B0395,0,28,True,True,True,True,True,True,True
2017-03-07-B0395-S05-E04-T02.c3d,atletas\B0395\2017-03-07-B0395-S05\2017-03-07-B0395-S05-E04-T02.c3d,B0395,S05,E04,T02,250.0,mm,deg,N,Nmm,W,382,2587,10.348,25,B0396|B0395,B0396|B0395,0,28,True,True,True,True,True,True,True
2017-03-07-B0396-S01-E01-T01.c3d,atletas\B0396\2017-03-07-B0396-S01\2017-03-07-B0396-S01-E01-T01.c3d,B0396,S01,E01,T01,250.0,mm,deg,N,Nmm,W,191,1701,6.804,74,B0396,B0396,0,28,True,True,True,True,True,True,True
2017-03-07-B0396-S01-E01-T02.c3d,atletas\B0396\2017-03-07-B0396-S01\2017-03-07-B0396-S01-E01-T02.c3d,B0396,S01,E01,T02,250.0,mm,deg,N,Nmm,W,191,1757,7.028,74,B0396,B0396,0,28,True,True,True,True,True,True,True
2017-03-07-B0396-S01-E02-T01.c3d,atletas\B0396\2017-03-07-B0396-S01\2017-03-07-B0396-S01-E02-T01.c3d,B0396,S01,E02,T01,250.0,mm,deg,N,Nmm,W,195,1649,6.596,74,Tarcza|B0396,Tarcza|B0396,4,28,True,True,True,True,True,True,True
2017-03-07-B0396-S01-E02-T02.c3d,atletas\B0396\2017-03-07-B0396-S01\2017-03-07-B0396-S01-E02-T02.c3d,B0396,S01,E02,T02,250.0,mm,deg,N,Nmm,W,195,1593,6.372,74,Tarcza|B0396,Tarcza|B0396,4,28,True,True,True,True,True,True,True
2017-03-07-B0396-S01-E03-T01.c3d,atletas\B0396\2017-03-07-B0396-S01\2017-03-07-B0396-S01-E03-T01.c3d,B0396,S01,E03,T01,250.0,mm,deg,N,Nmm,W,382,2145,8.58,25,B0396|B0395,B0396|B0395,0,28,True,True,True,True,True,True,True
2017-03-07-B0396-S01-E03-T02.c3d,atletas\B0396\2017-03-07-B0396-S01\2017-03-07-B0396-S01-E03-T02.c3d,B0396,S01,E03,T02,250.0,mm,deg,N,Nmm,W,382,2164,8.656,25,B0396|B0395,B0396|B0395,0,28,True,True,True,True,True,True,True
2017-03-07-B0396-S01-E04-T01.c3d,atletas\B0396\2017-03-07-B0396-S01\2017-03-07-B0396-S01-E04-T01.c3d,B0396,S01,E04,T01,250.0,mm,deg,N,Nmm,W,382,1677,6.708,25,B0396|B0395,B0396|B0395,0,28,True,True,True,True,True,True,True
2017-03-07-B0396-S01-E04-T02.c3d,atletas\B0396\2017-03-07-B0396-S01\2017-03-07-B0396-S01-E04-T02.c3d,B0396,S01,E04,T02,250.0,mm,deg,N,Nmm,W,382,1666,6.664,25,B0396|B0395,B0396|B0395,0,28,True,True,True,True,True,True,True
2017-03-07-B0396-S01-E04-T03.c3d,atletas\B0396\2017-03-07-B0396-S01\2017-03-07-B0396-S01-E04-T03.c3d,B0396,S01,E04,T03,250.0,mm,deg,N,Nmm,W,382,1840,7.36,25,B0396|B0395,B0396|B0395,0,28,True,True,True,True,True,True,True
2017-03-07-B0396-S02-E01-T01.c3d,atletas\B0396\2017-03-07-B0396-S02\2017-03-07-B0396-S02-E01-T01.c3d,B0396,S02,E01,T01,250.0,mm,deg,N,Nmm,W,191,1969,7.876,74,B0396,B0396,0,28,True,True,True,True,True,True,True
2017-03-07-B0396-S02-E01-T02.c3d,atletas\B0396\2017-03-07-B0396-S02\2017-03-07-B0396-S02-E01-T02.c3d,B0396,S02,E01,T02,250.0,mm,deg,N,Nmm,W,191,1996,7.984,74,B0396,B0396,0,28,True,True,True,True,True,True,True
2017-03-07-B0396-S02-E02-T01.c3d,atletas\B0396\2017-03-07-B0396-S02\2017-03-07-B0396-S02-E02-T01.c3d,B0396,S02,E02,T01,250.0,mm,deg,N,Nmm,W,195,1856,7.424,74,Tarcza|B0396,Tarcza|B0396,4,28,True,True,True,True,True,True,True
2017-03-07-B0396-S02-E02-T02.c3d,atletas\B0396\2017-03-07-B0396-S02\2017-03-07-B0396-S02-E02-T02.c3d,B0396,S02,E02,T02,250.0,mm,deg,N,Nmm,W,195,2183,8.732,74,Tarcza|B0396,Tarcza|B0396,4,28,True,True,True,True,True,True,True
2017-03-07-B0396-S02-E03-T01.c3d,atletas\B0396\2017-03-07-B0396-S02\2017-03-07-B0396-S02-E03-T01.c3d,B0396,S02,E03,T01,250.0,mm,deg,N,Nmm,W,382,2591,10.364,25,B0396|B0395,B0396|B0395,0,28,True,True,True,True,True,True,True
2017-03-07-B0396-S02-E03-T02.c3d,atletas\B0396\2017-03-07-B0396-S02\2017-03-07-B0396-S02-E03-T02.c3d,B0396,S02,E03,T02,250.0,mm,deg,N,Nmm,W,382,2438,9.752,25,B0396|B0395,B0396|B0395,0,28,True,True,True,True,True,True,True
2017-03-07-B0396-S02-E04-T01.c3d,atletas\B0396\2017-03-07-B0396-S02\2017-03-07-B0396-S02-E04-T01.c3d,B0396,S02,E04,T01,250.0,mm,deg,N,Nmm,W,382,2355,9.42,25,B0396|B0395,B0396|B0395,0,28,True,True,True,True,True,True,True
2017-03-07-B0396-S02-E04-T02.c3d,atletas\B0396\2017-03-07-B0396-S02\2017-03-07-B0396-S02-E04-T02.c3d,B0396,S02,E04,T02,250.0,mm,deg,N,Nmm,W,382,1980,7.92,25,B0396|B0395,B0396|B0395,0,28,True,True,True,True,True,True,True
2017-03-07-B0396-S03-E01-T01.c3d,atletas\B0396\2017-03-07-B0396-S03\2017-03-07-B0396-S03-E01-T01.c3d,B0396,S03,E01,T01,250.0,mm,deg,N,Nmm,W,191,2356,9.424,74,B0396,B0396,0,28,True,True,True,True,True,True,True
2017-03-07-B0396-S03-E01-T02.c3d,atletas\B0396\2017-03-07-B0396-S03\2017-03-07-B0396-S03-E01-T02.c3d,B0396,S03,E01,T02,250.0,mm,deg,N,Nmm,W,191,2154,8.616,74,B0396,B0396,0,28,True,True,True,True,True,True,True
2017-03-07-B0396-S03-E02-T01.c3d,atletas\B0396\2017-03-07-B0396-S03\2017-03-07-B0396-S03-E02-T01.c3d,B0396,S03,E02,T01,250.0,mm,deg,N,Nmm,W,191,1902,7.608,74,B0396,B0396,0,28,True,True,True,True,True,True,True
2017-03-07-B0396-S03-E02-T02.c3d,atletas\B0396\2017-03-07-B0396-S03\2017-03-07-B0396-S03-E02-T02.c3d,B0396,S03,E02,T02,250.0,mm,deg,N,Nmm,W,195,1834,7.336,74,Tarcza|B0396,Tarcza|B0396,4,28,True,True,True,True,True,True,True
2017-03-07-B0396-S03-E03-T01.c3d,atletas\B0396\2017-03-07-B0396-S03\2017-03-07-B0396-S03-E03-T01.c3d,B0396,S03,E03,T01,250.0,mm,deg,N,Nmm,W,382,2935,11.74,25,B0396|B0395,B0396|B0395,0,28,True,True,True,True,True,True,True
2017-03-07-B0396-S03-E03-T02.c3d,atletas\B0396\2017-03-07-B0396-S03\2017-03-07-B0396-S03-E03-T02.c3d,B0396,S03,E03,T02,250.0,mm,deg,N,Nmm,W,382,2305,9.22,25,B0396|B0395,B0396|B0395,0,28,True,True,True,True,True,True,True
2017-03-07-B0396-S03-E04-T01.c3d,atletas\B0396\2017-03-07-B0396-S03\2017-03-07-B0396-S03-E04-T01.c3d,B0396,S03,E04,T01,250.0,mm,deg,N,Nmm,W,382,1540,6.16,25,B0396|B0395,B0396|B0395,0,28,True,True,True,True,True,True,True
2017-03-07-B0396-S03-E04-T02.c3d,atletas\B0396\2017-03-07-B0396-S03\2017-03-07-B0396-S03-E04-T02.c3d,B0396,S03,E04,T02,250.0,mm,deg,N,Nmm,W,382,1863,7.452,25,B0396|B0395,B0396|B0395,0,28,True,True,True,True,True,True,True
2017-03-07-B0396-S04-E01-T01.c3d,atletas\B0396\2017-03-07-B0396-S04\2017-03-07-B0396-S04-E01-T01.c3d,B0396,S04,E01,T01,250.0,mm,deg,N,Nmm,W,191,2043,8.172,74,B0396,B0396,0,28,True,True,True,True,True,True,True
2017-03-07-B0396-S04-E01-T02.c3d,atletas\B0396\2017-03-07-B0396-S04\2017-03-07-B0396-S04-E01-T02.c3d,B0396,S04,E01,T02,250.0,mm,deg,N,Nmm,W,191,2169,8.676,74,B0396,B0396,0,28,True,True,True,True,True,True,True
2017-03-07-B0396-S04-E02-T01.c3d,atletas\B0396\2017-03-07-B0396-S04\2017-03-07-B0396-S04-E02-T01.c3d,B0396,S04,E02,T01,250.0,mm,deg,N,Nmm,W,195,1994,7.976,74,Tarcza|B0396,Tarcza|B0396,4,28,True,True,True,True,True,True,True
2017-03-07-B0396-S04-E02-T02.c3d,atletas\B0396\2017-03-07-B0396-S04\2017-03-07-B0396-S04-E02-T02.c3d,B0396,S04,E02,T02,250.0,mm,deg,N,Nmm,W,195,2008,8.032,74,Tarcza|B0396,Tarcza|B0396,4,28,True,True,True,True,True,True,True
2017-03-07-B0396-S04-E03-T01.c3d,atletas\B0396\2017-03-07-B0396-S04\2017-03-07-B0396-S04-E03-T01.c3d,B0396,S04,E03,T01,250.0,mm,deg,N,Nmm,W,382,2435,9.74,25,B0396|B0395,B0396|B0395,0,28,True,True,True,True,True,True,True
2017-03-07-B0396-S04-E03-T02.c3d,atletas\B0396\2017-03-07-B0396-S04\2017-03-07-B0396-S04-E03-T02.c3d,B0396,S04,E03,T02,250.0,mm,deg,N,Nmm,W,382,2158,8.632,25,B0396|B0395,B0396|B0395,0,28,True,True,True,True,True,True,True
2017-03-07-B0396-S04-E04-T01.c3d,atletas\B0396\2017-03-07-B0396-S04\2017-03-07-B0396-S04-E04-T01.c3d,B0396,S04,E04,T01,250.0,mm,deg,N,Nmm,W,382,2130,8.52,25,B0396|B0395,B0396|B0395,0,28,True,True,True,True,True,True,True
2017-03-07-B0396-S04-E04-T02.c3d,atletas\B0396\2017-03-07-B0396-S04\2017-03-07-B0396-S04-E04-T02.c3d,B0396,S04,E04,T02,250.0,mm,deg,N,Nmm,W,382,2144,8.576,25,B0396|B0395,B0396|B0395,0,28,True,True,True,True,True,True,True
2017-03-07-B0396-S05-E01-T01.c3d,atletas\B0396\2017-03-07-B0396-S05\2017-03-07-B0396-S05-E01-T01.c3d,B0396,S05,E01,T01,250.0,mm,deg,N,Nmm,W,191,2110,8.44,74,B0396,B0396,0,28,True,True,True,True,True,True,True
2017-03-07-B0396-S05-E01-T02.c3d,atletas\B0396\2017-03-07-B0396-S05\2017-03-07-B0396-S05-E01-T02.c3d,B0396,S05,E01,T02,250.0,mm,deg,N,Nmm,W,191,2187,8.748,74,B0396,B0396,0,28,True,True,True,True,True,True,True
2017-03-07-B0396-S05-E02-T01.c3d,atletas\B0396\2017-03-07-B0396-S05\2017-03-07-B0396-S05-E02-T01.c3d,B0396,S05,E02,T01,250.0,mm,deg,N,Nmm,W,195,2422,9.688,74,Tarcza|B0396,Tarcza|B0396,4,28,True,True,True,True,True,True,True
2017-03-07-B0396-S05-E02-T02.c3d,atletas\B0396\2017-03-07-B0396-S05\2017-03-07-B0396-S05-E02-T02.c3d,B0396,S05,E02,T02,250.0,mm,deg,N,Nmm,W,195,2189,8.756,74,Tarcza|B0396,Tarcza|B0396,4,28,True,True,True,True,True,True,True
2017-03-07-B0396-S05-E03-T01.c3d,atletas\B0396\2017-03-07-B0396-S05\2017-03-07-B0396-S05-E03-T01.c3d,B0396,S05,E03,T01,250.0,mm,deg,N,Nmm,W,382,2742,10.968,25,B0396|B0395,B0396|B0395,0,28,True,True,True,True,True,True,True
2017-03-07-B0396-S05-E03-T02.c3d,atletas\B0396\2017-03-07-B0396-S05\2017-03-07-B0396-S05-E03-T02.c3d,B0396,S05,E03,T02,250.0,mm,deg,N,Nmm,W,382,2587,10.348,25,B0396|B0395,B0396|B0395,0,28,True,True,True,True,True,True,True
2017-03-07-B0396-S05-E04-T01.c3d,atletas\B0396\2017-03-07-B0396-S05\2017-03-07-B0396-S05-E04-T01.c3d,B0396,S05,E04,T01,250.0,mm,deg,N,Nmm,W,382,2870,11.48,25,B0396|B0395,B0396|B0395,0,28,True,True,True,True,True,True,True
2017-03-07-B0396-S05-E04-T02.c3d,atletas\B0396\2017-03-07-B0396-S05\2017-03-07-B0396-S05-E04-T02.c3d,B0396,S05,E04,T02,250.0,mm,deg,N,Nmm,W,382,2888,11.552,25,B0396|B0395,B0396|B0395,0,28,True,True,True,True,True,True,True
2017-03-28-B0398-S01-E01-T01.c3d,atletas\B0398\2017-03-28-B0398-S01\2017-03-28-B0398-S01-E01-T01.c3d,B0398,S01,E01,T01,250.0,mm,deg,N,Nmm,W,191,3034,12.136,74,B0398,B0398,0,0,True,True,True,True,True,True,True
2017-03-28-B0398-S01-E01-T02.c3d,atletas\B0398\2017-03-28-B0398-S01\2017-03-28-B0398-S01-E01-T02.c3d,B0398,S01,E01,T02,250.0,mm,deg,N,Nmm,W,191,2590,10.36,74,B0398,B0398,0,0,True,True,True,True,True,True,True
2017-03-28-B0398-S01-E02-T01.c3d,atletas\B0398\2017-03-28-B0398-S01\2017-03-28-B0398-S01-E02-T01.c3d,B0398,S01,E02,T01,250.0,mm,deg,N,Nmm,W,195,2180,8.72,74,Tarcza|B0398,Tarcza|B0398,4,0,True,True,True,True,True,True,True
2017-03-28-B0398-S01-E02-T02.c3d,atletas\B0398\2017-03-28-B0398-S01\2017-03-28-B0398-S01-E02-T02.c3d,B0398,S01,E02,T02,250.0,mm,deg,N,Nmm,W,195,1902,7.608,74,Tarcza|B0398,Tarcza|B0398,4,0,True,True,True,True,True,True,True
2017-03-28-B0398-S01-E03-T01.c3d,atletas\B0398\2017-03-28-B0398-S01\2017-03-28-B0398-S01-E03-T01.c3d,B0398,S01,E03,T01,250.0,mm,deg,N,Nmm,W,382,2153,8.612,25,B0399|B0398,B0399|B0398,0,0,True,True,True,True,True,True,True
2017-03-28-B0398-S01-E03-T02.c3d,atletas\B0398\2017-03-28-B0398-S01\2017-03-28-B0398-S01-E03-T02.c3d,B0398,S01,E03,T02,250.0,mm,deg,N,Nmm,W,382,2080,8.32,25,B0399|B0398,B0399|B0398,0,0,True,True,True,True,True,True,True
2017-03-28-B0398-S01-E04-T01.c3d,atletas\B0398\2017-03-28-B0398-S01\2017-03-28-B0398-S01-E04-T01.c3d,B0398,S01,E04,T01,250.0,mm,deg,N,Nmm,W,382,2359,9.436,25,B0399|B0398,B0399|B0398,0,0,True,True,True,True,True,True,True
2017-03-28-B0398-S01-E04-T02.c3d,atletas\B0398\2017-03-28-B0398-S01\2017-03-28-B0398-S01-E04-T02.c3d,B0398,S01,E04,T02,250.0,mm,deg,N,Nmm,W,382,1980,7.92,25,B0399|B0398,B0399|B0398,0,0,True,True,True,True,True,True,True
2017-03-28-B0398-S02-E01-T01.c3d,atletas\B0398\2017-03-28-B0398-S02\2017-03-28-B0398-S02-E01-T01.c3d,B0398,S02,E01,T01,250.0,mm,deg,N,Nmm,W,191,2459,9.836,74,B0398,B0398,0,0,True,True,True,True,True,True,True
2017-03-28-B0398-S02-E01-T02.c3d,atletas\B0398\2017-03-28-B0398-S02\2017-03-28-B0398-S02-E01-T02.c3d,B0398,S02,E01,T02,250.0,mm,deg,N,Nmm,W,191,2296,9.184,74,B0398,B0398,0,0,True,True,True,True,True,True,True
2017-03-28-B0398-S02-E02-T01.c3d,atletas\B0398\2017-03-28-B0398-S02\2017-03-28-B0398-S02-E02-T01.c3d,B0398,S02,E02,T01,250.0,mm,deg,N,Nmm,W,195,2163,8.652,74,Tarcza|B0398,Tarcza|B0398,4,0,True,True,True,True,True,True,True
2017-03-28-B0398-S02-E02-T02.c3d,atletas\B0398\2017-03-28-B0398-S02\2017-03-28-B0398-S02-E02-T02.c3d,B0398,S02,E02,T02,250.0,mm,deg,N,Nmm,W,195,2197,8.788,74,Tarcza|B0398,Tarcza|B0398,4,0,True,True,True,True,True,True,True
2017-03-28-B0398-S02-E03-T01.c3d,atletas\B0398\2017-03-28-B0398-S02\2017-03-28-B0398-S02-E03-T01.c3d,B0398,S02,E03,T01,250.0,mm,deg,N,Nmm,W,382,2820,11.28,25,B0399|B0398,B0399|B0398,0,0,True,True,True,True,True,True,True
2017-03-28-B0398-S02-E03-T02.c3d,atletas\B0398\2017-03-28-B0398-S02\2017-03-28-B0398-S02-E03-T02.c3d,B0398,S02,E03,T02,250.0,mm,deg,N,Nmm,W,382,2186,8.744,25,B0399|B0398,B0399|B0398,0,0,True,True,True,True,True,True,True
2017-03-28-B0398-S02-E04-T01.c3d,atletas\B0398\2017-03-28-B0398-S02\2017-03-28-B0398-S02-E04-T01.c3d,B0398,S02,E04,T01,250.0,mm,deg,N,Nmm,W,382,2293,9.172,25,B0399|B0398,B0399|B0398,0,0,True,True,True,True,True,True,True
2017-03-28-B0398-S02-E04-T02.c3d,atletas\B0398\2017-03-28-B0398-S02\2017-03-28-B0398-S02-E04-T02.c3d,B0398,S02,E04,T02,250.0,mm,deg,N,Nmm,W,382,2176,8.704,25,B0399|B0398,B0399|B0398,0,0,True,True,True,True,True,True,True
2017-03-28-B0398-S03-E01-T01.c3d,atletas\B0398\2017-03-28-B0398-S03\2017-03-28-B0398-S03-E01-T01.c3d,B0398,S03,E01,T01,250.0,mm,deg,N,Nmm,W,191,2365,9.46,74,B0398,B0398,0,0,True,True,True,True,True,True,True
2017-03-28-B0398-S03-E01-T02.c3d,atletas\B0398\2017-03-28-B0398-S03\2017-03-28-B0398-S03-E01-T02.c3d,B0398,S03,E01,T02,250.0,mm,deg,N,Nmm,W,191,2243,8.972,74,B0398,B0398,0,0,True,True,True,True,True,True,True
2017-03-28-B0398-S03-E02-T01.c3d,atletas\B0398\2017-03-28-B0398-S03\2017-03-28-B0398-S03-E02-T01.c3d,B0398,S03,E02,T01,250.0,mm,deg,N,Nmm,W,195,2214,8.856,74,Tarcza|B0398,Tarcza|B0398,4,0,True,True,True,True,True,True,True
2017-03-28-B0398-S03-E02-T02.c3d,atletas\B0398\2017-03-28-B0398-S03\2017-03-28-B0398-S03-E02-T02.c3d,B0398,S03,E02,T02,250.0,mm,deg,N,Nmm,W,195,2143,8.572,74,Tarcza|B0398,Tarcza|B0398,4,0,True,True,True,True,True,True,True
2017-03-28-B0398-S03-E03-T01.c3d,atletas\B0398\2017-03-28-B0398-S03\2017-03-28-B0398-S03-E03-T01.c3d,B0398,S03,E03,T01,250.0,mm,deg,N,Nmm,W,382,1968,7.872,25,B0399|B0398,B0399|B0398,0,0,True,True,True,True,True,True,True
2017-03-28-B0398-S03-E03-T02.c3d,atletas\B0398\2017-03-28-B0398-S03\2017-03-28-B0398-S03-E03-T02.c3d,B0398,S03,E03,T02,250.0,mm,deg,N,Nmm,W,382,1915,7.66,25,B0399|B0398,B0399|B0398,0,0,True,True,True,True,True,True,True
2017-03-28-B0398-S03-E04-T01.c3d,atletas\B0398\2017-03-28-B0398-S03\2017-03-28-B0398-S03-E04-T01.c3d,B0398,S03,E04,T01,250.0,mm,deg,N,Nmm,W,382,2230,8.92,25,B0399|B0398,B0399|B0398,0,0,True,True,True,True,True,True,True
2017-03-28-B0398-S03-E04-T02.c3d,atletas\B0398\2017-03-28-B0398-S03\2017-03-28-B0398-S03-E04-T02.c3d,B0398,S03,E04,T02,250.0,mm,deg,N,Nmm,W,382,2134,8.536,25,B0399|B0398,B0399|B0398,0,0,True,True,True,True,True,True,True
2017-03-28-B0398-S04-E01-T01.c3d,atletas\B0398\2017-03-28-B0398-S04\2017-03-28-B0398-S04-E01-T01.c3d,B0398,S04,E01,T01,250.0,mm,deg,N,Nmm,W,191,2303,9.212,74,B0398,B0398,0,0,True,True,True,True,True,True,True
2017-03-28-B0398-S04-E01-T02.c3d,atletas\B0398\2017-03-28-B0398-S04\2017-03-28-B0398-S04-E01-T02.c3d,B0398,S04,E01,T02,250.0,mm,deg,N,Nmm,W,191,2893,11.572,74,B0398,B0398,0,0,True,True,True,True,True,True,True
2017-03-28-B0398-S04-E02-T01.c3d,atletas\B0398\2017-03-28-B0398-S04\2017-03-28-B0398-S04-E02-T01.c3d,B0398,S04,E02,T01,250.0,mm,deg,N,Nmm,W,195,2021,8.084,74,Tarcza|B0398,Tarcza|B0398,4,0,True,True,True,True,True,True,True
2017-03-28-B0398-S04-E02-T02.c3d,atletas\B0398\2017-03-28-B0398-S04\2017-03-28-B0398-S04-E02-T02.c3d,B0398,S04,E02,T02,250.0,mm,deg,N,Nmm,W,195,2196,8.784,74,Tarcza|B0398,Tarcza|B0398,4,0,True,True,True,True,True,True,True
2017-03-28-B0398-S04-E03-T01.c3d,atletas\B0398\2017-03-28-B0398-S04\2017-03-28-B0398-S04-E03-T01.c3d,B0398,S04,E03,T01,250.0,mm,deg,N,Nmm,W,382,2012,8.048,25,B0399|B0398,B0399|B0398,0,0,True,True,True,True,True,True,True
2017-03-28-B0398-S04-E03-T02.c3d,atletas\B0398\2017-03-28-B0398-S04\2017-03-28-B0398-S04-E03-T02.c3d,B0398,S04,E03,T02,250.0,mm,deg,N,Nmm,W,382,1778,7.112,25,B0399|B0398,B0399|B0398,0,0,True,True,True,True,True,True,True
2017-03-28-B0398-S04-E04-T01.c3d,atletas\B0398\2017-03-28-B0398-S04\2017-03-28-B0398-S04-E04-T01.c3d,B0398,S04,E04,T01,250.0,mm,deg,N,Nmm,W,382,1841,7.364,25,B0399|B0398,B0399|B0398,0,0,True,True,True,True,True,True,True
2017-03-28-B0398-S04-E04-T02.c3d,atletas\B0398\2017-03-28-B0398-S04\2017-03-28-B0398-S04-E04-T02.c3d,B0398,S04,E04,T02,250.0,mm,deg,N,Nmm,W,382,2058,8.232,25,B0399|B0398,B0399|B0398,0,0,True,True,True,True,True,True,True
2017-03-28-B0398-S05-E01-T01.c3d,atletas\B0398\2017-03-28-B0398-S05\2017-03-28-B0398-S05-E01-T01.c3d,B0398,S05,E01,T01,250.0,mm,deg,N,Nmm,W,191,2663,10.652,74,B0398,B0398,0,0,True,True,True,True,True,True,True
2017-03-28-B0398-S05-E01-T02.c3d,atletas\B0398\2017-03-28-B0398-S05\2017-03-28-B0398-S05-E01-T02.c3d,B0398,S05,E01,T02,250.0,mm,deg,N,Nmm,W,191,2943,11.772,74,B0398,B0398,0,0,True,True,True,True,True,True,True
2017-03-28-B0398-S05-E02-T01.c3d,atletas\B0398\2017-03-28-B0398-S05\2017-03-28-B0398-S05-E02-T01.c3d,B0398,S05,E02,T01,250.0,mm,deg,N,Nmm,W,195,2728,10.912,74,Tarcza|B0398,Tarcza|B0398,4,0,True,True,True,True,True,True,True
2017-03-28-B0398-S05-E02-T02.c3d,atletas\B0398\2017-03-28-B0398-S05\2017-03-28-B0398-S05-E02-T02.c3d,B0398,S05,E02,T02,250.0,mm,deg,N,Nmm,W,195,3779,15.116,74,Tarcza|B0398,Tarcza|B0398,4,0,True,True,True,True,True,True,True
2017-03-28-B0398-S05-E03-T01.c3d,atletas\B0398\2017-03-28-B0398-S05\2017-03-28-B0398-S05-E03-T01.c3d,B0398,S05,E03,T01,250.0,mm,deg,N,Nmm,W,382,2613,10.452,25,B0399|B0398,B0399|B0398,0,0,True,True,True,True,True,True,True
2017-03-28-B0398-S05-E03-T02.c3d,atletas\B0398\2017-03-28-B0398-S05\2017-03-28-B0398-S05-E03-T02.c3d,B0398,S05,E03,T02,250.0,mm,deg,N,Nmm,W,382,3053,12.212,25,B0399|B0398,B0399|B0398,0,0,True,True,True,True,True,True,True
2017-03-28-B0398-S05-E04-T01.c3d,atletas\B0398\2017-03-28-B0398-S05\2017-03-28-B0398-S05-E04-T01.c3d,B0398,S05,E04,T01,250.0,mm,deg,N,Nmm,W,382,3001,12.004,25,B0399|B0398,B0399|B0398,0,0,True,True,True,True,True,True,True
2017-03-28-B0399-S01-E01-T01.c3d,atletas\B0399\2017-03-28-B0399-S01\2017-03-28-B0399-S01-E01-T01.c3d,B0399,S01,E01,T01,250.0,mm,deg,N,Nmm,W,191,1917,7.668,74,B0399,B0399,0,0,True,True,True,True,True,True,True
2017-03-28-B0399-S01-E01-T02.c3d,atletas\B0399\2017-03-28-B0399-S01\2017-03-28-B0399-S01-E01-T02.c3d,B0399,S01,E01,T02,250.0,mm,deg,N,Nmm,W,191,1866,7.464,74,B0399,B0399,0,0,True,True,True,True,True,True,True
2017-03-28-B0399-S01-E02-T01.c3d,atletas\B0399\2017-03-28-B0399-S01\2017-03-28-B0399-S01-E02-T01.c3d,B0399,S01,E02,T01,250.0,mm,deg,N,Nmm,W,195,2005,8.02,74,Tarcza|B0399,Tarcza|B0399,4,0,True,True,True,True,True,True,True
2017-03-28-B0399-S01-E02-T02.c3d,atletas\B0399\2017-03-28-B0399-S01\2017-03-28-B0399-S01-E02-T02.c3d,B0399,S01,E02,T02,250.0,mm,deg,N,Nmm,W,195,1869,7.476,74,Tarcza|B0399,Tarcza|B0399,4,0,True,True,True,True,True,True,True
2017-03-28-B0399-S01-E03-T01.c3d,atletas\B0399\2017-03-28-B0399-S01\2017-03-28-B0399-S01-E03-T01.c3d,B0399,S01,E03,T01,250.0,mm,deg,N,Nmm,W,382,2359,9.436,25,B0399|B0398,B0399|B0398,0,0,True,True,True,True,True,True,True
2017-03-28-B0399-S01-E03-T02.c3d,atletas\B0399\2017-03-28-B0399-S01\2017-03-28-B0399-S01-E03-T02.c3d,B0399,S01,E03,T02,250.0,mm,deg,N,Nmm,W,382,1980,7.92,25,B0399|B0398,B0399|B0398,0,0,True,True,True,True,True,True,True
2017-03-28-B0399-S01-E04-T01.c3d,atletas\B0399\2017-03-28-B0399-S01\2017-03-28-B0399-S01-E04-T01.c3d,B0399,S01,E04,T01,250.0,mm,deg,N,Nmm,W,382,2153,8.612,25,B0399|B0398,B0399|B0398,0,0,True,True,True,True,True,True,True
2017-03-28-B0399-S01-E04-T02.c3d,atletas\B0399\2017-03-28-B0399-S01\2017-03-28-B0399-S01-E04-T02.c3d,B0399,S01,E04,T02,250.0,mm,deg,N,Nmm,W,382,2080,8.32,25,B0399|B0398,B0399|B0398,0,0,True,True,True,True,True,True,True
2017-03-28-B0399-S02-E01-T01.c3d,atletas\B0399\2017-03-28-B0399-S02\2017-03-28-B0399-S02-E01-T01.c3d,B0399,S02,E01,T01,250.0,mm,deg,N,Nmm,W,191,2090,8.36,74,B0399,B0399,0,0,True,True,True,True,True,True,True
2017-03-28-B0399-S02-E01-T02.c3d,atletas\B0399\2017-03-28-B0399-S02\2017-03-28-B0399-S02-E01-T02.c3d,B0399,S02,E01,T02,250.0,mm,deg,N,Nmm,W,191,2095,8.38,74,B0399,B0399,0,0,True,True,True,True,True,True,True
2017-03-28-B0399-S02-E02-T01.c3d,atletas\B0399\2017-03-28-B0399-S02\2017-03-28-B0399-S02-E02-T01.c3d,B0399,S02,E02,T01,250.0,mm,deg,N,Nmm,W,195,1975,7.9,74,Tarcza|B0399,Tarcza|B0399,4,0,True,True,True,True,True,True,True
2017-03-28-B0399-S02-E02-T02.c3d,atletas\B0399\2017-03-28-B0399-S02\2017-03-28-B0399-S02-E02-T02.c3d,B0399,S02,E02,T02,250.0,mm,deg,N,Nmm,W,195,1983,7.932,74,Tarcza|B0399,Tarcza|B0399,4,0,True,True,True,True,True,True,True
2017-03-28-B0399-S02-E03-T01.c3d,atletas\B0399\2017-03-28-B0399-S02\2017-03-28-B0399-S02-E03-T01.c3d,B0399,S02,E03,T01,250.0,mm,deg,N,Nmm,W,382,2293,9.172,25,B0399|B0398,B0399|B0398,0,0,True,True,True,True,True,True,True
2017-03-28-B0399-S02-E03-T02.c3d,atletas\B0399\2017-03-28-B0399-S02\2017-03-28-B0399-S02-E03-T02.c3d,B0399,S02,E03,T02,250.0,mm,deg,N,Nmm,W,382,2176,8.704,25,B0399|B0398,B0399|B0398,0,0,True,True,True,True,True,True,True
2017-03-28-B0399-S02-E04-T01.c3d,atletas\B0399\2017-03-28-B0399-S02\2017-03-28-B0399-S02-E04-T01.c3d,B0399,S02,E04,T01,250.0,mm,deg,N,Nmm,W,382,2820,11.28,25,B0399|B0398,B0399|B0398,0,0,True,True,True,True,True,True,True
2017-03-28-B0399-S02-E04-T02.c3d,atletas\B0399\2017-03-28-B0399-S02\2017-03-28-B0399-S02-E04-T02.c3d,B0399,S02,E04,T02,250.0,mm,deg,N,Nmm,W,382,2186,8.744,25,B0399|B0398,B0399|B0398,0,0,True,True,True,True,True,True,True
2017-03-28-B0399-S03-E01-T01.c3d,atletas\B0399\2017-03-28-B0399-S03\2017-03-28-B0399-S03-E01-T01.c3d,B0399,S03,E01,T01,250.0,mm,deg,N,Nmm,W,191,2170,8.68,74,B0399,B0399,0,0,True,True,True,True,True,True,True
2017-03-28-B0399-S03-E01-T02.c3d,atletas\B0399\2017-03-28-B0399-S03\2017-03-28-B0399-S03-E01-T02.c3d,B0399,S03,E01,T02,250.0,mm,deg,N,Nmm,W,191,2006,8.024,74,B0399,B0399,0,0,True,True,True,True,True,True,True
2017-03-28-B0399-S03-E02-T01.c3d,atletas\B0399\2017-03-28-B0399-S03\2017-03-28-B0399-S03-E02-T01.c3d,B0399,S03,E02,T01,250.0,mm,deg,N,Nmm,W,195,1893,7.572,74,Tarcza|B0399,Tarcza|B0399,4,0,True,True,True,True,True,True,True
2017-03-28-B0399-S03-E02-T02.c3d,atletas\B0399\2017-03-28-B0399-S03\2017-03-28-B0399-S03-E02-T02.c3d,B0399,S03,E02,T02,250.0,mm,deg,N,Nmm,W,195,1802,7.208,74,Tarcza|B0399,Tarcza|B0399,4,0,True,True,True,True,True,True,True
2017-03-28-B0399-S03-E03-T01.c3d,atletas\B0399\2017-03-28-B0399-S03\2017-03-28-B0399-S03-E03-T01.c3d,B0399,S03,E03,T01,250.0,mm,deg,N,Nmm,W,382,2230,8.92,25,B0399|B0398,B0399|B0398,0,0,True,True,True,True,True,True,True
2017-03-28-B0399-S03-E03-T02.c3d,atletas\B0399\2017-03-28-B0399-S03\2017-03-28-B0399-S03-E03-T02.c3d,B0399,S03,E03,T02,250.0,mm,deg,N,Nmm,W,382,2134,8.536,25,B0399|B0398,B0399|B0398,0,0,True,True,True,True,True,True,True
2017-03-28-B0399-S03-E04-T01.c3d,atletas\B0399\2017-03-28-B0399-S03\2017-03-28-B0399-S03-E04-T01.c3d,B0399,S03,E04,T01,250.0,mm,deg,N,Nmm,W,382,1968,7.872,25,B0399|B0398,B0399|B0398,0,0,True,True,True,True,True,True,True
2017-03-28-B0399-S03-E04-T02.c3d,atletas\B0399\2017-03-28-B0399-S03\2017-03-28-B0399-S03-E04-T02.c3d,B0399,S03,E04,T02,250.0,mm,deg,N,Nmm,W,382,1915,7.66,25,B0399|B0398,B0399|B0398,0,0,True,True,True,True,True,True,True
2017-03-28-B0399-S04-E01-T01.c3d,atletas\B0399\2017-03-28-B0399-S04\2017-03-28-B0399-S04-E01-T01.c3d,B0399,S04,E01,T01,250.0,mm,deg,N,Nmm,W,191,2028,8.112,74,B0399,B0399,0,0,True,True,True,True,True,True,True
2017-03-28-B0399-S04-E01-T02.c3d,atletas\B0399\2017-03-28-B0399-S04\2017-03-28-B0399-S04-E01-T02.c3d,B0399,S04,E01,T02,250.0,mm,deg,N,Nmm,W,191,2094,8.376,74,B0399,B0399,0,0,True,True,True,True,True,True,True
2017-03-28-B0399-S04-E02-T01.c3d,atletas\B0399\2017-03-28-B0399-S04\2017-03-28-B0399-S04-E02-T01.c3d,B0399,S04,E02,T01,250.0,mm,deg,N,Nmm,W,195,1913,7.652,74,Tarcza|B0399,Tarcza|B0399,4,0,True,True,True,True,True,True,True
2017-03-28-B0399-S04-E02-T02.c3d,atletas\B0399\2017-03-28-B0399-S04\2017-03-28-B0399-S04-E02-T02.c3d,B0399,S04,E02,T02,250.0,mm,deg,N,Nmm,W,195,1971,7.884,74,Tarcza|B0399,Tarcza|B0399,4,0,True,True,True,True,True,True,True
2017-03-28-B0399-S04-E03-T01.c3d,atletas\B0399\2017-03-28-B0399-S04\2017-03-28-B0399-S04-E03-T01.c3d,B0399,S04,E03,T01,250.0,mm,deg,N,Nmm,W,382,1841,7.364,25,B0399|B0398,B0399|B0398,0,0,True,True,True,True,True,True,True
2017-03-28-B0399-S04-E03-T02.c3d,atletas\B0399\2017-03-28-B0399-S04\2017-03-28-B0399-S04-E03-T02.c3d,B0399,S04,E03,T02,250.0,mm,deg,N,Nmm,W,382,2058,8.232,25,B0399|B0398,B0399|B0398,0,0,True,True,True,True,True,True,True
2017-03-28-B0399-S04-E04-T01.c3d,atletas\B0399\2017-03-28-B0399-S04\2017-03-28-B0399-S04-E04-T01.c3d,B0399,S04,E04,T01,250.0,mm,deg,N,Nmm,W,382,2012,8.048,25,B0399|B0398,B0399|B0398,0,0,True,True,True,True,True,True,True
2017-03-28-B0399-S04-E04-T02.c3d,atletas\B0399\2017-03-28-B0399-S04\2017-03-28-B0399-S04-E04-T02.c3d,B0399,S04,E04,T02,250.0,mm,deg,N,Nmm,W,382,1778,7.112,25,B0399|B0398,B0399|B0398,0,0,True,True,True,True,True,True,True
2017-03-28-B0399-S05-E01-T01.c3d,atletas\B0399\2017-03-28-B0399-S05\2017-03-28-B0399-S05-E01-T01.c3d,B0399,S05,E01,T01,250.0,mm,deg,N,Nmm,W,191,2109,8.436,74,B0399,B0399,0,0,True,True,True,True,True,True,True
2017-03-28-B0399-S05-E01-T02.c3d,atletas\B0399\2017-03-28-B0399-S05\2017-03-28-B0399-S05-E01-T02.c3d,B0399,S05,E01,T02,250.0,mm,deg,N,Nmm,W,191,2120,8.48,74,B0399,B0399,0,0,True,True,True,True,True,True,True
2017-03-28-B0399-S05-E02-T01.c3d,atletas\B0399\2017-03-28-B0399-S05\2017-03-28-B0399-S05-E02-T01.c3d,B0399,S05,E02,T01,250.0,mm,deg,N,Nmm,W,195,2532,10.128,74,Tarcza|B0399,Tarcza|B0399,4,0,True,True,True,True,True,True,True
2017-03-28-B0399-S05-E02-T02.c3d,atletas\B0399\2017-03-28-B0399-S05\2017-03-28-B0399-S05-E02-T02.c3d,B0399,S05,E02,T02,250.0,mm,deg,N,Nmm,W,195,2590,10.36,74,Tarcza|B0399,Tarcza|B0399,4,0,True,True,True,True,True,True,True
2017-03-28-B0399-S05-E03-T01.c3d,atletas\B0399\2017-03-28-B0399-S05\2017-03-28-B0399-S05-E03-T01.c3d,B0399,S05,E03,T01,250.0,mm,deg,N,Nmm,W,382,3001,12.004,25,B0399|B0398,B0399|B0398,0,0,True,True,True,True,True,True,True
2017-03-28-B0399-S05-E04-T01.c3d,atletas\B0399\2017-03-28-B0399-S05\2017-03-28-B0399-S05-E04-T01.c3d,B0399,S05,E04,T01,250.0,mm,deg,N,Nmm,W,382,2613,10.452,25,B0399|B0398,B0399|B0398,0,0,True,True,True,True,True,True,True
2017-03-28-B0399-S05-E04-T02.c3d,atletas\B0399\2017-03-28-B0399-S05\2017-03-28-B0399-S05-E04-T02.c3d,B0399,S05,E04,T02,250.0,mm,deg,N,Nmm,W,382,3053,12.212,25,B0399|B0398,B0399|B0398,0,0,True,True,True,True,True,True,True
2017-03-28-B0400-S01-E01-T01.c3d,atletas\B0400\2017-03-28-B0400-S01\2017-03-28-B0400-S01-E01-T01.c3d,B0400,S01,E01,T01,250.0,mm,deg,N,Nmm,W,191,4180,16.72,74,B0400,B0400,0,0,True,True,True,True,True,True,True
2017-03-28-B0400-S01-E01-T02.c3d,atletas\B0400\2017-03-28-B0400-S01\2017-03-28-B0400-S01-E01-T02.c3d,B0400,S01,E01,T02,250.0,mm,deg,N,Nmm,W,191,2346,9.384,74,B0400,B0400,0,0,True,True,True,True,True,True,True
2017-03-28-B0400-S01-E02-T01.c3d,atletas\B0400\2017-03-28-B0400-S01\2017-03-28-B0400-S01-E02-T01.c3d,B0400,S01,E02,T01,250.0,mm,deg,N,Nmm,W,195,1850,7.4,74,Tarcza|B0400,Tarcza|B0400,4,0,True,True,True,True,True,True,True
2017-03-28-B0400-S01-E02-T02.c3d,atletas\B0400\2017-03-28-B0400-S01\2017-03-28-B0400-S01-E02-T02.c3d,B0400,S01,E02,T02,250.0,mm,deg,N,Nmm,W,195,2158,8.632,74,Tarcza|B0400,Tarcza|B0400,4,0,True,True,True,True,True,True,True
2017-03-28-B0400-S01-E03-T01.c3d,atletas\B0400\2017-03-28-B0400-S01\2017-03-28-B0400-S01-E03-T01.c3d,B0400,S01,E03,T01,250.0,mm,deg,N,Nmm,W,382,3260,13.04,25,B0401|B0400,B0401|B0400,0,0,True,True,True,True,True,True,True
2017-03-28-B0400-S01-E03-T02.c3d,atletas\B0400\2017-03-28-B0400-S01\2017-03-28-B0400-S01-E03-T02.c3d,B0400,S01,E03,T02,250.0,mm,deg,N,Nmm,W,382,4058,16.232,25,B0401|B0400,B0401|B0400,0,0,True,True,True,True,True,True,True
2017-03-28-B0400-S01-E04-T01.c3d,atletas\B0400\2017-03-28-B0400-S01\2017-03-28-B0400-S01-E04-T01.c3d,B0400,S01,E04,T01,250.0,mm,deg,N,Nmm,W,382,2572,10.288,25,B0401|B0400,B0401|B0400,0,0,True,True,True,True,True,True,True
2017-03-28-B0400-S01-E04-T02.c3d,atletas\B0400\2017-03-28-B0400-S01\2017-03-28-B0400-S01-E04-T02.c3d,B0400,S01,E04,T02,250.0,mm,deg,N,Nmm,W,382,3189,12.756,25,B0401|B0400,B0401|B0400,0,0,True,True,True,True,True,True,True
2017-03-28-B0400-S02-E01-T01.c3d,atletas\B0400\2017-03-28-B0400-S02\2017-03-28-B0400-S02-E01-T01.c3d,B0400,S02,E01,T01,250.0,mm,deg,N,Nmm,W,191,2169,8.676,74,B0400,B0400,0,0,True,True,True,True,True,True,True
2017-03-28-B0400-S02-E01-T02.c3d,atletas\B0400\2017-03-28-B0400-S02\2017-03-28-B0400-S02-E01-T02.c3d,B0400,S02,E01,T02,250.0,mm,deg,N,Nmm,W,191,2055,8.22,74,B0400,B0400,0,0,True,True,True,True,True,True,True
2017-03-28-B0400-S02-E02-T01.c3d,atletas\B0400\2017-03-28-B0400-S02\2017-03-28-B0400-S02-E02-T01.c3d,B0400,S02,E02,T01,250.0,mm,deg,N,Nmm,W,195,2141,8.564,74,Tarcza|B0400,Tarcza|B0400,4,0,True,True,True,True,True,True,True
2017-03-28-B0400-S02-E02-T02.c3d,atletas\B0400\2017-03-28-B0400-S02\2017-03-28-B0400-S02-E02-T02.c3d,B0400,S02,E02,T02,250.0,mm,deg,N,Nmm,W,195,1905,7.62,74,Tarcza|B0400,Tarcza|B0400,4,0,True,True,True,True,True,True,True
2017-03-28-B0400-S02-E03-T01.c3d,atletas\B0400\2017-03-28-B0400-S02\2017-03-28-B0400-S02-E03-T01.c3d,B0400,S02,E03,T01,250.0,mm,deg,N,Nmm,W,382,3031,12.124,25,B0401|B0400,B0401|B0400,0,0,True,True,True,True,True,True,True
2017-03-28-B0400-S02-E03-T02.c3d,atletas\B0400\2017-03-28-B0400-S02\2017-03-28-B0400-S02-E03-T02.c3d,B0400,S02,E03,T02,250.0,mm,deg,N,Nmm,W,382,2204,8.816,25,B0401|B0400,B0401|B0400,0,0,True,True,True,True,True,True,True
2017-03-28-B0400-S02-E04-T01.c3d,atletas\B0400\2017-03-28-B0400-S02\2017-03-28-B0400-S02-E04-T01.c3d,B0400,S02,E04,T01,250.0,mm,deg,N,Nmm,W,382,2004,8.016,25,B0401|B0400,B0401|B0400,0,0,True,True,True,True,True,True,True
2017-03-28-B0400-S02-E04-T02.c3d,atletas\B0400\2017-03-28-B0400-S02\2017-03-28-B0400-S02-E04-T02.c3d,B0400,S02,E04,T02,250.0,mm,deg,N,Nmm,W,382,1957,7.828,25,B0401|B0400,B0401|B0400,0,0,True,True,True,True,True,True,True
2017-03-28-B0400-S03-E01-T01.c3d,atletas\B0400\2017-03-28-B0400-S03\2017-03-28-B0400-S03-E01-T01.c3d,B0400,S03,E01,T01,250.0,mm,deg,N,Nmm,W,191,2063,8.252,74,B0400,B0400,0,0,True,True,True,True,True,True,True
2017-03-28-B0400-S03-E01-T02.c3d,atletas\B0400\2017-03-28-B0400-S03\2017-03-28-B0400-S03-E01-T02.c3d,B0400,S03,E01,T02,250.0,mm,deg,N,Nmm,W,191,2034,8.136,74,B0400,B0400,0,0,True,True,True,True,True,True,True
2017-03-28-B0400-S03-E02-T01.c3d,atletas\B0400\2017-03-28-B0400-S03\2017-03-28-B0400-S03-E02-T01.c3d,B0400,S03,E02,T01,250.0,mm,deg,N,Nmm,W,195,2991,11.964,74,Tarcza|B0400,Tarcza|B0400,4,0,True,True,True,True,True,True,True
2017-03-28-B0400-S03-E02-T02.c3d,atletas\B0400\2017-03-28-B0400-S03\2017-03-28-B0400-S03-E02-T02.c3d,B0400,S03,E02,T02,250.0,mm,deg,N,Nmm,W,195,1993,7.972,74,Tarcza|B0400,Tarcza|B0400,4,0,True,True,True,True,True,True,True
2017-03-28-B0400-S03-E03-T01.c3d,atletas\B0400\2017-03-28-B0400-S03\2017-03-28-B0400-S03-E03-T01.c3d,B0400,S03,E03,T01,250.0,mm,deg,N,Nmm,W,382,3288,13.152,25,B0401|B0400,B0401|B0400,0,0,True,True,True,True,True,True,True
2017-03-28-B0400-S03-E03-T02.c3d,atletas\B0400\2017-03-28-B0400-S03\2017-03-28-B0400-S03-E03-T02.c3d,B0400,S03,E03,T02,250.0,mm,deg,N,Nmm,W,382,2247,8.988,25,B0401|B0400,B0401|B0400,0,0,True,True,True,True,True,True,True
2017-03-28-B0400-S03-E04-T01.c3d,atletas\B0400\2017-03-28-B0400-S03\2017-03-28-B0400-S03-E04-T01.c3d,B0400,S03,E04,T01,250.0,mm,deg,N,Nmm,W,382,2267,9.068,25,B0401|B0400,B0401|B0400,0,0,True,True,True,True,True,True,True
2017-03-28-B0400-S03-E04-T02.c3d,atletas\B0400\2017-03-28-B0400-S03\2017-03-28-B0400-S03-E04-T02.c3d,B0400,S03,E04,T02,250.0,mm,deg,N,Nmm,W,382,2008,8.032,25,B0401|B0400,B0401|B0400,0,0,True,True,True,True,True,True,True
2017-03-28-B0400-S04-E01-T01.c3d,atletas\B0400\2017-03-28-B0400-S04\2017-03-28-B0400-S04-E01-T01.c3d,B0400,S04,E01,T01,250.0,mm,deg,N,Nmm,W,191,2265,9.06,74,B0400,B0400,0,0,True,True,True,True,True,True,True
2017-03-28-B0400-S04-E01-T02.c3d,atletas\B0400\2017-03-28-B0400-S04\2017-03-28-B0400-S04-E01-T02.c3d,B0400,S04,E01,T02,250.0,mm,deg,N,Nmm,W,191,2022,8.088,74,B0400,B0400,0,0,True,True,True,True,True,True,True
2017-03-28-B0400-S04-E02-T01.c3d,atletas\B0400\2017-03-28-B0400-S04\2017-03-28-B0400-S04-E02-T01.c3d,B0400,S04,E02,T01,250.0,mm,deg,N,Nmm,W,195,2184,8.736,74,Tarcza|B0400,Tarcza|B0400,4,0,True,True,True,True,True,True,True
2017-03-28-B0400-S04-E02-T02.c3d,atletas\B0400\2017-03-28-B0400-S04\2017-03-28-B0400-S04-E02-T02.c3d,B0400,S04,E02,T02,250.0,mm,deg,N,Nmm,W,195,2334,9.336,74,Tarcza|B0400,Tarcza|B0400,4,0,True,True,True,True,True,True,True
2017-03-28-B0400-S04-E03-T01.c3d,atletas\B0400\2017-03-28-B0400-S04\2017-03-28-B0400-S04-E03-T01.c3d,B0400,S04,E03,T01,250.0,mm,deg,N,Nmm,W,382,2688,10.752,25,B0401|B0400,B0401|B0400,0,0,True,True,True,True,True,True,True
2017-03-28-B0400-S04-E03-T02.c3d,atletas\B0400\2017-03-28-B0400-S04\2017-03-28-B0400-S04-E03-T02.c3d,B0400,S04,E03,T02,250.0,mm,deg,N,Nmm,W,382,3265,13.06,25,B0401|B0400,B0401|B0400,0,0,True,True,True,True,True,True,True
2017-03-28-B0400-S04-E04-T01.c3d,atletas\B0400\2017-03-28-B0400-S04\2017-03-28-B0400-S04-E04-T01.c3d,B0400,S04,E04,T01,250.0,mm,deg,N,Nmm,W,382,2183,8.732,25,B0401|B0400,B0401|B0400,0,0,True,True,True,True,True,True,True
2017-03-28-B0400-S04-E04-T02.c3d,atletas\B0400\2017-03-28-B0400-S04\2017-03-28-B0400-S04-E04-T02.c3d,B0400,S04,E04,T02,250.0,mm,deg,N,Nmm,W,382,2202,8.808,25,B0401|B0400,B0401|B0400,0,0,True,True,True,True,True,True,True
2017-03-28-B0400-S05-E01-T01.c3d,atletas\B0400\2017-03-28-B0400-S05\2017-03-28-B0400-S05-E01-T01.c3d,B0400,S05,E01,T01,250.0,mm,deg,N,Nmm,W,148,4396,17.584,48,B0400,B0400,0,0,True,True,True,True,True,True,True
2017-03-28-B0400-S05-E01-T02.c3d,atletas\B0400\2017-03-28-B0400-S05\2017-03-28-B0400-S05-E01-T02.c3d,B0400,S05,E01,T02,250.0,mm,deg,N,Nmm,W,148,3045,12.18,48,B0400,B0400,0,0,True,True,True,True,True,True,True
2017-03-28-B0400-S05-E02-T01.c3d,atletas\B0400\2017-03-28-B0400-S05\2017-03-28-B0400-S05-E02-T01.c3d,B0400,S05,E02,T01,250.0,mm,deg,N,Nmm,W,152,3666,14.664,48,Tarcza|B0400,Tarcza|B0400,4,0,True,True,True,True,True,True,True
2017-03-28-B0400-S05-E02-T02.c3d,atletas\B0400\2017-03-28-B0400-S05\2017-03-28-B0400-S05-E02-T02.c3d,B0400,S05,E02,T02,250.0,mm,deg,N,Nmm,W,152,2772,11.088,48,Tarcza|B0400,Tarcza|B0400,4,0,True,True,True,True,True,True,True
2017-03-28-B0400-S05-E03-T01.c3d,atletas\B0400\2017-03-28-B0400-S05\2017-03-28-B0400-S05-E03-T01.c3d,B0400,S05,E03,T01,250.0,mm,deg,N,Nmm,W,382,3633,14.532,25,B0401|B0400,B0401|B0400,0,0,True,True,True,True,True,True,True
2017-03-28-B0400-S05-E03-T02.c3d,atletas\B0400\2017-03-28-B0400-S05\2017-03-28-B0400-S05-E03-T02.c3d,B0400,S05,E03,T02,250.0,mm,deg,N,Nmm,W,382,3099,12.396,25,B0401|B0400,B0401|B0400,0,0,True,True,True,True,True,True,True
2017-03-28-B0400-S05-E04-T01.c3d,atletas\B0400\2017-03-28-B0400-S05\2017-03-28-B0400-S05-E04-T01.c3d,B0400,S05,E04,T01,250.0,mm,deg,N,Nmm,W,382,3363,13.452,25,B0401|B0400,B0401|B0400,0,0,True,True,True,True,True,True,True
2017-03-28-B0400-S05-E04-T02.c3d,atletas\B0400\2017-03-28-B0400-S05\2017-03-28-B0400-S05-E04-T02.c3d,B0400,S05,E04,T02,250.0,mm,deg,N,Nmm,W,382,3766,15.064,25,B0401|B0400,B0401|B0400,0,0,True,True,True,True,True,True,True
2017-03-28-B0401-S01-E01-T01.c3d,atletas\B0401\2017-03-28-B0401-S01\2017-03-28-B0401-S01-E01-T01.c3d,B0401,S01,E01,T01,250.0,mm,deg,N,Nmm,W,191,1742,6.968,74,B0401,B0401,0,0,True,True,True,True,True,True,True
2017-03-28-B0401-S01-E01-T02.c3d,atletas\B0401\2017-03-28-B0401-S01\2017-03-28-B0401-S01-E01-T02.c3d,B0401,S01,E01,T02,250.0,mm,deg,N,Nmm,W,191,1595,6.38,74,B0401,B0401,0,0,True,True,True,True,True,True,True
2017-03-28-B0401-S01-E02-T01.c3d,atletas\B0401\2017-03-28-B0401-S01\2017-03-28-B0401-S01-E02-T01.c3d,B0401,S01,E02,T01,250.0,mm,deg,N,Nmm,W,195,2014,8.056,74,Tarcza|B0401,Tarcza|B0401,4,0,True,True,True,True,True,True,True
2017-03-28-B0401-S01-E02-T02.c3d,atletas\B0401\2017-03-28-B0401-S01\2017-03-28-B0401-S01-E02-T02.c3d,B0401,S01,E02,T02,250.0,mm,deg,N,Nmm,W,195,2411,9.644,74,Tarcza|B0401,Tarcza|B0401,4,0,True,True,True,True,True,True,True
2017-03-28-B0401-S01-E03-T01.c3d,atletas\B0401\2017-03-28-B0401-S01\2017-03-28-B0401-S01-E03-T01.c3d,B0401,S01,E03,T01,250.0,mm,deg,N,Nmm,W,382,2572,10.288,25,B0401|B0400,B0401|B0400,0,0,True,True,True,True,True,True,True
2017-03-28-B0401-S01-E03-T02.c3d,atletas\B0401\2017-03-28-B0401-S01\2017-03-28-B0401-S01-E03-T02.c3d,B0401,S01,E03,T02,250.0,mm,deg,N,Nmm,W,382,3189,12.756,25,B0401|B0400,B0401|B0400,0,0,True,True,True,True,True,True,True
2017-03-28-B0401-S01-E04-T01.c3d,atletas\B0401\2017-03-28-B0401-S01\2017-03-28-B0401-S01-E04-T01.c3d,B0401,S01,E04,T01,250.0,mm,deg,N,Nmm,W,382,3260,13.04,25,B0401|B0400,B0401|B0400,0,0,True,True,True,True,True,True,True
2017-03-28-B0401-S01-E04-T02.c3d,atletas\B0401\2017-03-28-B0401-S01\2017-03-28-B0401-S01-E04-T02.c3d,B0401,S01,E04,T02,250.0,mm,deg,N,Nmm,W,382,4058,16.232,25,B0401|B0400,B0401|B0400,0,0,True,True,True,True,True,True,True
2017-03-28-B0401-S02-E01-T01.c3d,atletas\B0401\2017-03-28-B0401-S02\2017-03-28-B0401-S02-E01-T01.c3d,B0401,S02,E01,T01,250.0,mm,deg,N,Nmm,W,191,1489,5.956,74,B0401,B0401,0,0,True,True,True,True,True,True,True
2017-03-28-B0401-S02-E01-T02.c3d,atletas\B0401\2017-03-28-B0401-S02\2017-03-28-B0401-S02-E01-T02.c3d,B0401,S02,E01,T02,250.0,mm,deg,N,Nmm,W,191,1690,6.76,74,B0401,B0401,0,0,True,True,True,True,True,True,True
2017-03-28-B0401-S02-E02-T01.c3d,atletas\B0401\2017-03-28-B0401-S02\2017-03-28-B0401-S02-E02-T01.c3d,B0401,S02,E02,T01,250.0,mm,deg,N,Nmm,W,195,1748,6.992,74,Tarcza|B0401,Tarcza|B0401,4,0,True,True,True,True,True,True,True
2017-03-28-B0401-S02-E02-T02.c3d,atletas\B0401\2017-03-28-B0401-S02\2017-03-28-B0401-S02-E02-T02.c3d,B0401,S02,E02,T02,250.0,mm,deg,N,Nmm,W,195,1420,5.68,74,Tarcza|B0401,Tarcza|B0401,4,0,True,True,True,True,True,True,True
2017-03-28-B0401-S02-E03-T01.c3d,atletas\B0401\2017-03-28-B0401-S02\2017-03-28-B0401-S02-E03-T01.c3d,B0401,S02,E03,T01,250.0,mm,deg,N,Nmm,W,382,2004,8.016,25,B0401|B0400,B0401|B0400,0,0,True,True,True,True,True,True,True
2017-03-28-B0401-S02-E03-T02.c3d,atletas\B0401\2017-03-28-B0401-S02\2017-03-28-B0401-S02-E03-T02.c3d,B0401,S02,E03,T02,250.0,mm,deg,N,Nmm,W,382,1957,7.828,25,B0401|B0400,B0401|B0400,0,0,True,True,True,True,True,True,True
2017-03-28-B0401-S02-E04-T01.c3d,atletas\B0401\2017-03-28-B0401-S02\2017-03-28-B0401-S02-E04-T01.c3d,B0401,S02,E04,T01,250.0,mm,deg,N,Nmm,W,382,3031,12.124,25,B0401|B0400,B0401|B0400,0,0,True,True,True,True,True,True,True
2017-03-28-B0401-S02-E04-T02.c3d,atletas\B0401\2017-03-28-B0401-S02\2017-03-28-B0401-S02-E04-T02.c3d,B0401,S02,E04,T02,250.0,mm,deg,N,Nmm,W,382,2204,8.816,25,B0401|B0400,B0401|B0400,0,0,True,True,True,True,True,True,True
2017-03-28-B0401-S03-E01-T01.c3d,atletas\B0401\2017-03-28-B0401-S03\2017-03-28-B0401-S03-E01-T01.c3d,B0401,S03,E01,T01,250.0,mm,deg,N,Nmm,W,191,1705,6.82,74,B0401,B0401,0,0,True,True,True,True,True,True,True
2017-03-28-B0401-S03-E01-T02.c3d,atletas\B0401\2017-03-28-B0401-S03\2017-03-28-B0401-S03-E01-T02.c3d,B0401,S03,E01,T02,250.0,mm,deg,N,Nmm,W,191,1775,7.1,74,B0401,B0401,0,0,True,True,True,True,True,True,True
2017-03-28-B0401-S03-E02-T01.c3d,atletas\B0401\2017-03-28-B0401-S03\2017-03-28-B0401-S03-E02-T01.c3d,B0401,S03,E02,T01,250.0,mm,deg,N,Nmm,W,195,1996,7.984,74,Tarcza|B0401,Tarcza|B0401,4,0,True,True,True,True,True,True,True
2017-03-28-B0401-S03-E02-T02.c3d,atletas\B0401\2017-03-28-B0401-S03\2017-03-28-B0401-S03-E02-T02.c3d,B0401,S03,E02,T02,250.0,mm,deg,N,Nmm,W,195,1630,6.52,74,Tarcza|B0401,Tarcza|B0401,4,0,True,True,True,True,True,True,True
2017-03-28-B0401-S03-E03-T01.c3d,atletas\B0401\2017-03-28-B0401-S03\2017-03-28-B0401-S03-E03-T01.c3d,B0401,S03,E03,T01,250.0,mm,deg,N,Nmm,W,382,2267,9.068,25,B0401|B0400,B0401|B0400,0,0,True,True,True,True,True,True,True
2017-03-28-B0401-S03-E03-T02.c3d,atletas\B0401\2017-03-28-B0401-S03\2017-03-28-B0401-S03-E03-T02.c3d,B0401,S03,E03,T02,250.0,mm,deg,N,Nmm,W,382,2008,8.032,25,B0401|B0400,B0401|B0400,0,0,True,True,True,True,True,True,True
2017-03-28-B0401-S03-E04-T01.c3d,atletas\B0401\2017-03-28-B0401-S03\2017-03-28-B0401-S03-E04-T01.c3d,B0401,S03,E04,T01,250.0,mm,deg,N,Nmm,W,382,3288,13.152,25,B0401|B0400,B0401|B0400,0,0,True,True,True,True,True,True,True
2017-03-28-B0401-S03-E04-T02.c3d,atletas\B0401\2017-03-28-B0401-S03\2017-03-28-B0401-S03-E04-T02.c3d,B0401,S03,E04,T02,250.0,mm,deg,N,Nmm,W,382,2247,8.988,25,B0401|B0400,B0401|B0400,0,0,True,True,True,True,True,True,True
2017-03-28-B0401-S04-E01-T01.c3d,atletas\B0401\2017-03-28-B0401-S04\2017-03-28-B0401-S04-E01-T01.c3d,B0401,S04,E01,T01,250.0,mm,deg,N,Nmm,W,191,1468,5.872,74,B0401,B0401,0,0,True,True,True,True,True,True,True
2017-03-28-B0401-S04-E01-T02.c3d,atletas\B0401\2017-03-28-B0401-S04\2017-03-28-B0401-S04-E01-T02.c3d,B0401,S04,E01,T02,250.0,mm,deg,N,Nmm,W,191,1850,7.4,74,B0401,B0401,0,0,True,True,True,True,True,True,True
2017-03-28-B0401-S04-E02-T01.c3d,atletas\B0401\2017-03-28-B0401-S04\2017-03-28-B0401-S04-E02-T01.c3d,B0401,S04,E02,T01,250.0,mm,deg,N,Nmm,W,195,1820,7.28,74,Tarcza|B0401,Tarcza|B0401,4,0,True,True,True,True,True,True,True
2017-03-28-B0401-S04-E02-T02.c3d,atletas\B0401\2017-03-28-B0401-S04\2017-03-28-B0401-S04-E02-T02.c3d,B0401,S04,E02,T02,250.0,mm,deg,N,Nmm,W,195,1801,7.204,74,Tarcza|B0401,Tarcza|B0401,4,0,True,True,True,True,True,True,True
2017-03-28-B0401-S04-E03-T01.c3d,atletas\B0401\2017-03-28-B0401-S04\2017-03-28-B0401-S04-E03-T01.c3d,B0401,S04,E03,T01,250.0,mm,deg,N,Nmm,W,382,2183,8.732,25,B0401|B0400,B0401|B0400,0,0,True,True,True,True,True,True,True
2017-03-28-B0401-S04-E03-T02.c3d,atletas\B0401\2017-03-28-B0401-S04\2017-03-28-B0401-S04-E03-T02.c3d,B0401,S04,E03,T02,250.0,mm,deg,N,Nmm,W,382,2202,8.808,25,B0401|B0400,B0401|B0400,0,0,True,True,True,True,True,True,True
2017-03-28-B0401-S04-E04-T01.c3d,atletas\B0401\2017-03-28-B0401-S04\2017-03-28-B0401-S04-E04-T01.c3d,B0401,S04,E04,T01,250.0,mm,deg,N,Nmm,W,382,2688,10.752,25,B0401|B0400,B0401|B0400,0,0,True,True,True,True,True,True,True
2017-03-28-B0401-S04-E04-T02.c3d,atletas\B0401\2017-03-28-B0401-S04\2017-03-28-B0401-S04-E04-T02.c3d,B0401,S04,E04,T02,250.0,mm,deg,N,Nmm,W,382,3265,13.06,25,B0401|B0400,B0401|B0400,0,0,True,True,True,True,True,True,True
2017-03-28-B0401-S05-E01-T01.c3d,atletas\B0401\2017-03-28-B0401-S05\2017-03-28-B0401-S05-E01-T01.c3d,B0401,S05,E01,T01,250.0,mm,deg,N,Nmm,W,191,2450,9.8,74,B0401,B0401,0,0,True,True,True,True,True,True,True
2017-03-28-B0401-S05-E01-T02.c3d,atletas\B0401\2017-03-28-B0401-S05\2017-03-28-B0401-S05-E01-T02.c3d,B0401,S05,E01,T02,250.0,mm,deg,N,Nmm,W,191,2683,10.732,74,B0401,B0401,0,0,True,True,True,True,True,True,True
2017-03-28-B0401-S05-E02-T01.c3d,atletas\B0401\2017-03-28-B0401-S05\2017-03-28-B0401-S05-E02-T01.c3d,B0401,S05,E02,T01,250.0,mm,deg,N,Nmm,W,195,3053,12.212,74,Tarcza|B0401,Tarcza|B0401,4,0,True,True,True,True,True,True,True
2017-03-28-B0401-S05-E03-T01.c3d,atletas\B0401\2017-03-28-B0401-S05\2017-03-28-B0401-S05-E03-T01.c3d,B0401,S05,E03,T01,250.0,mm,deg,N,Nmm,W,382,3363,13.452,25,B0401|B0400,B0401|B0400,0,0,True,True,True,True,True,True,True
2017-03-28-B0401-S05-E03-T02.c3d,atletas\B0401\2017-03-28-B0401-S05\2017-03-28-B0401-S05-E03-T02.c3d,B0401,S05,E03,T02,250.0,mm,deg,N,Nmm,W,382,3766,15.064,25,B0401|B0400,B0401|B0400,0,0,True,True,True,True,True,True,True
2017-03-28-B0401-S05-E04-T01.c3d,atletas\B0401\2017-03-28-B0401-S05\2017-03-28-B0401-S05-E04-T01.c3d,B0401,S05,E04,T01,250.0,mm,deg,N,Nmm,W,382,3633,14.532,25,B0401|B0400,B0401|B0400,0,0,True,True,True,True,True,True,True
2017-03-28-B0401-S05-E04-T02.c3d,atletas\B0401\2017-03-28-B0401-S05\2017-03-28-B0401-S05-E04-T02.c3d,B0401,S05,E04,T02,250.0,mm,deg,N,Nmm,W,382,3099,12.396,25,B0401|B0400,B0401|B0400,0,0,True,True,True,True,True,True,True
2017-03-28-B0402-S01-E01-T01.c3d,atletas\B0402\2017-03-28-B0402-S01\2017-03-28-B0402-S01-E01-T01.c3d,B0402,S01,E01,T01,250.0,mm,deg,N,Nmm,W,191,1830,7.32,74,B0402,B0402,0,0,True,True,True,True,True,True,True
2017-03-28-B0402-S01-E01-T02.c3d,atletas\B0402\2017-03-28-B0402-S01\2017-03-28-B0402-S01-E01-T02.c3d,B0402,S01,E01,T02,250.0,mm,deg,N,Nmm,W,191,2311,9.244,74,B0402,B0402,0,0,True,True,True,True,True,True,True
2017-03-28-B0402-S01-E02-T01.c3d,atletas\B0402\2017-03-28-B0402-S01\2017-03-28-B0402-S01-E02-T01.c3d,B0402,S01,E02,T01,250.0,mm,deg,N,Nmm,W,195,1732,6.928,74,Tarcza|B0402,Tarcza|B0402,4,0,True,True,True,True,True,True,True
2017-03-28-B0402-S01-E02-T02.c3d,atletas\B0402\2017-03-28-B0402-S01\2017-03-28-B0402-S01-E02-T02.c3d,B0402,S01,E02,T02,250.0,mm,deg,N,Nmm,W,195,2016,8.064,74,Tarcza|B0402,Tarcza|B0402,4,0,True,True,True,True,True,True,True
2017-03-28-B0402-S01-E03-T01.c3d,atletas\B0402\2017-03-28-B0402-S01\2017-03-28-B0402-S01-E03-T01.c3d,B0402,S01,E03,T01,250.0,mm,deg,N,Nmm,W,382,2007,8.028,25,B0403|B0402,B0403|B0402,0,0,True,True,True,True,True,True,True
2017-03-28-B0402-S01-E03-T02.c3d,atletas\B0402\2017-03-28-B0402-S01\2017-03-28-B0402-S01-E03-T02.c3d,B0402,S01,E03,T02,250.0,mm,deg,N,Nmm,W,382,1821,7.284,25,B0403|B0402,B0403|B0402,0,0,True,True,True,True,True,True,True
2017-03-28-B0402-S01-E04-T01.c3d,atletas\B0402\2017-03-28-B0402-S01\2017-03-28-B0402-S01-E04-T01.c3d,B0402,S01,E04,T01,250.0,mm,deg,N,Nmm,W,382,3466,13.864,25,B0403|B0402,B0403|B0402,0,0,True,True,True,True,True,True,True
2017-03-28-B0402-S01-E04-T02.c3d,atletas\B0402\2017-03-28-B0402-S01\2017-03-28-B0402-S01-E04-T02.c3d,B0402,S01,E04,T02,250.0,mm,deg,N,Nmm,W,382,1679,6.716,25,B0403|B0402,B0403|B0402,0,0,True,True,True,True,True,True,True
2017-03-28-B0402-S02-E01-T01.c3d,atletas\B0402\2017-03-28-B0402-S02\2017-03-28-B0402-S02-E01-T01.c3d,B0402,S02,E01,T01,250.0,mm,deg,N,Nmm,W,191,2305,9.22,74,B0402,B0402,0,0,True,True,True,True,True,True,True
2017-03-28-B0402-S02-E02-T01.c3d,atletas\B0402\2017-03-28-B0402-S02\2017-03-28-B0402-S02-E02-T01.c3d,B0402,S02,E02,T01,250.0,mm,deg,N,Nmm,W,195,1868,7.472,74,Tarcza|B0402,Tarcza|B0402,4,0,True,True,True,True,True,True,True
2017-03-28-B0402-S02-E02-T02.c3d,atletas\B0402\2017-03-28-B0402-S02\2017-03-28-B0402-S02-E02-T02.c3d,B0402,S02,E02,T02,250.0,mm,deg,N,Nmm,W,195,2884,11.536,74,Tarcza|B0402,Tarcza|B0402,4,0,True,True,True,True,True,True,True
2017-03-28-B0402-S02-E03-T01.c3d,atletas\B0402\2017-03-28-B0402-S02\2017-03-28-B0402-S02-E03-T01.c3d,B0402,S02,E03,T01,250.0,mm,deg,N,Nmm,W,382,2055,8.22,25,B0403|B0402,B0403|B0402,0,0,True,True,True,True,True,True,True
2017-03-28-B0402-S02-E03-T02.c3d,atletas\B0402\2017-03-28-B0402-S02\2017-03-28-B0402-S02-E03-T02.c3d,B0402,S02,E03,T02,250.0,mm,deg,N,Nmm,W,382,1664,6.656,25,B0403|B0402,B0403|B0402,0,0,True,True,True,True,True,True,True
2017-03-28-B0402-S02-E04-T01.c3d,atletas\B0402\2017-03-28-B0402-S02\2017-03-28-B0402-S02-E04-T01.c3d,B0402,S02,E04,T01,250.0,mm,deg,N,Nmm,W,382,2016,8.064,25,B0403|B0402,B0403|B0402,0,0,True,True,True,True,True,True,True
2017-03-28-B0402-S02-E04-T02.c3d,atletas\B0402\2017-03-28-B0402-S02\2017-03-28-B0402-S02-E04-T02.c3d,B0402,S02,E04,T02,250.0,mm,deg,N,Nmm,W,382,2160,8.64,25,B0403|B0402,B0403|B0402,0,0,True,True,True,True,True,True,True
2017-03-28-B0402-S03-E01-T01.c3d,atletas\B0402\2017-03-28-B0402-S03\2017-03-28-B0402-S03-E01-T01.c3d,B0402,S03,E01,T01,250.0,mm,deg,N,Nmm,W,191,2379,9.516,74,B0402,B0402,0,0,True,True,True,True,True,True,True
2017-03-28-B0402-S03-E01-T02.c3d,atletas\B0402\2017-03-28-B0402-S03\2017-03-28-B0402-S03-E01-T02.c3d,B0402,S03,E01,T02,250.0,mm,deg,N,Nmm,W,191,2587,10.348,74,B0402,B0402,0,0,True,True,True,True,True,True,True
2017-03-28-B0402-S03-E02-T01.c3d,atletas\B0402\2017-03-28-B0402-S03\2017-03-28-B0402-S03-E02-T01.c3d,B0402,S03,E02,T01,250.0,mm,deg,N,Nmm,W,195,2268,9.072,74,Tarcza|B0402,Tarcza|B0402,4,0,True,True,True,True,True,True,True
2017-03-28-B0402-S03-E02-T02.c3d,atletas\B0402\2017-03-28-B0402-S03\2017-03-28-B0402-S03-E02-T02.c3d,B0402,S03,E02,T02,250.0,mm,deg,N,Nmm,W,195,2789,11.156,74,Tarcza|B0402,Tarcza|B0402,4,0,True,True,True,True,True,True,True
2017-03-28-B0402-S03-E03-T01.c3d,atletas\B0402\2017-03-28-B0402-S03\2017-03-28-B0402-S03-E03-T01.c3d,B0402,S03,E03,T01,250.0,mm,deg,N,Nmm,W,382,2359,9.436,25,B0403|B0402,B0403|B0402,0,0,True,True,True,True,True,True,True
2017-03-28-B0402-S03-E03-T02.c3d,atletas\B0402\2017-03-28-B0402-S03\2017-03-28-B0402-S03-E03-T02.c3d,B0402,S03,E03,T02,250.0,mm,deg,N,Nmm,W,382,2183,8.732,25,B0403|B0402,B0403|B0402,0,0,True,True,True,True,True,True,True
2017-03-28-B0402-S03-E04-T01.c3d,atletas\B0402\2017-03-28-B0402-S03\2017-03-28-B0402-S03-E04-T01.c3d,B0402,S03,E04,T01,250.0,mm,deg,N,Nmm,W,382,1861,7.444,25,B0403|B0402,B0403|B0402,0,0,True,True,True,True,True,True,True
2017-03-28-B0402-S03-E04-T02.c3d,atletas\B0402\2017-03-28-B0402-S03\2017-03-28-B0402-S03-E04-T02.c3d,B0402,S03,E04,T02,250.0,mm,deg,N,Nmm,W,382,1810,7.24,25,B0403|B0402,B0403|B0402,0,0,True,True,True,True,True,True,True
2017-03-28-B0402-S04-E01-T01.c3d,atletas\B0402\2017-03-28-B0402-S04\2017-03-28-B0402-S04-E01-T01.c3d,B0402,S04,E01,T01,250.0,mm,deg,N,Nmm,W,191,2661,10.644,74,B0402,B0402,0,0,True,True,True,True,True,True,True
2017-03-28-B0402-S04-E01-T02.c3d,atletas\B0402\2017-03-28-B0402-S04\2017-03-28-B0402-S04-E01-T02.c3d,B0402,S04,E01,T02,250.0,mm,deg,N,Nmm,W,191,2267,9.068,74,B0402,B0402,0,0,True,True,True,True,True,True,True
2017-03-28-B0402-S04-E02-T01.c3d,atletas\B0402\2017-03-28-B0402-S04\2017-03-28-B0402-S04-E02-T01.c3d,B0402,S04,E02,T01,250.0,mm,deg,N,Nmm,W,195,2218,8.872,74,Tarcza|B0402,Tarcza|B0402,4,0,True,True,True,True,True,True,True
2017-03-28-B0402-S04-E02-T02.c3d,atletas\B0402\2017-03-28-B0402-S04\2017-03-28-B0402-S04-E02-T02.c3d,B0402,S04,E02,T02,250.0,mm,deg,N,Nmm,W,195,2091,8.364,74,Tarcza|B0402,Tarcza|B0402,4,0,True,True,True,True,True,True,True
2017-03-28-B0402-S04-E03-T01.c3d,atletas\B0402\2017-03-28-B0402-S04\2017-03-28-B0402-S04-E03-T01.c3d,B0402,S04,E03,T01,250.0,mm,deg,N,Nmm,W,382,2182,8.728,25,B0403|B0402,B0403|B0402,0,0,True,True,True,True,True,True,True
2017-03-28-B0402-S04-E03-T02.c3d,atletas\B0402\2017-03-28-B0402-S04\2017-03-28-B0402-S04-E03-T02.c3d,B0402,S04,E03,T02,250.0,mm,deg,N,Nmm,W,382,2145,8.58,25,B0403|B0402,B0403|B0402,0,0,True,True,True,True,True,True,True
2017-03-28-B0402-S04-E04-T01.c3d,atletas\B0402\2017-03-28-B0402-S04\2017-03-28-B0402-S04-E04-T01.c3d,B0402,S04,E04,T01,250.0,mm,deg,N,Nmm,W,382,1832,7.328,25,B0403|B0402,B0403|B0402,0,0,True,True,True,True,True,True,True
2017-03-28-B0402-S04-E04-T02.c3d,atletas\B0402\2017-03-28-B0402-S04\2017-03-28-B0402-S04-E04-T02.c3d,B0402,S04,E04,T02,250.0,mm,deg,N,Nmm,W,382,1786,7.144,25,B0403|B0402,B0403|B0402,0,0,True,True,True,True,True,True,True
2017-03-28-B0402-S04-E04-T03.c3d,atletas\B0402\2017-03-28-B0402-S04\2017-03-28-B0402-S04-E04-T03.c3d,B0402,S04,E04,T03,250.0,mm,deg,N,Nmm,W,382,1719,6.876,25,B0403|B0402,B0403|B0402,0,0,True,True,True,True,True,True,True
2017-03-28-B0402-S05-E01-T01.c3d,atletas\B0402\2017-03-28-B0402-S05\2017-03-28-B0402-S05-E01-T01.c3d,B0402,S05,E01,T01,250.0,mm,deg,N,Nmm,W,191,3144,12.576,74,B0402,B0402,0,0,True,True,True,True,True,True,True
2017-03-28-B0402-S05-E01-T02.c3d,atletas\B0402\2017-03-28-B0402-S05\2017-03-28-B0402-S05-E01-T02.c3d,B0402,S05,E01,T02,250.0,mm,deg,N,Nmm,W,191,2531,10.124,74,B0402,B0402,0,0,True,True,True,True,True,True,True
2017-03-28-B0402-S05-E02-T01.c3d,atletas\B0402\2017-03-28-B0402-S05\2017-03-28-B0402-S05-E02-T01.c3d,B0402,S05,E02,T01,250.0,mm,deg,N,Nmm,W,195,2685,10.74,74,Tarcza|B0402,Tarcza|B0402,4,0,True,True,True,True,True,True,True
2017-03-28-B0402-S05-E02-T02.c3d,atletas\B0402\2017-03-28-B0402-S05\2017-03-28-B0402-S05-E02-T02.c3d,B0402,S05,E02,T02,250.0,mm,deg,N,Nmm,W,195,2682,10.728,74,Tarcza|B0402,Tarcza|B0402,4,0,True,True,True,True,True,True,True
2017-03-28-B0402-S05-E03-T01.c3d,atletas\B0402\2017-03-28-B0402-S05\2017-03-28-B0402-S05-E03-T01.c3d,B0402,S05,E03,T01,250.0,mm,deg,N,Nmm,W,382,2559,10.236,25,B0403|B0402,B0403|B0402,0,0,True,True,True,True,True,True,True
2017-03-28-B0402-S05-E03-T02.c3d,atletas\B0402\2017-03-28-B0402-S05\2017-03-28-B0402-S05-E03-T02.c3d,B0402,S05,E03,T02,250.0,mm,deg,N,Nmm,W,382,2821,11.284,25,B0403|B0402,B0403|B0402,0,0,True,True,True,True,True,True,True
2017-03-28-B0402-S05-E04-T01.c3d,atletas\B0402\2017-03-28-B0402-S05\2017-03-28-B0402-S05-E04-T01.c3d,B0402,S05,E04,T01,250.0,mm,deg,N,Nmm,W,382,2869,11.476,25,B0403|B0402,B0403|B0402,0,0,True,True,True,True,True,True,True
2017-03-28-B0402-S05-E04-T02.c3d,atletas\B0402\2017-03-28-B0402-S05\2017-03-28-B0402-S05-E04-T02.c3d,B0402,S05,E04,T02,250.0,mm,deg,N,Nmm,W,382,2340,9.36,25,B0403|B0402,B0403|B0402,0,0,True,True,True,True,True,True,True
2017-03-28-B0403-S01-E01-T01.c3d,atletas\B0403\2017-03-28-B0403-S01\2017-03-28-B0403-S01-E01-T01.c3d,B0403,S01,E01,T01,250.0,mm,deg,N,Nmm,W,191,1370,5.48,74,B0403,B0403,0,0,True,True,True,True,True,True,True
2017-03-28-B0403-S01-E01-T02.c3d,atletas\B0403\2017-03-28-B0403-S01\2017-03-28-B0403-S01-E01-T02.c3d,B0403,S01,E01,T02,250.0,mm,deg,N,Nmm,W,191,1667,6.668,74,B0403,B0403,0,0,True,True,True,True,True,True,True
2017-03-28-B0403-S01-E02-T01.c3d,atletas\B0403\2017-03-28-B0403-S01\2017-03-28-B0403-S01-E02-T01.c3d,B0403,S01,E02,T01,250.0,mm,deg,N,Nmm,W,195,1623,6.492,74,Tarcza|B0403,Tarcza|B0403,4,0,True,True,True,True,True,True,True
2017-03-28-B0403-S01-E02-T02.c3d,atletas\B0403\2017-03-28-B0403-S01\2017-03-28-B0403-S01-E02-T02.c3d,B0403,S01,E02,T02,250.0,mm,deg,N,Nmm,W,195,1305,5.22,74,Tarcza|B0403,Tarcza|B0403,4,0,True,True,True,True,True,True,True
2017-03-28-B0403-S01-E03-T01.c3d,atletas\B0403\2017-03-28-B0403-S01\2017-03-28-B0403-S01-E03-T01.c3d,B0403,S01,E03,T01,250.0,mm,deg,N,Nmm,W,382,3466,13.864,25,B0403|B0402,B0403|B0402,0,0,True,True,True,True,True,True,True
2017-03-28-B0403-S01-E03-T02.c3d,atletas\B0403\2017-03-28-B0403-S01\2017-03-28-B0403-S01-E03-T02.c3d,B0403,S01,E03,T02,250.0,mm,deg,N,Nmm,W,382,1679,6.716,25,B0403|B0402,B0403|B0402,0,0,True,True,True,True,True,True,True
2017-03-28-B0403-S01-E04-T01.c3d,atletas\B0403\2017-03-28-B0403-S01\2017-03-28-B0403-S01-E04-T01.c3d,B0403,S01,E04,T01,250.0,mm,deg,N,Nmm,W,382,2007,8.028,25,B0403|B0402,B0403|B0402,0,0,True,True,True,True,True,True,True
2017-03-28-B0403-S01-E04-T02.c3d,atletas\B0403\2017-03-28-B0403-S01\2017-03-28-B0403-S01-E04-T02.c3d,B0403,S01,E04,T02,250.0,mm,deg,N,Nmm,W,382,1821,7.284,25,B0403|B0402,B0403|B0402,0,0,True,True,True,True,True,True,True
2017-03-28-B0403-S02-E01-T01.c3d,atletas\B0403\2017-03-28-B0403-S02\2017-03-28-B0403-S02-E01-T01.c3d,B0403,S02,E01,T01,250.0,mm,deg,N,Nmm,W,191,1657,6.628,74,B0403,B0403,0,0,True,True,True,True,True,True,True
2017-03-28-B0403-S02-E01-T02.c3d,atletas\B0403\2017-03-28-B0403-S02\2017-03-28-B0403-S02-E01-T02.c3d,B0403,S02,E01,T02,250.0,mm,deg,N,Nmm,W,191,1896,7.584,74,B0403,B0403,0,0,True,True,True,True,True,True,True
2017-03-28-B0403-S02-E02-T01.c3d,atletas\B0403\2017-03-28-B0403-S02\2017-03-28-B0403-S02-E02-T01.c3d,B0403,S02,E02,T01,250.0,mm,deg,N,Nmm,W,195,2555,10.22,74,Tarcza|B0403,Tarcza|B0403,4,0,True,True,True,True,True,True,True
2017-03-28-B0403-S02-E02-T02.c3d,atletas\B0403\2017-03-28-B0403-S02\2017-03-28-B0403-S02-E02-T02.c3d,B0403,S02,E02,T02,250.0,mm,deg,N,Nmm,W,195,1616,6.464,74,Tarcza|B0403,Tarcza|B0403,4,0,True,True,True,True,True,True,True
2017-03-28-B0403-S02-E03-T01.c3d,atletas\B0403\2017-03-28-B0403-S02\2017-03-28-B0403-S02-E03-T01.c3d,B0403,S02,E03,T01,250.0,mm,deg,N,Nmm,W,382,2016,8.064,25,B0403|B0402,B0403|B0402,0,0,True,True,True,True,True,True,True
2017-03-28-B0403-S02-E03-T02.c3d,atletas\B0403\2017-03-28-B0403-S02\2017-03-28-B0403-S02-E03-T02.c3d,B0403,S02,E03,T02,250.0,mm,deg,N,Nmm,W,382,2160,8.64,25,B0403|B0402,B0403|B0402,0,0,True,True,True,True,True,True,True
2017-03-28-B0403-S02-E04-T01.c3d,atletas\B0403\2017-03-28-B0403-S02\2017-03-28-B0403-S02-E04-T01.c3d,B0403,S02,E04,T01,250.0,mm,deg,N,Nmm,W,382,2055,8.22,25,B0403|B0402,B0403|B0402,0,0,True,True,True,True,True,True,True
2017-03-28-B0403-S02-E04-T02.c3d,atletas\B0403\2017-03-28-B0403-S02\2017-03-28-B0403-S02-E04-T02.c3d,B0403,S02,E04,T02,250.0,mm,deg,N,Nmm,W,382,1664,6.656,25,B0403|B0402,B0403|B0402,0,0,True,True,True,True,True,True,True
2017-03-28-B0403-S03-E01-T01.c3d,atletas\B0403\2017-03-28-B0403-S03\2017-03-28-B0403-S03-E01-T01.c3d,B0403,S03,E01,T01,250.0,mm,deg,N,Nmm,W,191,1779,7.116,74,B0403,B0403,0,0,True,True,True,True,True,True,True
2017-03-28-B0403-S03-E01-T02.c3d,atletas\B0403\2017-03-28-B0403-S03\2017-03-28-B0403-S03-E01-T02.c3d,B0403,S03,E01,T02,250.0,mm,deg,N,Nmm,W,191,2091,8.364,74,B0403,B0403,0,0,True,True,True,True,True,True,True
2017-03-28-B0403-S03-E02-T01.c3d,atletas\B0403\2017-03-28-B0403-S03\2017-03-28-B0403-S03-E02-T01.c3d,B0403,S03,E02,T01,250.0,mm,deg,N,Nmm,W,195,1730,6.92,74,Tarcza|B0403,Tarcza|B0403,4,0,True,True,True,True,True,True,True
2017-03-28-B0403-S03-E02-T02.c3d,atletas\B0403\2017-03-28-B0403-S03\2017-03-28-B0403-S03-E02-T02.c3d,B0403,S03,E02,T02,250.0,mm,deg,N,Nmm,W,195,1688,6.752,74,Tarcza|B0403,Tarcza|B0403,4,0,True,True,True,True,True,True,True
2017-03-28-B0403-S03-E03-T01.c3d,atletas\B0403\2017-03-28-B0403-S03\2017-03-28-B0403-S03-E03-T01.c3d,B0403,S03,E03,T01,250.0,mm,deg,N,Nmm,W,382,1861,7.444,25,B0403|B0402,B0403|B0402,0,0,True,True,True,True,True,True,True
2017-03-28-B0403-S03-E03-T02.c3d,atletas\B0403\2017-03-28-B0403-S03\2017-03-28-B0403-S03-E03-T02.c3d,B0403,S03,E03,T02,250.0,mm,deg,N,Nmm,W,382,1810,7.24,25,B0403|B0402,B0403|B0402,0,0,True,True,True,True,True,True,True
2017-03-28-B0403-S03-E04-T01.c3d,atletas\B0403\2017-03-28-B0403-S03\2017-03-28-B0403-S03-E04-T01.c3d,B0403,S03,E04,T01,250.0,mm,deg,N,Nmm,W,382,2359,9.436,25,B0403|B0402,B0403|B0402,0,0,True,True,True,True,True,True,True
2017-03-28-B0403-S03-E04-T02.c3d,atletas\B0403\2017-03-28-B0403-S03\2017-03-28-B0403-S03-E04-T02.c3d,B0403,S03,E04,T02,250.0,mm,deg,N,Nmm,W,382,2183,8.732,25,B0403|B0402,B0403|B0402,0,0,True,True,True,True,True,True,True
2017-03-28-B0403-S04-E01-T01.c3d,atletas\B0403\2017-03-28-B0403-S04\2017-03-28-B0403-S04-E01-T01.c3d,B0403,S04,E01,T01,250.0,mm,deg,N,Nmm,W,191,1915,7.66,74,B0403,B0403,0,0,True,True,True,True,True,True,True
2017-03-28-B0403-S04-E01-T02.c3d,atletas\B0403\2017-03-28-B0403-S04\2017-03-28-B0403-S04-E01-T02.c3d,B0403,S04,E01,T02,250.0,mm,deg,N,Nmm,W,191,1622,6.488,74,B0403,B0403,0,0,True,True,True,True,True,True,True
2017-03-28-B0403-S04-E02-T01.c3d,atletas\B0403\2017-03-28-B0403-S04\2017-03-28-B0403-S04-E02-T01.c3d,B0403,S04,E02,T01,250.0,mm,deg,N,Nmm,W,195,1960,7.84,74,Tarcza|B0403,Tarcza|B0403,4,0,True,True,True,True,True,True,True
2017-03-28-B0403-S04-E02-T02.c3d,atletas\B0403\2017-03-28-B0403-S04\2017-03-28-B0403-S04-E02-T02.c3d,B0403,S04,E02,T02,250.0,mm,deg,N,Nmm,W,195,1702,6.808,74,Tarcza|B0403,Tarcza|B0403,4,0,True,True,True,True,True,True,True
2017-03-28-B0403-S04-E03-T01.c3d,atletas\B0403\2017-03-28-B0403-S04\2017-03-28-B0403-S04-E03-T01.c3d,B0403,S04,E03,T01,250.0,mm,deg,N,Nmm,W,382,1832,7.328,25,B0403|B0402,B0403|B0402,0,0,True,True,True,True,True,True,True
2017-03-28-B0403-S04-E03-T02.c3d,atletas\B0403\2017-03-28-B0403-S04\2017-03-28-B0403-S04-E03-T02.c3d,B0403,S04,E03,T02,250.0,mm,deg,N,Nmm,W,382,1786,7.144,25,B0403|B0402,B0403|B0402,0,0,True,True,True,True,True,True,True
2017-03-28-B0403-S04-E03-T03.c3d,atletas\B0403\2017-03-28-B0403-S04\2017-03-28-B0403-S04-E03-T03.c3d,B0403,S04,E03,T03,250.0,mm,deg,N,Nmm,W,382,1719,6.876,25,B0403|B0402,B0403|B0402,0,0,True,True,True,True,True,True,True
2017-03-28-B0403-S04-E04-T01.c3d,atletas\B0403\2017-03-28-B0403-S04\2017-03-28-B0403-S04-E04-T01.c3d,B0403,S04,E04,T01,250.0,mm,deg,N,Nmm,W,382,2182,8.728,25,B0403|B0402,B0403|B0402,0,0,True,True,True,True,True,True,True
2017-03-28-B0403-S04-E04-T02.c3d,atletas\B0403\2017-03-28-B0403-S04\2017-03-28-B0403-S04-E04-T02.c3d,B0403,S04,E04,T02,250.0,mm,deg,N,Nmm,W,382,2145,8.58,25,B0403|B0402,B0403|B0402,0,0,True,True,True,True,True,True,True
2017-03-28-B0403-S05-E01-T01.c3d,atletas\B0403\2017-03-28-B0403-S05\2017-03-28-B0403-S05-E01-T01.c3d,B0403,S05,E01,T01,250.0,mm,deg,N,Nmm,W,191,1879,7.516,74,B0403,B0403,0,0,True,True,True,True,True,True,True
2017-03-28-B0403-S05-E01-T02.c3d,atletas\B0403\2017-03-28-B0403-S05\2017-03-28-B0403-S05-E01-T02.c3d,B0403,S05,E01,T02,250.0,mm,deg,N,Nmm,W,191,1870,7.48,74,B0403,B0403,0,0,True,True,True,True,True,True,True
2017-03-28-B0403-S05-E02-T01.c3d,atletas\B0403\2017-03-28-B0403-S05\2017-03-28-B0403-S05-E02-T01.c3d,B0403,S05,E02,T01,250.0,mm,deg,N,Nmm,W,195,2359,9.436,74,Tarcza|B0403,Tarcza|B0403,4,0,True,True,True,True,True,True,True
2017-03-28-B0403-S05-E02-T02.c3d,atletas\B0403\2017-03-28-B0403-S05\2017-03-28-B0403-S05-E02-T02.c3d,B0403,S05,E02,T02,250.0,mm,deg,N,Nmm,W,195,1881,7.524,74,Tarcza|B0403,Tarcza|B0403,4,0,True,True,True,True,True,True,True
2017-03-28-B0403-S05-E03-T01.c3d,atletas\B0403\2017-03-28-B0403-S05\2017-03-28-B0403-S05-E03-T01.c3d,B0403,S05,E03,T01,250.0,mm,deg,N,Nmm,W,382,2869,11.476,25,B0403|B0402,B0403|B0402,0,0,True,True,True,True,True,True,True
2017-03-28-B0403-S05-E03-T02.c3d,atletas\B0403\2017-03-28-B0403-S05\2017-03-28-B0403-S05-E03-T02.c3d,B0403,S05,E03,T02,250.0,mm,deg,N,Nmm,W,382,2340,9.36,25,B0403|B0402,B0403|B0402,0,0,True,True,True,True,True,True,True
2017-03-28-B0403-S05-E04-T01.c3d,atletas\B0403\2017-03-28-B0403-S05\2017-03-28-B0403-S05-E04-T01.c3d,B0403,S05,E04,T01,250.0,mm,deg,N,Nmm,W,382,2559,10.236,25,B0403|B0402,B0403|B0402,0,0,True,True,True,True,True,True,True
2017-03-28-B0403-S05-E04-T02.c3d,atletas\B0403\2017-03-28-B0403-S05\2017-03-28-B0403-S05-E04-T02.c3d,B0403,S05,E04,T02,250.0,mm,deg,N,Nmm,W,382,2821,11.284,25,B0403|B0402,B0403|B0402,0,0,True,True,True,True,True,True,True
2017-04-04-B0404-S01-E01-T01.c3d,atletas\B0404\2017-04-04-B0404-S01\2017-04-04-B0404-S01-E01-T01.c3d,B0404,S01,E01,T01,250.0,mm,deg,N,Nmm,W,191,2950,11.8,74,B0404,B0404,0,0,True,True,True,True,True,True,True
2017-04-04-B0404-S01-E01-T02.c3d,atletas\B0404\2017-04-04-B0404-S01\2017-04-04-B0404-S01-E01-T02.c3d,B0404,S01,E01,T02,250.0,mm,deg,N,Nmm,W,191,1882,7.528,74,B0404,B0404,0,0,True,True,True,True,True,True,True
2017-04-04-B0404-S01-E02-T01.c3d,atletas\B0404\2017-04-04-B0404-S01\2017-04-04-B0404-S01-E02-T01.c3d,B0404,S01,E02,T01,250.0,mm,deg,N,Nmm,W,195,1744,6.976,74,Tarcza|B0404,Tarcza|B0404,4,0,True,True,True,True,True,True,True
2017-04-04-B0404-S01-E02-T02.c3d,atletas\B0404\2017-04-04-B0404-S01\2017-04-04-B0404-S01-E02-T02.c3d,B0404,S01,E02,T02,250.0,mm,deg,N,Nmm,W,195,1876,7.504,74,Tarcza|B0404,Tarcza|B0404,4,0,True,True,True,True,True,True,True
2017-04-04-B0404-S01-E03-T01.c3d,atletas\B0404\2017-04-04-B0404-S01\2017-04-04-B0404-S01-E03-T01.c3d,B0404,S01,E03,T01,250.0,mm,deg,N,Nmm,W,382,2233,8.932,25,B0405|B0404,B0405|B0404,0,0,True,True,True,True,True,True,True
2017-04-04-B0404-S01-E03-T02.c3d,atletas\B0404\2017-04-04-B0404-S01\2017-04-04-B0404-S01-E03-T02.c3d,B0404,S01,E03,T02,250.0,mm,deg,N,Nmm,W,382,2219,8.876,25,B0405|B0404,B0405|B0404,0,0,True,True,True,True,True,True,True
2017-04-04-B0404-S01-E04-T01.c3d,atletas\B0404\2017-04-04-B0404-S01\2017-04-04-B0404-S01-E04-T01.c3d,B0404,S01,E04,T01,250.0,mm,deg,N,Nmm,W,382,2457,9.828,25,B0405|B0404,B0405|B0404,0,0,True,True,True,True,True,True,True
2017-04-04-B0404-S01-E04-T02.c3d,atletas\B0404\2017-04-04-B0404-S01\2017-04-04-B0404-S01-E04-T02.c3d,B0404,S01,E04,T02,250.0,mm,deg,N,Nmm,W,382,2124,8.496,25,B0405|B0404,B0405|B0404,0,0,True,True,True,True,True,True,True
2017-04-04-B0404-S02-E01-T01.c3d,atletas\B0404\2017-04-04-B0404-S02\2017-04-04-B0404-S02-E01-T01.c3d,B0404,S02,E01,T01,250.0,mm,deg,N,Nmm,W,191,2111,8.444,74,B0404,B0404,0,0,True,True,True,True,True,True,True
2017-04-04-B0404-S02-E01-T02.c3d,atletas\B0404\2017-04-04-B0404-S02\2017-04-04-B0404-S02-E01-T02.c3d,B0404,S02,E01,T02,250.0,mm,deg,N,Nmm,W,191,2135,8.54,74,B0404,B0404,0,0,True,True,True,True,True,True,True
2017-04-04-B0404-S02-E02-T01.c3d,atletas\B0404\2017-04-04-B0404-S02\2017-04-04-B0404-S02-E02-T01.c3d,B0404,S02,E02,T01,250.0,mm,deg,N,Nmm,W,195,2128,8.512,74,Tarcza|B0404,Tarcza|B0404,4,0,True,True,True,True,True,True,True
2017-04-04-B0404-S02-E02-T02.c3d,atletas\B0404\2017-04-04-B0404-S02\2017-04-04-B0404-S02-E02-T02.c3d,B0404,S02,E02,T02,250.0,mm,deg,N,Nmm,W,195,2019,8.076,74,Tarcza|B0404,Tarcza|B0404,4,0,True,True,True,True,True,True,True
2017-04-04-B0404-S02-E03-T01.c3d,atletas\B0404\2017-04-04-B0404-S02\2017-04-04-B0404-S02-E03-T01.c3d,B0404,S02,E03,T01,250.0,mm,deg,N,Nmm,W,382,1903,7.612,25,B0405|B0404,B0405|B0404,0,0,True,True,True,True,True,True,True
2017-04-04-B0404-S02-E03-T02.c3d,atletas\B0404\2017-04-04-B0404-S02\2017-04-04-B0404-S02-E03-T02.c3d,B0404,S02,E03,T02,250.0,mm,deg,N,Nmm,W,382,2101,8.404,25,B0405|B0404,B0405|B0404,0,0,True,True,True,True,True,True,True
2017-04-04-B0404-S02-E04-T01.c3d,atletas\B0404\2017-04-04-B0404-S02\2017-04-04-B0404-S02-E04-T01.c3d,B0404,S02,E04,T01,250.0,mm,deg,N,Nmm,W,382,2963,11.852,25,B0405|B0404,B0405|B0404,0,0,True,True,True,True,True,True,True
2017-04-04-B0404-S02-E04-T02.c3d,atletas\B0404\2017-04-04-B0404-S02\2017-04-04-B0404-S02-E04-T02.c3d,B0404,S02,E04,T02,250.0,mm,deg,N,Nmm,W,382,2242,8.968,25,B0405|B0404,B0405|B0404,0,0,True,True,True,True,True,True,True
2017-04-04-B0404-S03-E01-T01.c3d,atletas\B0404\2017-04-04-B0404-S03\2017-04-04-B0404-S03-E01-T01.c3d,B0404,S03,E01,T01,250.0,mm,deg,N,Nmm,W,191,2045,8.18,74,B0404,B0404,0,0,True,True,True,True,True,True,True
2017-04-04-B0404-S03-E01-T02.c3d,atletas\B0404\2017-04-04-B0404-S03\2017-04-04-B0404-S03-E01-T02.c3d,B0404,S03,E01,T02,250.0,mm,deg,N,Nmm,W,191,2421,9.684,74,B0404,B0404,0,0,True,True,True,True,True,True,True
2017-04-04-B0404-S03-E02-T01.c3d,atletas\B0404\2017-04-04-B0404-S03\2017-04-04-B0404-S03-E02-T01.c3d,B0404,S03,E02,T01,250.0,mm,deg,N,Nmm,W,195,1906,7.624,74,Tarcza|B0404,Tarcza|B0404,4,0,True,True,True,True,True,True,True
2017-04-04-B0404-S03-E02-T02.c3d,atletas\B0404\2017-04-04-B0404-S03\2017-04-04-B0404-S03-E02-T02.c3d,B0404,S03,E02,T02,250.0,mm,deg,N,Nmm,W,195,3334,13.336,74,Tarcza|B0404,Tarcza|B0404,4,0,True,True,True,True,True,True,True
2017-04-04-B0404-S03-E03-T01.c3d,atletas\B0404\2017-04-04-B0404-S03\2017-04-04-B0404-S03-E03-T01.c3d,B0404,S03,E03,T01,250.0,mm,deg,N,Nmm,W,382,2238,8.952,25,B0405|B0404,B0405|B0404,0,0,True,True,True,True,True,True,True
2017-04-04-B0404-S03-E03-T02.c3d,atletas\B0404\2017-04-04-B0404-S03\2017-04-04-B0404-S03-E03-T02.c3d,B0404,S03,E03,T02,250.0,mm,deg,N,Nmm,W,382,1989,7.956,25,B0405|B0404,B0405|B0404,0,0,True,True,True,True,True,True,True
2017-04-04-B0404-S03-E04-T01.c3d,atletas\B0404\2017-04-04-B0404-S03\2017-04-04-B0404-S03-E04-T01.c3d,B0404,S03,E04,T01,250.0,mm,deg,N,Nmm,W,382,2948,11.792,25,B0405|B0404,B0405|B0404,0,0,True,True,True,True,True,True,True
2017-04-04-B0404-S03-E04-T02.c3d,atletas\B0404\2017-04-04-B0404-S03\2017-04-04-B0404-S03-E04-T02.c3d,B0404,S03,E04,T02,250.0,mm,deg,N,Nmm,W,382,2650,10.6,25,B0405|B0404,B0405|B0404,0,0,True,True,True,True,True,True,True
2017-04-04-B0404-S04-E01-T01.c3d,atletas\B0404\2017-04-04-B0404-S04\2017-04-04-B0404-S04-E01-T01.c3d,B0404,S04,E01,T01,250.0,mm,deg,N,Nmm,W,191,2234,8.936,74,B0404,B0404,0,0,True,True,True,True,True,True,True
2017-04-04-B0404-S04-E01-T02.c3d,atletas\B0404\2017-04-04-B0404-S04\2017-04-04-B0404-S04-E01-T02.c3d,B0404,S04,E01,T02,250.0,mm,deg,N,Nmm,W,191,2357,9.428,74,B0404,B0404,0,0,True,True,True,True,True,True,True
2017-04-04-B0404-S04-E02-T01.c3d,atletas\B0404\2017-04-04-B0404-S04\2017-04-04-B0404-S04-E02-T01.c3d,B0404,S04,E02,T01,250.0,mm,deg,N,Nmm,W,195,2426,9.704,74,Tarcza|B0404,Tarcza|B0404,4,0,True,True,True,True,True,True,True
2017-04-04-B0404-S04-E02-T02.c3d,atletas\B0404\2017-04-04-B0404-S04\2017-04-04-B0404-S04-E02-T02.c3d,B0404,S04,E02,T02,250.0,mm,deg,N,Nmm,W,195,2176,8.704,74,Tarcza|B0404,Tarcza|B0404,4,0,True,True,True,True,True,True,True
2017-04-04-B0404-S04-E03-T01.c3d,atletas\B0404\2017-04-04-B0404-S04\2017-04-04-B0404-S04-E03-T01.c3d,B0404,S04,E03,T01,250.0,mm,deg,N,Nmm,W,382,2346,9.384,25,B0405|B0404,B0405|B0404,0,0,True,True,True,True,True,True,True
2017-04-04-B0404-S04-E03-T02.c3d,atletas\B0404\2017-04-04-B0404-S04\2017-04-04-B0404-S04-E03-T02.c3d,B0404,S04,E03,T02,250.0,mm,deg,N,Nmm,W,382,2184,8.736,25,B0405|B0404,B0405|B0404,0,0,True,True,True,True,True,True,True
2017-04-04-B0404-S04-E04-T01.c3d,atletas\B0404\2017-04-04-B0404-S04\2017-04-04-B0404-S04-E04-T01.c3d,B0404,S04,E04,T01,250.0,mm,deg,N,Nmm,W,382,2021,8.084,25,B0405|B0404,B0405|B0404,0,0,True,True,True,True,True,True,True
2017-04-04-B0404-S04-E04-T02.c3d,atletas\B0404\2017-04-04-B0404-S04\2017-04-04-B0404-S04-E04-T02.c3d,B0404,S04,E04,T02,250.0,mm,deg,N,Nmm,W,382,2239,8.956,25,B0405|B0404,B0405|B0404,0,0,True,True,True,True,True,True,True
2017-04-04-B0404-S05-E01-T01.c3d,atletas\B0404\2017-04-04-B0404-S05\2017-04-04-B0404-S05-E01-T01.c3d,B0404,S05,E01,T01,250.0,mm,deg,N,Nmm,W,191,3202,12.808,74,B0404,B0404,0,0,True,True,True,True,True,True,True
2017-04-04-B0404-S05-E01-T02.c3d,atletas\B0404\2017-04-04-B0404-S05\2017-04-04-B0404-S05-E01-T02.c3d,B0404,S05,E01,T02,250.0,mm,deg,N,Nmm,W,191,3597,14.388,74,B0404,B0404,0,0,True,True,True,True,True,True,True
2017-04-04-B0404-S05-E02-T01.c3d,atletas\B0404\2017-04-04-B0404-S05\2017-04-04-B0404-S05-E02-T01.c3d,B0404,S05,E02,T01,250.0,mm,deg,N,Nmm,W,195,3812,15.248,74,Tarcza|B0404,Tarcza|B0404,4,0,True,True,True,True,True,True,True
2017-04-04-B0404-S05-E02-T02.c3d,atletas\B0404\2017-04-04-B0404-S05\2017-04-04-B0404-S05-E02-T02.c3d,B0404,S05,E02,T02,250.0,mm,deg,N,Nmm,W,195,4193,16.772,74,Tarcza|B0404,Tarcza|B0404,4,0,True,True,True,True,True,True,True
2017-04-04-B0404-S05-E03-T01.c3d,atletas\B0404\2017-04-04-B0404-S05\2017-04-04-B0404-S05-E03-T01.c3d,B0404,S05,E03,T01,250.0,mm,deg,N,Nmm,W,382,4951,19.804,25,B0405|B0404,B0405|B0404,0,0,True,True,True,True,True,True,True
2017-04-04-B0404-S05-E03-T02.c3d,atletas\B0404\2017-04-04-B0404-S05\2017-04-04-B0404-S05-E03-T02.c3d,B0404,S05,E03,T02,250.0,mm,deg,N,Nmm,W,382,4113,16.452,25,B0405|B0404,B0405|B0404,0,0,True,True,True,True,True,True,True
2017-04-04-B0404-S05-E04-T01.c3d,atletas\B0404\2017-04-04-B0404-S05\2017-04-04-B0404-S05-E04-T01.c3d,B0404,S05,E04,T01,250.0,mm,deg,N,Nmm,W,382,3595,14.38,25,B0405|B0404,B0405|B0404,0,0,True,True,True,True,True,True,True
2017-04-04-B0404-S05-E04-T02.c3d,atletas\B0404\2017-04-04-B0404-S05\2017-04-04-B0404-S05-E04-T02.c3d,B0404,S05,E04,T02,250.0,mm,deg,N,Nmm,W,382,3259,13.036,25,B0405|B0404,B0405|B0404,0,0,True,True,True,True,True,True,True
2017-04-04-B0405-S01-E01-T01.c3d,atletas\B0405\2017-04-04-B0405-S01\2017-04-04-B0405-S01-E01-T01.c3d,B0405,S01,E01,T01,250.0,mm,deg,N,Nmm,W,191,2450,9.8,74,B0405,B0405,0,0,True,True,True,True,True,True,True
2017-04-04-B0405-S01-E01-T02.c3d,atletas\B0405\2017-04-04-B0405-S01\2017-04-04-B0405-S01-E01-T02.c3d,B0405,S01,E01,T02,250.0,mm,deg,N,Nmm,W,191,2160,8.64,74,B0405,B0405,0,0,True,True,True,True,True,True,True
2017-04-04-B0405-S01-E02-T01.c3d,atletas\B0405\2017-04-04-B0405-S01\2017-04-04-B0405-S01-E02-T01.c3d,B0405,S01,E02,T01,250.0,mm,deg,N,Nmm,W,195,2179,8.716,74,Tarcza|B0405,Tarcza|B0405,4,0,True,True,True,True,True,True,True
2017-04-04-B0405-S01-E02-T02.c3d,atletas\B0405\2017-04-04-B0405-S01\2017-04-04-B0405-S01-E02-T02.c3d,B0405,S01,E02,T02,250.0,mm,deg,N,Nmm,W,195,1918,7.672,74,Tarcza|B0405,Tarcza|B0405,4,0,True,True,True,True,True,True,True
2017-04-04-B0405-S01-E03-T01.c3d,atletas\B0405\2017-04-04-B0405-S01\2017-04-04-B0405-S01-E03-T01.c3d,B0405,S01,E03,T01,250.0,mm,deg,N,Nmm,W,382,2457,9.828,25,B0405|B0404,B0405|B0404,0,0,True,True,True,True,True,True,True
2017-04-04-B0405-S01-E03-T02.c3d,atletas\B0405\2017-04-04-B0405-S01\2017-04-04-B0405-S01-E03-T02.c3d,B0405,S01,E03,T02,250.0,mm,deg,N,Nmm,W,382,2124,8.496,25,B0405|B0404,B0405|B0404,0,0,True,True,True,True,True,True,True
2017-04-04-B0405-S01-E04-T01.c3d,atletas\B0405\2017-04-04-B0405-S01\2017-04-04-B0405-S01-E04-T01.c3d,B0405,S01,E04,T01,250.0,mm,deg,N,Nmm,W,382,2233,8.932,25,B0405|B0404,B0405|B0404,0,0,True,True,True,True,True,True,True
2017-04-04-B0405-S01-E04-T02.c3d,atletas\B0405\2017-04-04-B0405-S01\2017-04-04-B0405-S01-E04-T02.c3d,B0405,S01,E04,T02,250.0,mm,deg,N,Nmm,W,382,2219,8.876,25,B0405|B0404,B0405|B0404,0,0,True,True,True,True,True,True,True
2017-04-04-B0405-S02-E01-T01.c3d,atletas\B0405\2017-04-04-B0405-S02\2017-04-04-B0405-S02-E01-T01.c3d,B0405,S02,E01,T01,250.0,mm,deg,N,Nmm,W,191,2049,8.196,74,B0405,B0405,0,0,True,True,True,True,True,True,True
2017-04-04-B0405-S02-E01-T02.c3d,atletas\B0405\2017-04-04-B0405-S02\2017-04-04-B0405-S02-E01-T02.c3d,B0405,S02,E01,T02,250.0,mm,deg,N,Nmm,W,191,1844,7.376,74,B0405,B0405,0,0,True,True,True,True,True,True,True
2017-04-04-B0405-S02-E02-T01.c3d,atletas\B0405\2017-04-04-B0405-S02\2017-04-04-B0405-S02-E02-T01.c3d,B0405,S02,E02,T01,250.0,mm,deg,N,Nmm,W,195,2294,9.176,74,Tarcza|B0405,Tarcza|B0405,4,0,True,True,True,True,True,True,True
2017-04-04-B0405-S02-E02-T02.c3d,atletas\B0405\2017-04-04-B0405-S02\2017-04-04-B0405-S02-E02-T02.c3d,B0405,S02,E02,T02,250.0,mm,deg,N,Nmm,W,195,2451,9.804,74,Tarcza|B0405,Tarcza|B0405,4,0,True,True,True,True,True,True,True
2017-04-04-B0405-S02-E03-T01.c3d,atletas\B0405\2017-04-04-B0405-S02\2017-04-04-B0405-S02-E03-T01.c3d,B0405,S02,E03,T01,250.0,mm,deg,N,Nmm,W,382,2963,11.852,25,B0405|B0404,B0405|B0404,0,0,True,True,True,True,True,True,True
2017-04-04-B0405-S02-E03-T02.c3d,atletas\B0405\2017-04-04-B0405-S02\2017-04-04-B0405-S02-E03-T02.c3d,B0405,S02,E03,T02,250.0,mm,deg,N,Nmm,W,382,2242,8.968,25,B0405|B0404,B0405|B0404,0,0,True,True,True,True,True,True,True
2017-04-04-B0405-S02-E04-T01.c3d,atletas\B0405\2017-04-04-B0405-S02\2017-04-04-B0405-S02-E04-T01.c3d,B0405,S02,E04,T01,250.0,mm,deg,N,Nmm,W,382,1903,7.612,25,B0405|B0404,B0405|B0404,0,0,True,True,True,True,True,True,True
2017-04-04-B0405-S02-E04-T02.c3d,atletas\B0405\2017-04-04-B0405-S02\2017-04-04-B0405-S02-E04-T02.c3d,B0405,S02,E04,T02,250.0,mm,deg,N,Nmm,W,382,2101,8.404,25,B0405|B0404,B0405|B0404,0,0,True,True,True,True,True,True,True
2017-04-04-B0405-S03-E01-T01.c3d,atletas\B0405\2017-04-04-B0405-S03\2017-04-04-B0405-S03-E01-T01.c3d,B0405,S03,E01,T01,250.0,mm,deg,N,Nmm,W,191,2310,9.24,74,B0405,B0405,0,0,True,True,True,True,True,True,True
2017-04-04-B0405-S03-E01-T02.c3d,atletas\B0405\2017-04-04-B0405-S03\2017-04-04-B0405-S03-E01-T02.c3d,B0405,S03,E01,T02,250.0,mm,deg,N,Nmm,W,191,1893,7.572,74,B0405,B0405,0,0,True,True,True,True,True,True,True
2017-04-04-B0405-S03-E02-T01.c3d,atletas\B0405\2017-04-04-B0405-S03\2017-04-04-B0405-S03-E02-T01.c3d,B0405,S03,E02,T01,250.0,mm,deg,N,Nmm,W,195,2779,11.116,74,Tarcza|B0405,Tarcza|B0405,4,0,True,True,True,True,True,True,True
2017-04-04-B0405-S03-E02-T02.c3d,atletas\B0405\2017-04-04-B0405-S03\2017-04-04-B0405-S03-E02-T02.c3d,B0405,S03,E02,T02,250.0,mm,deg,N,Nmm,W,195,1925,7.7,74,Tarcza|B0405,Tarcza|B0405,4,0,True,True,True,True,True,True,True
2017-04-04-B0405-S03-E03-T01.c3d,atletas\B0405\2017-04-04-B0405-S03\2017-04-04-B0405-S03-E03-T01.c3d,B0405,S03,E03,T01,250.0,mm,deg,N,Nmm,W,382,2948,11.792,25,B0405|B0404,B0405|B0404,0,0,True,True,True,True,True,True,True
2017-04-04-B0405-S03-E03-T02.c3d,atletas\B0405\2017-04-04-B0405-S03\2017-04-04-B0405-S03-E03-T02.c3d,B0405,S03,E03,T02,250.0,mm,deg,N,Nmm,W,382,2650,10.6,25,B0405|B0404,B0405|B0404,0,0,True,True,True,True,True,True,True
2017-04-04-B0405-S03-E04-T01.c3d,atletas\B0405\2017-04-04-B0405-S03\2017-04-04-B0405-S03-E04-T01.c3d,B0405,S03,E04,T01,250.0,mm,deg,N,Nmm,W,382,2238,8.952,25,B0405|B0404,B0405|B0404,0,0,True,True,True,True,True,True,True
2017-04-04-B0405-S03-E04-T02.c3d,atletas\B0405\2017-04-04-B0405-S03\2017-04-04-B0405-S03-E04-T02.c3d,B0405,S03,E04,T02,250.0,mm,deg,N,Nmm,W,382,1989,7.956,25,B0405|B0404,B0405|B0404,0,0,True,True,True,True,True,True,True
2017-04-04-B0405-S04-E01-T01.c3d,atletas\B0405\2017-04-04-B0405-S04\2017-04-04-B0405-S04-E01-T01.c3d,B0405,S04,E01,T01,250.0,mm,deg,N,Nmm,W,191,3104,12.416,74,B0405,B0405,0,0,True,True,True,True,True,True,True
2017-04-04-B0405-S04-E01-T02.c3d,atletas\B0405\2017-04-04-B0405-S04\2017-04-04-B0405-S04-E01-T02.c3d,B0405,S04,E01,T02,250.0,mm,deg,N,Nmm,W,191,2192,8.768,74,B0405,B0405,0,0,True,True,True,True,True,True,True
2017-04-04-B0405-S04-E02-T01.c3d,atletas\B0405\2017-04-04-B0405-S04\2017-04-04-B0405-S04-E02-T01.c3d,B0405,S04,E02,T01,250.0,mm,deg,N,Nmm,W,195,2242,8.968,74,Tarcza|B0405,Tarcza|B0405,4,0,True,True,True,True,True,True,True
2017-04-04-B0405-S04-E02-T02.c3d,atletas\B0405\2017-04-04-B0405-S04\2017-04-04-B0405-S04-E02-T02.c3d,B0405,S04,E02,T02,250.0,mm,deg,N,Nmm,W,195,2725,10.9,74,Tarcza|B0405,Tarcza|B0405,4,0,True,True,True,True,True,True,True
2017-04-04-B0405-S04-E03-T01.c3d,atletas\B0405\2017-04-04-B0405-S04\2017-04-04-B0405-S04-E03-T01.c3d,B0405,S04,E03,T01,250.0,mm,deg,N,Nmm,W,382,2021,8.084,25,B0405|B0404,B0405|B0404,0,0,True,True,True,True,True,True,True
2017-04-04-B0405-S04-E03-T02.c3d,atletas\B0405\2017-04-04-B0405-S04\2017-04-04-B0405-S04-E03-T02.c3d,B0405,S04,E03,T02,250.0,mm,deg,N,Nmm,W,382,2239,8.956,25,B0405|B0404,B0405|B0404,0,0,True,True,True,True,True,True,True
2017-04-04-B0405-S04-E04-T01.c3d,atletas\B0405\2017-04-04-B0405-S04\2017-04-04-B0405-S04-E04-T01.c3d,B0405,S04,E04,T01,250.0,mm,deg,N,Nmm,W,382,2346,9.384,25,B0405|B0404,B0405|B0404,0,0,True,True,True,True,True,True,True
2017-04-04-B0405-S04-E04-T02.c3d,atletas\B0405\2017-04-04-B0405-S04\2017-04-04-B0405-S04-E04-T02.c3d,B0405,S04,E04,T02,250.0,mm,deg,N,Nmm,W,382,2184,8.736,25,B0405|B0404,B0405|B0404,0,0,True,True,True,True,True,True,True
2017-04-04-B0405-S05-E01-T01.c3d,atletas\B0405\2017-04-04-B0405-S05\2017-04-04-B0405-S05-E01-T01.c3d,B0405,S05,E01,T01,250.0,mm,deg,N,Nmm,W,191,2947,11.788,74,B0405,B0405,0,0,True,True,True,True,True,True,True
2017-04-04-B0405-S05-E01-T02.c3d,atletas\B0405\2017-04-04-B0405-S05\2017-04-04-B0405-S05-E01-T02.c3d,B0405,S05,E01,T02,250.0,mm,deg,N,Nmm,W,191,2993,11.972,74,B0405,B0405,0,0,True,True,True,True,True,True,True
2017-04-04-B0405-S05-E02-T01.c3d,atletas\B0405\2017-04-04-B0405-S05\2017-04-04-B0405-S05-E02-T01.c3d,B0405,S05,E02,T01,250.0,mm,deg,N,Nmm,W,195,5300,21.2,74,Tarcza|B0405,Tarcza|B0405,4,0,True,True,True,True,True,True,True
2017-04-04-B0405-S05-E02-T02.c3d,atletas\B0405\2017-04-04-B0405-S05\2017-04-04-B0405-S05-E02-T02.c3d,B0405,S05,E02,T02,250.0,mm,deg,N,Nmm,W,195,3069,12.276,74,Tarcza|B0405,Tarcza|B0405,4,0,True,True,True,True,True,True,True
2017-04-04-B0405-S05-E03-T01.c3d,atletas\B0405\2017-04-04-B0405-S05\2017-04-04-B0405-S05-E03-T01.c3d,B0405,S05,E03,T01,250.0,mm,deg,N,Nmm,W,382,3595,14.38,25,B0405|B0404,B0405|B0404,0,0,True,True,True,True,True,True,True
2017-04-04-B0405-S05-E03-T02.c3d,atletas\B0405\2017-04-04-B0405-S05\2017-04-04-B0405-S05-E03-T02.c3d,B0405,S05,E03,T02,250.0,mm,deg,N,Nmm,W,382,3259,13.036,25,B0405|B0404,B0405|B0404,0,0,True,True,True,True,True,True,True
2017-04-04-B0405-S05-E04-T01.c3d,atletas\B0405\2017-04-04-B0405-S05\2017-04-04-B0405-S05-E04-T01.c3d,B0405,S05,E04,T01,250.0,mm,deg,N,Nmm,W,382,4951,19.804,25,B0405|B0404,B0405|B0404,0,0,True,True,True,True,True,True,True
2017-04-04-B0405-S05-E04-T02.c3d,atletas\B0405\2017-04-04-B0405-S05\2017-04-04-B0405-S05-E04-T02.c3d,B0405,S05,E04,T02,250.0,mm,deg,N,Nmm,W,382,4113,16.452,25,B0405|B0404,B0405|B0404,0,0,True,True,True,True,True,True,True
