athlete,file_name,technique,condition,trial,n_subjects,role,subjects
B0367,2017-01-31-B0367-S01-E01-T01.c3d,S01,E01,T01,1,single,B0367
B0367,2017-01-31-B0367-S01-E02-T01.c3d,S01,E02,T01,2,multi_subject,Tarcza|B0367
B0367,2017-01-31-B0367-S01-E02-T02.c3d,S01,E02,T02,2,multi_subject,Tarcza|B0367
B0367,2017-01-31-B0367-S01-E04-T01.c3d,S01,E04,T01,2,multi_subject,B0368|B0367
B0367,2017-01-31-B0367-S01-E04-T02.c3d,S01,E04,T02,2,multi_subject,B0368|B0367
B0367,2017-01-31-B0367-S02-E01-T01.c3d,S02,E01,T01,1,single,B0367
B0367,2017-01-31-B0367-S02-E01-T02.c3d,S02,E01,T02,1,single,B0367
B0367,2017-01-31-B0367-S02-E02-T01.c3d,S02,E02,T01,2,multi_subject,Tarcza|B0367
B0367,2017-01-31-B0367-S02-E02-T02.c3d,S02,E02,T02,2,multi_subject,Tarcza|B0367
B0367,2017-01-31-B0367-S02-E04-T01.c3d,S02,E04,T01,2,multi_subject,B0368|B0367
B0367,2017-01-31-B0367-S02-E04-T02.c3d,S02,E04,T02,2,multi_subject,B0368|B0367
B0367,2017-01-31-B0367-S03-E01-T01.c3d,S03,E01,T01,1,single,B0367
B0367,2017-01-31-B0367-S03-E01-T02.c3d,S03,E01,T02,1,single,B0367
B0367,2017-01-31-B0367-S03-E02-T01.c3d,S03,E02,T01,2,multi_subject,Tarcza|B0367
B0367,2017-01-31-B0367-S03-E02-T02.c3d,S03,E02,T02,2,multi_subject,Tarcza|B0367
B0367,2017-01-31-B0367-S03-E04-T01.c3d,S03,E04,T01,2,multi_subject,B0367|B0368
B0367,2017-01-31-B0367-S03-E04-T02.c3d,S03,E04,T02,2,multi_subject,B0367|B0368
B0367,2017-01-31-B0367-S04-E01-T01.c3d,S04,E01,T01,1,single,B0367
B0367,2017-01-31-B0367-S04-E01-T02.c3d,S04,E01,T02,1,single,B0367
B0367,2017-01-31-B0367-S04-E02-T01.c3d,S04,E02,T01,2,multi_subject,Tarcza|B0367
B0367,2017-01-31-B0367-S04-E02-T02.c3d,S04,E02,T02,2,multi_subject,Tarcza|B0367
B0367,2017-01-31-B0367-S04-E04-T01.c3d,S04,E04,T01,2,multi_subject,B0367|B0368
B0367,2017-01-31-B0367-S04-E04-T02.c3d,S04,E04,T02,2,multi_subject,B0367|B0368
B0367,2017-01-31-B0367-S05-E01-T01.c3d,S05,E01,T01,1,single,B0367
B0367,2017-01-31-B0367-S05-E01-T02.c3d,S05,E01,T02,1,single,B0367
B0367,2017-01-31-B0367-S05-E02-T01.c3d,S05,E02,T01,2,multi_subject,Tarcza|B0367
B0368,2017-01-31-B0368-S01-E01-T01.c3d,S01,E01,T01,1,single,B0368
B0368,2017-01-31-B0368-S01-E01-T02.c3d,S01,E01,T02,1,single,B0368
B0368,2017-01-31-B0368-S01-E01-T03.c3d,S01,E01,T03,1,single,B0368
B0368,2017-01-31-B0368-S01-E02-T01.c3d,S01,E02,T01,2,multi_subject,Tarcza|B0368
B0368,2017-01-31-B0368-S01-E02-T02.c3d,S01,E02,T02,2,multi_subject,Tarcza|B0368
B0368,2017-01-31-B0368-S02-E01-T01.c3d,S02,E01,T01,1,single,B0368
B0368,2017-01-31-B0368-S02-E01-T02.c3d,S02,E01,T02,1,single,B0368
B0368,2017-01-31-B0368-S02-E02-T01.c3d,S02,E02,T01,2,multi_subject,Tarcza|B0368
B0368,2017-01-31-B0368-S02-E02-T02.c3d,S02,E02,T02,2,multi_subject,Tarcza|B0368
B0368,2017-01-31-B0368-S03-E01-T01.c3d,S03,E01,T01,1,single,B0368
B0368,2017-01-31-B0368-S03-E01-T02.c3d,S03,E01,T02,1,single,B0368
B0368,2017-01-31-B0368-S03-E02-T01.c3d,S03,E02,T01,2,multi_subject,Tarcza|B0368
B0368,2017-01-31-B0368-S03-E02-T02.c3d,S03,E02,T02,2,multi_subject,Tarcza|B0368
B0368,2017-01-31-B0368-S04-E01-T01.c3d,S04,E01,T01,1,single,B0368
B0368,2017-01-31-B0368-S04-E01-T02.c3d,S04,E01,T02,1,single,B0368
B0368,2017-01-31-B0368-S04-E02-T01.c3d,S04,E02,T01,2,multi_subject,Tarcza|B0368
B0368,2017-01-31-B0368-S04-E02-T02.c3d,S04,E02,T02,2,multi_subject,Tarcza|B0368
B0368,2017-01-31-B0368-S05-E01-T01.c3d,S05,E01,T01,1,single,B0368
B0368,2017-01-31-B0368-S05-E01-T02.c3d,S05,E01,T02,1,single,B0368
B0368,2017-01-31-B0368-S05-E02-T01.c3d,S05,E02,T01,2,multi_subject,Tarcza|B0368
B0368,2017-01-31-B0368-S05-E02-T02.c3d,S05,E02,T02,2,multi_subject,Tarcza|B0368
B0369,2017-01-31-B0369-S01-E01-T01.c3d,S01,E01,T01,1,single,B0369
B0369,2017-01-31-B0369-S01-E01-T02.c3d,S01,E01,T02,1,single,B0369
B0369,2017-01-31-B0369-S01-E02-T01.c3d,S01,E02,T01,2,multi_subject,Tarcza|B0369
B0369,2017-01-31-B0369-S01-E02-T02.c3d,S01,E02,T02,2,multi_subject,Tarcza|B0369
B0369,2017-01-31-B0369-S01-E04-T01.c3d,S01,E04,T01,2,multi_subject,B0370|B0369
B0369,2017-01-31-B0369-S01-E04-T02.c3d,S01,E04,T02,2,multi_subject,B0370|B0369
B0369,2017-01-31-B0369-S02-E01-T01.c3d,S02,E01,T01,1,single,B0369
B0369,2017-01-31-B0369-S02-E01-T02.c3d,S02,E01,T02,1,single,B0369
B0369,2017-01-31-B0369-S02-E02-T01.c3d,S02,E02,T01,2,multi_subject,Tarcza|B0369
B0369,2017-01-31-B0369-S02-E02-T02.c3d,S02,E02,T02,2,multi_subject,Tarcza|B0369
B0369,2017-01-31-B0369-S02-E04-T01.c3d,S02,E04,T01,2,multi_subject,B0370|B0369
B0369,2017-01-31-B0369-S02-E04-T02.c3d,S02,E04,T02,2,multi_subject,B0370|B0369
B0369,2017-01-31-B0369-S03-E01-T01.c3d,S03,E01,T01,1,single,B0369
B0369,2017-01-31-B0369-S03-E01-T02.c3d,S03,E01,T02,1,single,B0369
B0369,2017-01-31-B0369-S03-E02-T01.c3d,S03,E02,T01,2,multi_subject,Tarcza|B0369
B0369,2017-01-31-B0369-S03-E02-T02.c3d,S03,E02,T02,2,multi_subject,Tarcza|B0369
B0369,2017-01-31-B0369-S03-E04-T01.c3d,S03,E04,T01,2,multi_subject,B0370|B0369
B0369,2017-01-31-B0369-S03-E04-T02.c3d,S03,E04,T02,2,multi_subject,B0370|B0369
B0369,2017-01-31-B0369-S04-E01-T01.c3d,S04,E01,T01,1,single,B0369
B0369,2017-01-31-B0369-S04-E01-T02.c3d,S04,E01,T02,1,single,B0369
B0369,2017-01-31-B0369-S04-E02-T01.c3d,S04,E02,T01,2,multi_subject,Tarcza|B0369
B0369,2017-01-31-B0369-S04-E02-T02.c3d,S04,E02,T02,2,multi_subject,Tarcza|B0369
B0369,2017-01-31-B0369-S04-E04-T01.c3d,S04,E04,T01,2,multi_subject,B0370|B0369
B0369,2017-01-31-B0369-S04-E04-T02.c3d,S04,E04,T02,2,multi_subject,B0370|B0369
B0369,2017-01-31-B0369-S05-E01-T01.c3d,S05,E01,T01,1,single,B0369
B0369,2017-01-31-B0369-S05-E01-T02.c3d,S05,E01,T02,1,single,B0369
B0369,2017-01-31-B0369-S05-E02-T01.c3d,S05,E02,T01,2,multi_subject,Tarcza|B0369
B0369,2017-01-31-B0369-S05-E02-T02.c3d,S05,E02,T02,2,multi_subject,Tarcza|B0369
B0370,2017-01-31-B0370-S01-E01-T01.c3d,S01,E01,T01,1,single,B0370
B0370,2017-01-31-B0370-S01-E01-T02.c3d,S01,E01,T02,1,single,B0370
B0370,2017-01-31-B0370-S01-E02-T01.c3d,S01,E02,T01,2,multi_subject,Tarcza|B0370
B0370,2017-01-31-B0370-S01-E02-T02.c3d,S01,E02,T02,2,multi_subject,Tarcza|B0370
B0370,2017-01-31-B0370-S02-E01-T01.c3d,S02,E01,T01,1,single,B0370
B0370,2017-01-31-B0370-S02-E01-T02.c3d,S02,E01,T02,1,single,B0370
B0370,2017-01-31-B0370-S02-E02-T01.c3d,S02,E02,T01,2,multi_subject,Tarcza|B0370
B0370,2017-01-31-B0370-S02-E02-T02.c3d,S02,E02,T02,2,multi_subject,Tarcza|B0370
B0370,2017-01-31-B0370-S03-E01-T01.c3d,S03,E01,T01,1,single,B0370
B0370,2017-01-31-B0370-S03-E01-T02.c3d,S03,E01,T02,1,single,B0370
B0370,2017-01-31-B0370-S03-E02-T01.c3d,S03,E02,T01,2,multi_subject,Tarcza|B0370
B0370,2017-01-31-B0370-S03-E02-T02.c3d,S03,E02,T02,2,multi_subject,Tarcza|B0370
B0370,2017-01-31-B0370-S04-E01-T01.c3d,S04,E01,T01,1,single,B0370
B0370,2017-01-31-B0370-S04-E01-T02.c3d,S04,E01,T02,1,single,B0370
B0370,2017-01-31-B0370-S04-E02-T01.c3d,S04,E02,T01,2,multi_subject,Tarcza|B0370
B0370,2017-01-31-B0370-S04-E02-T02.c3d,S04,E02,T02,2,multi_subject,Tarcza|B0370
B0371,2017-02-20-B0371-S01-E01-T01.c3d,S01,E01,T01,1,single,B0371
B0371,2017-02-20-B0371-S01-E01-T02.c3d,S01,E01,T02,1,single,B0371
B0371,2017-02-20-B0371-S01-E02-T01.c3d,S01,E02,T01,2,multi_subject,Tarcza|B0371
B0371,2017-02-20-B0371-S01-E02-T02.c3d,S01,E02,T02,2,multi_subject,Tarcza|B0371
B0371,2017-02-20-B0371-S01-E03-T01.c3d,S01,E03,T01,2,multi_subject,B0371|B0372
B0371,2017-02-20-B0371-S01-E03-T02.c3d,S01,E03,T02,2,multi_subject,B0371|B0372
B0371,2017-02-20-B0371-S02-E01-T01.c3d,S02,E01,T01,1,single,B0371
B0371,2017-02-20-B0371-S02-E01-T02.c3d,S02,E01,T02,1,single,B0371
B0371,2017-02-20-B0371-S02-E02-T01.c3d,S02,E02,T01,2,multi_subject,Tarcza|B0371
B0371,2017-02-20-B0371-S02-E02-T02.c3d,S02,E02,T02,2,multi_subject,Tarcza|B0371
B0371,2017-02-20-B0371-S02-E03-T01.c3d,S02,E03,T01,2,multi_subject,B0371|B0372
B0371,2017-02-20-B0371-S02-E03-T02.c3d,S02,E03,T02,2,multi_subject,B0371|B0372
B0371,2017-02-20-B0371-S03-E01-T01.c3d,S03,E01,T01,1,single,B0371
B0371,2017-02-20-B0371-S03-E01-T02.c3d,S03,E01,T02,1,single,B0371
B0371,2017-02-20-B0371-S03-E02-T01.c3d,S03,E02,T01,2,multi_subject,Tarcza|B0371
B0371,2017-02-20-B0371-S03-E02-T02.c3d,S03,E02,T02,2,multi_subject,Tarcza|B0371
B0371,2017-02-20-B0371-S03-E03-T01.c3d,S03,E03,T01,2,multi_subject,B0371|B0372
B0371,2017-02-20-B0371-S03-E03-T02.c3d,S03,E03,T02,2,multi_subject,B0371|B0372
B0371,2017-02-20-B0371-S04-E01-T01.c3d,S04,E01,T01,1,single,B0371
B0371,2017-02-20-B0371-S04-E01-T02.c3d,S04,E01,T02,1,single,B0371
B0371,2017-02-20-B0371-S04-E02-T01.c3d,S04,E02,T01,2,multi_subject,Tarcza|B0371
B0371,2017-02-20-B0371-S04-E02-T02.c3d,S04,E02,T02,2,multi_subject,Tarcza|B0371
B0371,2017-02-20-B0371-S04-E03-T01.c3d,S04,E03,T01,2,multi_subject,B0371|B0372
B0371,2017-02-20-B0371-S04-E03-T02.c3d,S04,E03,T02,2,multi_subject,B0371|B0372
B0371,2017-02-20-B0371-S05-E01-T01.c3d,S05,E01,T01,1,single,B0371
B0371,2017-02-20-B0371-S05-E01-T02.c3d,S05,E01,T02,1,single,B0371
B0371,2017-02-20-B0371-S05-E02-T01.c3d,S05,E02,T01,2,multi_subject,Tarcza|B0371
B0371,2017-02-20-B0371-S05-E02-T02.c3d,S05,E02,T02,2,multi_subject,Tarcza|B0371
B0371,2017-02-20-B0371-S05-E03-T01.c3d,S05,E03,T01,2,multi_subject,B0371|B0372
B0371,2017-02-20-B0371-S05-E03-T02.c3d,S05,E03,T02,2,multi_subject,B0371|B0372
B0372,2017-02-20-B0372-S01-E01-T01.c3d,S01,E01,T01,1,single,B0372
B0372,2017-02-20-B0372-S01-E01-T02.c3d,S01,E01,T02,1,single,B0372
B0372,2017-02-20-B0372-S01-E02-T01.c3d,S01,E02,T01,2,multi_subject,Tarcza|B0372
B0372,2017-02-20-B0372-S01-E02-T02.c3d,S01,E02,T02,2,multi_subject,Tarcza|B0372
B0372,2017-02-20-B0372-S01-E03-T01.c3d,S01,E03,T01,2,multi_subject,B0373|B0372
B0372,2017-02-20-B0372-S01-E03-T02.c3d,S01,E03,T02,2,multi_subject,B0373|B0372
B0372,2017-02-20-B0372-S01-E04-T01.c3d,S01,E04,T01,2,multi_subject,B0371|B0372
B0372,2017-02-20-B0372-S01-E04-T02.c3d,S01,E04,T02,2,multi_subject,B0371|B0372
B0372,2017-02-20-B0372-S02-E01-T01.c3d,S02,E01,T01,1,single,B0372
B0372,2017-02-20-B0372-S02-E01-T02.c3d,S02,E01,T02,1,single,B0372
B0372,2017-02-20-B0372-S02-E02-T01.c3d,S02,E02,T01,2,multi_subject,Tarcza|B0372
B0372,2017-02-20-B0372-S02-E02-T02.c3d,S02,E02,T02,2,multi_subject,Tarcza|B0372
B0372,2017-02-20-B0372-S02-E03-T01.c3d,S02,E03,T01,2,multi_subject,B0373|B0372
B0372,2017-02-20-B0372-S02-E03-T02.c3d,S02,E03,T02,2,multi_subject,B0373|B0372
B0372,2017-02-20-B0372-S02-E04-T01.c3d,S02,E04,T01,2,multi_subject,B0371|B0372
B0372,2017-02-20-B0372-S02-E04-T02.c3d,S02,E04,T02,2,multi_subject,B0371|B0372
B0372,2017-02-20-B0372-S03-E01-T01.c3d,S03,E01,T01,1,single,B0372
B0372,2017-02-20-B0372-S03-E01-T02.c3d,S03,E01,T02,1,single,B0372
B0372,2017-02-20-B0372-S03-E02-T01.c3d,S03,E02,T01,2,multi_subject,Tarcza|B0372
B0372,2017-02-20-B0372-S03-E02-T02.c3d,S03,E02,T02,2,multi_subject,Tarcza|B0372
B0372,2017-02-20-B0372-S03-E03-T01.c3d,S03,E03,T01,2,multi_subject,B0373|B0372
B0372,2017-02-20-B0372-S03-E03-T02.c3d,S03,E03,T02,2,multi_subject,B0373|B0372
B0372,2017-02-20-B0372-S03-E04-T01.c3d,S03,E04,T01,2,multi_subject,B0371|B0372
B0372,2017-02-20-B0372-S03-E04-T02.c3d,S03,E04,T02,2,multi_subject,B0371|B0372
B0372,2017-02-20-B0372-S04-E01-T01.c3d,S04,E01,T01,1,single,B0372
B0372,2017-02-20-B0372-S04-E01-T02.c3d,S04,E01,T02,1,single,B0372
B0372,2017-02-20-B0372-S04-E02-T01.c3d,S04,E02,T01,2,multi_subject,Tarcza|B0372
B0372,2017-02-20-B0372-S04-E02-T02.c3d,S04,E02,T02,2,multi_subject,Tarcza|B0372
B0372,2017-02-20-B0372-S04-E03-T01.c3d,S04,E03,T01,2,multi_subject,B0373|B0372
B0372,2017-02-20-B0372-S04-E03-T02.c3d,S04,E03,T02,2,multi_subject,B0373|B0372
B0372,2017-02-20-B0372-S04-E04-T01.c3d,S04,E04,T01,2,multi_subject,B0371|B0372
B0372,2017-02-20-B0372-S04-E04-T02.c3d,S04,E04,T02,2,multi_subject,B0371|B0372
B0372,2017-02-20-B0372-S05-E01-T01.c3d,S05,E01,T01,1,single,B0372
B0372,2017-02-20-B0372-S05-E01-T02.c3d,S05,E01,T02,1,single,B0372
B0372,2017-02-20-B0372-S05-E02-T01.c3d,S05,E02,T01,2,multi_subject,Tarcza|B0372
B0372,2017-02-20-B0372-S05-E02-T02.c3d,S05,E02,T02,2,multi_subject,Tarcza|B0372
B0372,2017-02-20-B0372-S05-E03-T01.c3d,S05,E03,T01,2,multi_subject,B0373|B0372
B0372,2017-02-20-B0372-S05-E03-T02.c3d,S05,E03,T02,2,multi_subject,B0373|B0372
B0372,2017-02-20-B0372-S05-E04-T01.c3d,S05,E04,T01,2,multi_subject,B0371|B0372
B0372,2017-02-20-B0372-S05-E04-T02.c3d,S05,E04,T02,2,multi_subject,B0371|B0372
B0373,2017-02-20-B0373-S01-E01-T01.c3d,S01,E01,T01,1,single,B0373
B0373,2017-02-20-B0373-S01-E01-T02.c3d,S01,E01,T02,1,single,B0373
B0373,2017-02-20-B0373-S01-E02-T01.c3d,S01,E02,T01,2,multi_subject,Tarcza|B0373
B0373,2017-02-20-B0373-S01-E02-T02.c3d,S01,E02,T02,2,multi_subject,Tarcza|B0373
B0373,2017-02-20-B0373-S01-E03-T01.c3d,S01,E03,T01,2,multi_subject,B0375|B0373
B0373,2017-02-20-B0373-S01-E03-T02.c3d,S01,E03,T02,2,multi_subject,B0375|B0373
B0373,2017-02-20-B0373-S01-E04-T01.c3d,S01,E04,T01,2,multi_subject,B0373|B0372
B0373,2017-02-20-B0373-S01-E04-T02.c3d,S01,E04,T02,2,multi_subject,B0373|B0372
B0373,2017-02-20-B0373-S02-E01-T01.c3d,S02,E01,T01,1,single,B0373
B0373,2017-02-20-B0373-S02-E01-T02.c3d,S02,E01,T02,1,single,B0373
B0373,2017-02-20-B0373-S02-E02-T01.c3d,S02,E02,T01,2,multi_subject,Tarcza|B0373
B0373,2017-02-20-B0373-S02-E02-T02.c3d,S02,E02,T02,2,multi_subject,Tarcza|B0373
B0373,2017-02-20-B0373-S02-E03-T01.c3d,S02,E03,T01,2,multi_subject,B0375|B0373
B0373,2017-02-20-B0373-S02-E03-T02.c3d,S02,E03,T02,2,multi_subject,B0375|B0373
B0373,2017-02-20-B0373-S02-E04-T01.c3d,S02,E04,T01,2,multi_subject,B0373|B0372
B0373,2017-02-20-B0373-S02-E04-T02.c3d,S02,E04,T02,2,multi_subject,B0373|B0372
B0373,2017-02-20-B0373-S03-E01-T01.c3d,S03,E01,T01,1,single,B0373
B0373,2017-02-20-B0373-S03-E01-T02.c3d,S03,E01,T02,1,single,B0373
B0373,2017-02-20-B0373-S03-E02-T01.c3d,S03,E02,T01,2,multi_subject,Tarcza|B0373
B0373,2017-02-20-B0373-S03-E02-T02.c3d,S03,E02,T02,2,multi_subject,Tarcza|B0373
B0373,2017-02-20-B0373-S03-E03-T01.c3d,S03,E03,T01,2,multi_subject,B0375|B0373
B0373,2017-02-20-B0373-S03-E03-T02.c3d,S03,E03,T02,2,multi_subject,B0375|B0373
B0373,2017-02-20-B0373-S03-E04-T01.c3d,S03,E04,T01,2,multi_subject,B0373|B0372
B0373,2017-02-20-B0373-S03-E04-T02.c3d,S03,E04,T02,2,multi_subject,B0373|B0372
B0373,2017-02-20-B0373-S04-E01-T01.c3d,S04,E01,T01,1,single,B0373
B0373,2017-02-20-B0373-S04-E01-T02.c3d,S04,E01,T02,1,single,B0373
B0373,2017-02-20-B0373-S04-E02-T01.c3d,S04,E02,T01,2,multi_subject,Tarcza|B0373
B0373,2017-02-20-B0373-S04-E02-T02.c3d,S04,E02,T02,2,multi_subject,Tarcza|B0373
B0373,2017-02-20-B0373-S04-E03-T01.c3d,S04,E03,T01,2,multi_subject,B0375|B0373
B0373,2017-02-20-B0373-S04-E03-T02.c3d,S04,E03,T02,2,multi_subject,B0375|B0373
B0373,2017-02-20-B0373-S04-E04-T01.c3d,S04,E04,T01,2,multi_subject,B0373|B0372
B0373,2017-02-20-B0373-S04-E04-T02.c3d,S04,E04,T02,2,multi_subject,B0373|B0372
B0373,2017-02-20-B0373-S05-E01-T01.c3d,S05,E01,T01,1,single,B0373
B0373,2017-02-20-B0373-S05-E01-T02.c3d,S05,E01,T02,1,single,B0373
B0373,2017-02-20-B0373-S05-E02-T01.c3d,S05,E02,T01,2,multi_subject,Tarcza|B0373
B0373,2017-02-20-B0373-S05-E02-T02.c3d,S05,E02,T02,2,multi_subject,Tarcza|B0373
B0373,2017-02-20-B0373-S05-E03-T01.c3d,S05,E03,T01,2,multi_subject,B0375|B0373
B0373,2017-02-20-B0373-S05-E03-T02.c3d,S05,E03,T02,2,multi_subject,B0375|B0373
B0373,2017-02-20-B0373-S05-E04-T01.c3d,S05,E04,T01,2,multi_subject,B0373|B0372
B0373,2017-02-20-B0373-S05-E04-T02.c3d,S05,E04,T02,2,multi_subject,B0373|B0372
B0374,2017-02-20-B0374-S01-E01-T01.c3d,S01,E01,T01,1,single,B0374
B0374,2017-02-20-B0374-S01-E01-T02.c3d,S01,E01,T02,1,single,B0374
B0374,2017-02-20-B0374-S01-E02-T01.c3d,S01,E02,T01,2,multi_subject,Tarcza|B0374
B0374,2017-02-20-B0374-S01-E02-T02.c3d,S01,E02,T02,2,multi_subject,Tarcza|B0374
B0374,2017-02-20-B0374-S01-E03-T01.c3d,S01,E03,T01,2,multi_subject,B0376|B0374
B0374,2017-02-20-B0374-S01-E03-T02.c3d,S01,E03,T02,2,multi_subject,B0376|B0374
B0374,2017-02-20-B0374-S01-E04-T01.c3d,S01,E04,T01,2,multi_subject,B0375|B0374
B0374,2017-02-20-B0374-S01-E04-T02.c3d,S01,E04,T02,2,multi_subject,B0375|B0374
B0374,2017-02-20-B0374-S02-E01-T01.c3d,S02,E01,T01,1,single,B0374
B0374,2017-02-20-B0374-S02-E01-T02.c3d,S02,E01,T02,1,single,B0374
B0374,2017-02-20-B0374-S02-E02-T01.c3d,S02,E02,T01,2,multi_subject,Tarcza|B0374
B0374,2017-02-20-B0374-S02-E02-T02.c3d,S02,E02,T02,2,multi_subject,Tarcza|B0374
B0374,2017-02-20-B0374-S02-E03-T01.c3d,S02,E03,T01,2,multi_subject,B0376|B0374
B0374,2017-02-20-B0374-S02-E03-T02.c3d,S02,E03,T02,2,multi_subject,B0376|B0374
B0374,2017-02-20-B0374-S02-E04-T01.c3d,S02,E04,T01,2,multi_subject,B0375|B0374
B0374,2017-02-20-B0374-S02-E04-T02.c3d,S02,E04,T02,2,multi_subject,B0375|B0374
B0374,2017-02-20-B0374-S03-E01-T01.c3d,S03,E01,T01,1,single,B0374
B0374,2017-02-20-B0374-S03-E01-T02.c3d,S03,E01,T02,1,single,B0374
B0374,2017-02-20-B0374-S03-E02-T01.c3d,S03,E02,T01,2,multi_subject,Tarcza|B0374
B0374,2017-02-20-B0374-S03-E02-T02.c3d,S03,E02,T02,2,multi_subject,Tarcza|B0374
B0374,2017-02-20-B0374-S03-E03-T01.c3d,S03,E03,T01,2,multi_subject,B0376|B0374
B0374,2017-02-20-B0374-S03-E03-T02.c3d,S03,E03,T02,2,multi_subject,B0376|B0374
B0374,2017-02-20-B0374-S03-E04-T01.c3d,S03,E04,T01,2,multi_subject,B0375|B0374
B0374,2017-02-20-B0374-S03-E04-T02.c3d,S03,E04,T02,2,multi_subject,B0375|B0374
B0374,2017-02-20-B0374-S04-E01-T01.c3d,S04,E01,T01,1,single,B0374
B0374,2017-02-20-B0374-S04-E01-T02.c3d,S04,E01,T02,1,single,B0374
B0374,2017-02-20-B0374-S04-E02-T01.c3d,S04,E02,T01,2,multi_subject,Tarcza|B0374
B0374,2017-02-20-B0374-S04-E02-T02.c3d,S04,E02,T02,2,multi_subject,Tarcza|B0374
B0374,2017-02-20-B0374-S04-E03-T01.c3d,S04,E03,T01,2,multi_subject,B0376|B0374
B0374,2017-02-20-B0374-S04-E03-T02.c3d,S04,E03,T02,2,multi_subject,B0376|B0374
B0374,2017-02-20-B0374-S04-E04-T01.c3d,S04,E04,T01,2,multi_subject,B0375|B0374
B0374,2017-02-20-B0374-S04-E04-T02.c3d,S04,E04,T02,2,multi_subject,B0375|B0374
B0374,2017-02-20-B0374-S05-E01-T01.c3d,S05,E01,T01,1,single,B0374
B0374,2017-02-20-B0374-S05-E01-T02.c3d,S05,E01,T02,1,single,B0374
B0374,2017-02-20-B0374-S05-E02-T01.c3d,S05,E02,T01,2,multi_subject,Tarcza|B0374
B0374,2017-02-20-B0374-S05-E02-T02.c3d,S05,E02,T02,2,multi_subject,Tarcza|B0374
B0374,2017-02-20-B0374-S05-E03-T01.c3d,S05,E03,T01,2,multi_subject,B0376|B0374
B0374,2017-02-20-B0374-S05-E03-T02.c3d,S05,E03,T02,2,multi_subject,B0376|B0374
B0374,2017-02-20-B0374-S05-E04-T01.c3d,S05,E04,T01,2,multi_subject,B0375|B0374
B0374,2017-02-20-B0374-S05-E04-T02.c3d,S05,E04,T02,2,multi_subject,B0375|B0374
B0375,2017-02-20-B0375-S01-E01-T01.c3d,S01,E01,T01,1,single,B0375
B0375,2017-02-20-B0375-S01-E01-T02.c3d,S01,E01,T02,1,single,B0375
B0375,2017-02-20-B0375-S01-E02-T01.c3d,S01,E02,T01,2,multi_subject,Tarcza|B0375
B0375,2017-02-20-B0375-S01-E02-T02.c3d,S01,E02,T02,2,multi_subject,Tarcza|B0375
B0375,2017-02-20-B0375-S01-E03-T01.c3d,S01,E03,T01,2,multi_subject,B0375|B0374
B0375,2017-02-20-B0375-S01-E03-T02.c3d,S01,E03,T02,2,multi_subject,B0375|B0374
B0375,2017-02-20-B0375-S01-E04-T01.c3d,S01,E04,T01,2,multi_subject,B0375|B0373
B0375,2017-02-20-B0375-S01-E04-T02.c3d,S01,E04,T02,2,multi_subject,B0375|B0373
B0375,2017-02-20-B0375-S02-E01-T01.c3d,S02,E01,T01,1,single,B0375
B0375,2017-02-20-B0375-S02-E01-T02.c3d,S02,E01,T02,1,single,B0375
B0375,2017-02-20-B0375-S02-E02-T01.c3d,S02,E02,T01,2,multi_subject,Tarcza|B0375
B0375,2017-02-20-B0375-S02-E02-T02.c3d,S02,E02,T02,2,multi_subject,Tarcza|B0375
B0375,2017-02-20-B0375-S02-E03-T01.c3d,S02,E03,T01,2,multi_subject,B0375|B0374
B0375,2017-02-20-B0375-S02-E03-T02.c3d,S02,E03,T02,2,multi_subject,B0375|B0374
B0375,2017-02-20-B0375-S02-E04-T01.c3d,S02,E04,T01,2,multi_subject,B0375|B0373
B0375,2017-02-20-B0375-S02-E04-T02.c3d,S02,E04,T02,2,multi_subject,B0375|B0373
B0375,2017-02-20-B0375-S03-E01-T01.c3d,S03,E01,T01,1,single,B0375
B0375,2017-02-20-B0375-S03-E01-T02.c3d,S03,E01,T02,1,single,B0375
B0375,2017-02-20-B0375-S03-E02-T01.c3d,S03,E02,T01,2,multi_subject,Tarcza|B0375
B0375,2017-02-20-B0375-S03-E02-T02.c3d,S03,E02,T02,2,multi_subject,Tarcza|B0375
B0375,2017-02-20-B0375-S03-E03-T01.c3d,S03,E03,T01,2,multi_subject,B0375|B0374
B0375,2017-02-20-B0375-S03-E03-T02.c3d,S03,E03,T02,2,multi_subject,B0375|B0374
B0375,2017-02-20-B0375-S03-E04-T01.c3d,S03,E04,T01,2,multi_subject,B0375|B0373
B0375,2017-02-20-B0375-S03-E04-T02.c3d,S03,E04,T02,2,multi_subject,B0375|B0373
B0375,2017-02-20-B0375-S04-E01-T01.c3d,S04,E01,T01,1,single,B0375
B0375,2017-02-20-B0375-S04-E01-T02.c3d,S04,E01,T02,1,single,B0375
B0375,2017-02-20-B0375-S04-E02-T01.c3d,S04,E02,T01,2,multi_subject,Tarcza|B0375
B0375,2017-02-20-B0375-S04-E02-T02.c3d,S04,E02,T02,2,multi_subject,Tarcza|B0375
B0375,2017-02-20-B0375-S04-E03-T01.c3d,S04,E03,T01,2,multi_subject,B0375|B0374
B0375,2017-02-20-B0375-S04-E03-T02.c3d,S04,E03,T02,2,multi_subject,B0375|B0374
B0375,2017-02-20-B0375-S04-E04-T01.c3d,S04,E04,T01,2,multi_subject,B0375|B0373
B0375,2017-02-20-B0375-S04-E04-T02.c3d,S04,E04,T02,2,multi_subject,B0375|B0373
B0375,2017-02-20-B0375-S05-E01-T01.c3d,S05,E01,T01,1,single,B0375
B0375,2017-02-20-B0375-S05-E01-T02.c3d,S05,E01,T02,1,single,B0375
B0375,2017-02-20-B0375-S05-E02-T01.c3d,S05,E02,T01,2,multi_subject,Tarcza|B0375
B0375,2017-02-20-B0375-S05-E02-T02.c3d,S05,E02,T02,2,multi_subject,Tarcza|B0375
B0375,2017-02-20-B0375-S05-E03-T01.c3d,S05,E03,T01,2,multi_subject,B0375|B0374
B0375,2017-02-20-B0375-S05-E03-T02.c3d,S05,E03,T02,2,multi_subject,B0375|B0374
B0375,2017-02-20-B0375-S05-E04-T01.c3d,S05,E04,T01,2,multi_subject,B0375|B0373
B0375,2017-02-20-B0375-S05-E04-T02.c3d,S05,E04,T02,2,multi_subject,B0375|B0373
B0376,2017-02-20-B0376-S01-E01-T01.c3d,S01,E01,T01,1,single,B0376
B0376,2017-02-20-B0376-S01-E01-T02.c3d,S01,E01,T02,1,single,B0376
B0376,2017-02-20-B0376-S01-E02-T01.c3d,S01,E02,T01,2,multi_subject,Tarcza|B0376
B0376,2017-02-20-B0376-S01-E02-T02.c3d,S01,E02,T02,2,multi_subject,Tarcza|B0376
B0376,2017-02-20-B0376-S01-E03-T01.c3d,S01,E03,T01,2,multi_subject,B0377|B0376
B0376,2017-02-20-B0376-S01-E03-T02.c3d,S01,E03,T02,2,multi_subject,B0377|B0376
B0376,2017-02-20-B0376-S01-E04-T01.c3d,S01,E04,T01,2,multi_subject,B0376|B0374
B0376,2017-02-20-B0376-S01-E04-T02.c3d,S01,E04,T02,2,multi_subject,B0376|B0374
B0376,2017-02-20-B0376-S02-E01-T01.c3d,S02,E01,T01,1,single,B0376
B0376,2017-02-20-B0376-S02-E01-T02.c3d,S02,E01,T02,1,single,B0376
B0376,2017-02-20-B0376-S02-E02-T01.c3d,S02,E02,T01,2,multi_subject,Tarcza|B0376
B0376,2017-02-20-B0376-S02-E02-T02.c3d,S02,E02,T02,2,multi_subject,Tarcza|B0376
B0376,2017-02-20-B0376-S02-E03-T01.c3d,S02,E03,T01,2,multi_subject,B0377|B0376
B0376,2017-02-20-B0376-S02-E04-T01.c3d,S02,E04,T01,2,multi_subject,B0376|B0374
B0376,2017-02-20-B0376-S02-E04-T02.c3d,S02,E04,T02,2,multi_subject,B0376|B0374
B0376,2017-02-20-B0376-S03-E01-T01.c3d,S03,E01,T01,1,single,B0376
B0376,2017-02-20-B0376-S03-E01-T02.c3d,S03,E01,T02,1,single,B0376
B0376,2017-02-20-B0376-S03-E02-T01.c3d,S03,E02,T01,2,multi_subject,Tarcza|B0376
B0376,2017-02-20-B0376-S03-E02-T02.c3d,S03,E02,T02,2,multi_subject,Tarcza|B0376
B0376,2017-02-20-B0376-S03-E03-T01.c3d,S03,E03,T01,2,multi_subject,B0377|B0376
B0376,2017-02-20-B0376-S03-E03-T02.c3d,S03,E03,T02,2,multi_subject,B0377|B0376
B0376,2017-02-20-B0376-S03-E04-T01.c3d,S03,E04,T01,2,multi_subject,B0376|B0374
B0376,2017-02-20-B0376-S03-E04-T02.c3d,S03,E04,T02,2,multi_subject,B0376|B0374
B0376,2017-02-20-B0376-S04-E01-T01.c3d,S04,E01,T01,1,single,B0376
B0376,2017-02-20-B0376-S04-E01-T02.c3d,S04,E01,T02,1,single,B0376
B0376,2017-02-20-B0376-S04-E02-T01.c3d,S04,E02,T01,2,multi_subject,Tarcza|B0376
B0376,2017-02-20-B0376-S04-E02-T02.c3d,S04,E02,T02,2,multi_subject,Tarcza|B0376
B0376,2017-02-20-B0376-S04-E03-T01.c3d,S04,E03,T01,2,multi_subject,B0377|B0376
B0376,2017-02-20-B0376-S04-E03-T02.c3d,S04,E03,T02,2,multi_subject,B0377|B0376
B0376,2017-02-20-B0376-S04-E04-T01.c3d,S04,E04,T01,2,multi_subject,B0376|B0374
B0376,2017-02-20-B0376-S04-E04-T02.c3d,S04,E04,T02,2,multi_subject,B0376|B0374
B0376,2017-02-20-B0376-S05-E01-T01.c3d,S05,E01,T01,1,single,B0376
B0376,2017-02-20-B0376-S05-E01-T02.c3d,S05,E01,T02,1,single,B0376
B0376,2017-02-20-B0376-S05-E01-T03.c3d,S05,E01,T03,1,single,B0376
B0376,2017-02-20-B0376-S05-E02-T01.c3d,S05,E02,T01,2,multi_subject,Tarcza|B0376
B0376,2017-02-20-B0376-S05-E02-T02.c3d,S05,E02,T02,2,multi_subject,Tarcza|B0376
B0376,2017-02-20-B0376-S05-E03-T01.c3d,S05,E03,T01,2,multi_subject,B0377|B0376
B0376,2017-02-20-B0376-S05-E03-T02.c3d,S05,E03,T02,2,multi_subject,B0377|B0376
B0376,2017-02-20-B0376-S05-E04-T01.c3d,S05,E04,T01,2,multi_subject,B0376|B0374
B0376,2017-02-20-B0376-S05-E04-T02.c3d,S05,E04,T02,2,multi_subject,B0376|B0374
B0377,2017-02-20-B0377-S01-E01-T01.c3d,S01,E01,T01,1,single,B0377
B0377,2017-02-20-B0377-S01-E01-T02.c3d,S01,E01,T02,1,single,B0377
B0377,2017-02-20-B0377-S01-E02-T01.c3d,S01,E02,T01,2,multi_subject,Tarcza|B0377
B0377,2017-02-20-B0377-S01-E02-T02.c3d,S01,E02,T02,2,multi_subject,Tarcza|B0377
B0377,2017-02-20-B0377-S01-E03-T01.c3d,S01,E03,T01,2,multi_subject,B0378|B0377
B0377,2017-02-20-B0377-S01-E03-T02.c3d,S01,E03,T02,2,multi_subject,B0378|B0377
B0377,2017-02-20-B0377-S01-E04-T01.c3d,S01,E04,T01,2,multi_subject,B0377|B0376
B0377,2017-02-20-B0377-S01-E04-T02.c3d,S01,E04,T02,2,multi_subject,B0377|B0376
B0377,2017-02-20-B0377-S02-E01-T01.c3d,S02,E01,T01,1,single,B0377
B0377,2017-02-20-B0377-S02-E01-T02.c3d,S02,E01,T02,1,single,B0377
B0377,2017-02-20-B0377-S02-E02-T01.c3d,S02,E02,T01,2,multi_subject,Tarcza|B0377
B0377,2017-02-20-B0377-S02-E02-T02.c3d,S02,E02,T02,2,multi_subject,Tarcza|B0377
B0377,2017-02-20-B0377-S02-E03-T01.c3d,S02,E03,T01,2,multi_subject,B0378|B0377
B0377,2017-02-20-B0377-S02-E03-T02.c3d,S02,E03,T02,2,multi_subject,B0378|B0377
B0377,2017-02-20-B0377-S02-E04-T01.c3d,S02,E04,T01,2,multi_subject,B0377|B0376
B0377,2017-02-20-B0377-S03-E01-T01.c3d,S03,E01,T01,1,single,B0377
B0377,2017-02-20-B0377-S03-E01-T02.c3d,S03,E01,T02,1,single,B0377
B0377,2017-02-20-B0377-S03-E02-T01.c3d,S03,E02,T01,2,multi_subject,Tarcza|B0377
B0377,2017-02-20-B0377-S03-E02-T02.c3d,S03,E02,T02,2,multi_subject,Tarcza|B0377
B0377,2017-02-20-B0377-S03-E03-T01.c3d,S03,E03,T01,2,multi_subject,B0378|B0377
B0377,2017-02-20-B0377-S03-E03-T02.c3d,S03,E03,T02,2,multi_subject,B0378|B0377
B0377,2017-02-20-B0377-S03-E04-T01.c3d,S03,E04,T01,2,multi_subject,B0377|B0376
B0377,2017-02-20-B0377-S03-E04-T02.c3d,S03,E04,T02,2,multi_subject,B0377|B0376
B0377,2017-02-20-B0377-S04-E01-T01.c3d,S04,E01,T01,1,single,B0377
B0377,2017-02-20-B0377-S04-E01-T02.c3d,S04,E01,T02,1,single,B0377
B0377,2017-02-20-B0377-S04-E02-T01.c3d,S04,E02,T01,2,multi_subject,Tarcza|B0377
B0377,2017-02-20-B0377-S04-E02-T02.c3d,S04,E02,T02,2,multi_subject,Tarcza|B0377
B0377,2017-02-20-B0377-S04-E03-T01.c3d,S04,E03,T01,2,multi_subject,B0378|B0377
B0377,2017-02-20-B0377-S04-E03-T02.c3d,S04,E03,T02,2,multi_subject,B0378|B0377
B0377,2017-02-20-B0377-S04-E04-T01.c3d,S04,E04,T01,2,multi_subject,B0377|B0376
B0377,2017-02-20-B0377-S04-E04-T02.c3d,S04,E04,T02,2,multi_subject,B0377|B0376
B0377,2017-02-20-B0377-S05-E01-T01.c3d,S05,E01,T01,1,single,B0377
B0377,2017-02-20-B0377-S05-E01-T02.c3d,S05,E01,T02,1,single,B0377
B0377,2017-02-20-B0377-S05-E02-T01.c3d,S05,E02,T01,2,multi_subject,Tarcza|B0377
B0377,2017-02-20-B0377-S05-E02-T02.c3d,S05,E02,T02,2,multi_subject,Tarcza|B0377
B0377,2017-02-20-B0377-S05-E03-T01.c3d,S05,E03,T01,2,multi_subject,B0378|B0377
B0377,2017-02-20-B0377-S05-E03-T02.c3d,S05,E03,T02,2,multi_subject,B0378|B0377
B0377,2017-02-20-B0377-S05-E04-T01.c3d,S05,E04,T01,2,multi_subject,B0377|B0376
B0377,2017-02-20-B0377-S05-E04-T02.c3d,S05,E04,T02,2,multi_subject,B0377|B0376
B0378,2017-02-20-B0378-S01-E01-T01.c3d,S01,E01,T01,1,single,B0378
B0378,2017-02-20-B0378-S01-E01-T02.c3d,S01,E01,T02,1,single,B0378
B0378,2017-02-20-B0378-S01-E02-T01.c3d,S01,E02,T01,2,multi_subject,Tarcza|B0378
B0378,2017-02-20-B0378-S01-E02-T02.c3d,S01,E02,T02,2,multi_subject,Tarcza|B0378
B0378,2017-02-20-B0378-S01-E03-T01.c3d,S01,E03,T01,2,multi_subject,B0379|B0378
B0378,2017-02-20-B0378-S01-E03-T02.c3d,S01,E03,T02,2,multi_subject,B0379|B0378
B0378,2017-02-20-B0378-S01-E04-T01.c3d,S01,E04,T01,2,multi_subject,B0378|B0377
B0378,2017-02-20-B0378-S01-E04-T02.c3d,S01,E04,T02,2,multi_subject,B0378|B0377
B0378,2017-02-20-B0378-S02-E01-T01.c3d,S02,E01,T01,1,single,B0378
B0378,2017-02-20-B0378-S02-E01-T02.c3d,S02,E01,T02,1,single,B0378
B0378,2017-02-20-B0378-S02-E02-T01.c3d,S02,E02,T01,2,multi_subject,Tarcza|B0378
B0378,2017-02-20-B0378-S02-E02-T02.c3d,S02,E02,T02,2,multi_subject,Tarcza|B0378
B0378,2017-02-20-B0378-S02-E03-T01.c3d,S02,E03,T01,2,multi_subject,B0379|B0378
B0378,2017-02-20-B0378-S02-E03-T02.c3d,S02,E03,T02,2,multi_subject,B0379|B0378
B0378,2017-02-20-B0378-S02-E04-T01.c3d,S02,E04,T01,2,multi_subject,B0378|B0377
B0378,2017-02-20-B0378-S02-E04-T02.c3d,S02,E04,T02,2,multi_subject,B0378|B0377
B0378,2017-02-20-B0378-S03-E01-T01.c3d,S03,E01,T01,1,single,B0378
B0378,2017-02-20-B0378-S03-E01-T02.c3d,S03,E01,T02,1,single,B0378
B0378,2017-02-20-B0378-S03-E02-T01.c3d,S03,E02,T01,2,multi_subject,Tarcza|B0378
B0378,2017-02-20-B0378-S03-E02-T02.c3d,S03,E02,T02,2,multi_subject,Tarcza|B0378
B0378,2017-02-20-B0378-S03-E03-T01.c3d,S03,E03,T01,2,multi_subject,B0379|B0378
B0378,2017-02-20-B0378-S03-E03-T02.c3d,S03,E03,T02,2,multi_subject,B0379|B0378
B0378,2017-02-20-B0378-S03-E04-T01.c3d,S03,E04,T01,2,multi_subject,B0378|B0377
B0378,2017-02-20-B0378-S03-E04-T02.c3d,S03,E04,T02,2,multi_subject,B0378|B0377
B0378,2017-02-20-B0378-S04-E01-T01.c3d,S04,E01,T01,1,single,B0378
B0378,2017-02-20-B0378-S04-E01-T02.c3d,S04,E01,T02,1,single,B0378
B0378,2017-02-20-B0378-S04-E02-T01.c3d,S04,E02,T01,2,multi_subject,Tarcza|B0378
B0378,2017-02-20-B0378-S04-E02-T02.c3d,S04,E02,T02,2,multi_subject,Tarcza|B0378
B0378,2017-02-20-B0378-S04-E02-T03.c3d,S04,E02,T03,2,multi_subject,Tarcza|B0378
B0378,2017-02-20-B0378-S04-E03-T01.c3d,S04,E03,T01,2,multi_subject,B0379|B0378
B0378,2017-02-20-B0378-S04-E03-T02.c3d,S04,E03,T02,2,multi_subject,B0379|B0378
B0378,2017-02-20-B0378-S04-E04-T01.c3d,S04,E04,T01,2,multi_subject,B0378|B0377
B0378,2017-02-20-B0378-S04-E04-T02.c3d,S04,E04,T02,2,multi_subject,B0378|B0377
B0378,2017-02-20-B0378-S05-E01-T01.c3d,S05,E01,T01,1,single,B0378
B0378,2017-02-20-B0378-S05-E01-T02.c3d,S05,E01,T02,1,single,B0378
B0378,2017-02-20-B0378-S05-E02-T01.c3d,S05,E02,T01,2,multi_subject,Tarcza|B0378
B0378,2017-02-20-B0378-S05-E03-T01.c3d,S05,E03,T01,2,multi_subject,B0379|B0378
B0378,2017-02-20-B0378-S05-E03-T02.c3d,S05,E03,T02,2,multi_subject,B0379|B0378
B0378,2017-02-20-B0378-S05-E04-T01.c3d,S05,E04,T01,2,multi_subject,B0378|B0377
B0378,2017-02-20-B0378-S05-E04-T02.c3d,S05,E04,T02,2,multi_subject,B0378|B0377
B0379,2017-02-20-B0379-S01-E01-T01.c3d,S01,E01,T01,1,single,B0379
B0379,2017-02-20-B0379-S01-E01-T02.c3d,S01,E01,T02,1,single,B0379
B0379,2017-02-20-B0379-S01-E02-T01.c3d,S01,E02,T01,2,multi_subject,Tarcza|B0379
B0379,2017-02-20-B0379-S01-E02-T02.c3d,S01,E02,T02,2,multi_subject,Tarcza|B0379
B0379,2017-02-20-B0379-S01-E03-T01.c3d,S01,E03,T01,2,multi_subject,B0379|B0380
B0379,2017-02-20-B0379-S01-E03-T02.c3d,S01,E03,T02,2,multi_subject,B0379|B0380
B0379,2017-02-20-B0379-S01-E04-T01.c3d,S01,E04,T01,2,multi_subject,B0379|B0378
B0379,2017-02-20-B0379-S01-E04-T02.c3d,S01,E04,T02,2,multi_subject,B0379|B0378
B0379,2017-02-20-B0379-S02-E01-T01.c3d,S02,E01,T01,1,single,B0379
B0379,2017-02-20-B0379-S02-E01-T02.c3d,S02,E01,T02,1,single,B0379
B0379,2017-02-20-B0379-S02-E02-T01.c3d,S02,E02,T01,2,multi_subject,Tarcza|B0379
B0379,2017-02-20-B0379-S02-E02-T02.c3d,S02,E02,T02,2,multi_subject,Tarcza|B0379
B0379,2017-02-20-B0379-S02-E03-T01.c3d,S02,E03,T01,2,multi_subject,B0379|B0380
B0379,2017-02-20-B0379-S02-E03-T02.c3d,S02,E03,T02,2,multi_subject,B0379|B0380
B0379,2017-02-20-B0379-S02-E04-T01.c3d,S02,E04,T01,2,multi_subject,B0379|B0378
B0379,2017-02-20-B0379-S02-E04-T02.c3d,S02,E04,T02,2,multi_subject,B0379|B0378
B0379,2017-02-20-B0379-S03-E01-T01.c3d,S03,E01,T01,1,single,B0379
B0379,2017-02-20-B0379-S03-E01-T02.c3d,S03,E01,T02,1,single,B0379
B0379,2017-02-20-B0379-S03-E02-T01.c3d,S03,E02,T01,2,multi_subject,Tarcza|B0379
B0379,2017-02-20-B0379-S03-E02-T02.c3d,S03,E02,T02,2,multi_subject,Tarcza|B0379
B0379,2017-02-20-B0379-S03-E03-T01.c3d,S03,E03,T01,2,multi_subject,B0379|B0380
B0379,2017-02-20-B0379-S03-E03-T02.c3d,S03,E03,T02,2,multi_subject,B0379|B0380
B0379,2017-02-20-B0379-S03-E04-T01.c3d,S03,E04,T01,2,multi_subject,B0379|B0378
B0379,2017-02-20-B0379-S03-E04-T02.c3d,S03,E04,T02,2,multi_subject,B0379|B0378
B0379,2017-02-20-B0379-S04-E01-T01.c3d,S04,E01,T01,1,single,B0379
B0379,2017-02-20-B0379-S04-E01-T02.c3d,S04,E01,T02,1,single,B0379
B0379,2017-02-20-B0379-S04-E02-T01.c3d,S04,E02,T01,2,multi_subject,Tarcza|B0379
B0379,2017-02-20-B0379-S04-E02-T02.c3d,S04,E02,T02,2,multi_subject,Tarcza|B0379
B0379,2017-02-20-B0379-S04-E03-T01.c3d,S04,E03,T01,2,multi_subject,B0379|B0380
B0379,2017-02-20-B0379-S04-E03-T02.c3d,S04,E03,T02,2,multi_subject,B0379|B0380
B0379,2017-02-20-B0379-S04-E04-T01.c3d,S04,E04,T01,2,multi_subject,B0379|B0378
B0379,2017-02-20-B0379-S04-E04-T02.c3d,S04,E04,T02,2,multi_subject,B0379|B0378
B0379,2017-02-20-B0379-S05-E01-T01.c3d,S05,E01,T01,1,single,B0379
B0379,2017-02-20-B0379-S05-E01-T02.c3d,S05,E01,T02,1,single,B0379
B0379,2017-02-20-B0379-S05-E02-T01.c3d,S05,E02,T01,2,multi_subject,Tarcza|B0379
B0379,2017-02-20-B0379-S05-E02-T02.c3d,S05,E02,T02,2,multi_subject,Tarcza|B0379
B0379,2017-02-20-B0379-S05-E03-T01.c3d,S05,E03,T01,2,multi_subject,B0379|B0380
B0379,2017-02-20-B0379-S05-E03-T02.c3d,S05,E03,T02,2,multi_subject,B0379|B0380
B0379,2017-02-20-B0379-S05-E04-T01.c3d,S05,E04,T01,2,multi_subject,B0379|B0378
B0379,2017-02-20-B0379-S05-E04-T02.c3d,S05,E04,T02,2,multi_subject,B0379|B0378
B0380,2017-02-20-B0380-S01-E01-T01.c3d,S01,E01,T01,1,single,B0380
B0380,2017-02-20-B0380-S01-E01-T02.c3d,S01,E01,T02,1,single,B0380
B0380,2017-02-20-B0380-S01-E02-T01.c3d,S01,E02,T01,2,multi_subject,Tarcza|B0380
B0380,2017-02-20-B0380-S01-E02-T02.c3d,S01,E02,T02,2,multi_subject,Tarcza|B0380
B0380,2017-02-20-B0380-S01-E03-T01.c3d,S01,E03,T01,2,multi_subject,B0381|B0380
B0380,2017-02-20-B0380-S01-E03-T02.c3d,S01,E03,T02,2,multi_subject,B0381|B0380
B0380,2017-02-20-B0380-S01-E04-T01.c3d,S01,E04,T01,2,multi_subject,B0379|B0380
B0380,2017-02-20-B0380-S01-E04-T02.c3d,S01,E04,T02,2,multi_subject,B0379|B0380
B0380,2017-02-20-B0380-S02-E01-T01.c3d,S02,E01,T01,1,single,B0380
B0380,2017-02-20-B0380-S02-E01-T02.c3d,S02,E01,T02,1,single,B0380
B0380,2017-02-20-B0380-S02-E02-T01.c3d,S02,E02,T01,2,multi_subject,Tarcza|B0380
B0380,2017-02-20-B0380-S02-E02-T02.c3d,S02,E02,T02,2,multi_subject,Tarcza|B0380
B0380,2017-02-20-B0380-S02-E03-T01.c3d,S02,E03,T01,2,multi_subject,B0381|B0380
B0380,2017-02-20-B0380-S02-E03-T02.c3d,S02,E03,T02,2,multi_subject,B0381|B0380
B0380,2017-02-20-B0380-S02-E04-T01.c3d,S02,E04,T01,2,multi_subject,B0379|B0380
B0380,2017-02-20-B0380-S02-E04-T02.c3d,S02,E04,T02,2,multi_subject,B0379|B0380
B0380,2017-02-20-B0380-S03-E01-T01.c3d,S03,E01,T01,1,single,B0380
B0380,2017-02-20-B0380-S03-E01-T02.c3d,S03,E01,T02,1,single,B0380
B0380,2017-02-20-B0380-S03-E02-T01.c3d,S03,E02,T01,2,multi_subject,Tarcza|B0380
B0380,2017-02-20-B0380-S03-E02-T02.c3d,S03,E02,T02,2,multi_subject,Tarcza|B0380
B0380,2017-02-20-B0380-S03-E03-T01.c3d,S03,E03,T01,2,multi_subject,B0381|B0380
B0380,2017-02-20-B0380-S03-E03-T02.c3d,S03,E03,T02,2,multi_subject,B0381|B0380
B0380,2017-02-20-B0380-S03-E04-T01.c3d,S03,E04,T01,2,multi_subject,B0379|B0380
B0380,2017-02-20-B0380-S03-E04-T02.c3d,S03,E04,T02,2,multi_subject,B0379|B0380
B0380,2017-02-20-B0380-S04-E01-T01.c3d,S04,E01,T01,1,single,B0380
B0380,2017-02-20-B0380-S04-E01-T02.c3d,S04,E01,T02,1,single,B0380
B0380,2017-02-20-B0380-S04-E02-T01.c3d,S04,E02,T01,2,multi_subject,Tarcza|B0380
B0380,2017-02-20-B0380-S04-E02-T02.c3d,S04,E02,T02,2,multi_subject,Tarcza|B0380
B0380,2017-02-20-B0380-S04-E03-T01.c3d,S04,E03,T01,2,multi_subject,B0381|B0380
B0380,2017-02-20-B0380-S04-E03-T02.c3d,S04,E03,T02,2,multi_subject,B0381|B0380
B0380,2017-02-20-B0380-S04-E04-T01.c3d,S04,E04,T01,2,multi_subject,B0379|B0380
B0380,2017-02-20-B0380-S04-E04-T02.c3d,S04,E04,T02,2,multi_subject,B0379|B0380
B0380,2017-02-20-B0380-S05-E01-T01.c3d,S05,E01,T01,1,single,B0380
B0380,2017-02-20-B0380-S05-E01-T02.c3d,S05,E01,T02,1,single,B0380
B0380,2017-02-20-B0380-S05-E02-T01.c3d,S05,E02,T01,2,multi_subject,Tarcza|B0380
B0380,2017-02-20-B0380-S05-E02-T02.c3d,S05,E02,T02,2,multi_subject,Tarcza|B0380
B0380,2017-02-20-B0380-S05-E03-T01.c3d,S05,E03,T01,2,multi_subject,B0381|B0380
B0380,2017-02-20-B0380-S05-E03-T02.c3d,S05,E03,T02,2,multi_subject,B0381|B0380
B0380,2017-02-20-B0380-S05-E04-T01.c3d,S05,E04,T01,2,multi_subject,B0379|B0380
B0380,2017-02-20-B0380-S05-E04-T02.c3d,S05,E04,T02,2,multi_subject,B0379|B0380
B0380,2017-02-20-B0380-S06-E01-T01.c3d,S06,E01,T01,2,multi_subject,Tarcza|B0380
B0381,2017-02-20-B0381-S01-E01-T01.c3d,S01,E01,T01,1,single,B0381
B0381,2017-02-20-B0381-S01-E01-T02.c3d,S01,E01,T02,1,single,B0381
B0381,2017-02-20-B0381-S01-E02-T01.c3d,S01,E02,T01,2,multi_subject,Tarcza|B0381
B0381,2017-02-20-B0381-S01-E02-T02.c3d,S01,E02,T02,2,multi_subject,Tarcza|B0381
B0381,2017-02-20-B0381-S01-E03-T03.c3d,S01,E03,T03,2,multi_subject,B0382|B0381
B0381,2017-02-20-B0381-S01-E03-T04.c3d,S01,E03,T04,2,multi_subject,B0382|B0381
B0381,2017-02-20-B0381-S01-E04-T01.c3d,S01,E04,T01,2,multi_subject,B0381|B0380
B0381,2017-02-20-B0381-S01-E04-T02.c3d,S01,E04,T02,2,multi_subject,B0381|B0380
B0381,2017-02-20-B0381-S01-E04-T03.c3d,S01,E04,T03,2,multi_subject,B0382|B0381
B0381,2017-02-20-B0381-S01-E04-T04.c3d,S01,E04,T04,2,multi_subject,B0382|B0381
B0381,2017-02-20-B0381-S02-E01-T01.c3d,S02,E01,T01,1,single,B0381
B0381,2017-02-20-B0381-S02-E01-T02.c3d,S02,E01,T02,1,single,B0381
B0381,2017-02-20-B0381-S02-E02-T01.c3d,S02,E02,T01,2,multi_subject,Tarcza|B0381
B0381,2017-02-20-B0381-S02-E02-T02.c3d,S02,E02,T02,2,multi_subject,Tarcza|B0381
B0381,2017-02-20-B0381-S02-E03-T03.c3d,S02,E03,T03,2,multi_subject,B0382|B0381
B0381,2017-02-20-B0381-S02-E03-T04.c3d,S02,E03,T04,2,multi_subject,B0382|B0381
B0381,2017-02-20-B0381-S02-E04-T01.c3d,S02,E04,T01,2,multi_subject,B0381|B0380
B0381,2017-02-20-B0381-S02-E04-T02.c3d,S02,E04,T02,2,multi_subject,B0381|B0380
B0381,2017-02-20-B0381-S02-E04-T03.c3d,S02,E04,T03,2,multi_subject,B0382|B0381
B0381,2017-02-20-B0381-S02-E04-T04.c3d,S02,E04,T04,2,multi_subject,B0382|B0381
B0381,2017-02-20-B0381-S03-E01-T01.c3d,S03,E01,T01,1,single,B0381
B0381,2017-02-20-B0381-S03-E01-T02.c3d,S03,E01,T02,1,single,B0381
B0381,2017-02-20-B0381-S03-E02-T01.c3d,S03,E02,T01,2,multi_subject,Tarcza|B0381
B0381,2017-02-20-B0381-S03-E02-T02.c3d,S03,E02,T02,2,multi_subject,Tarcza|B0381
B0381,2017-02-20-B0381-S03-E03-T03.c3d,S03,E03,T03,2,multi_subject,B0382|B0381
B0381,2017-02-20-B0381-S03-E03-T04.c3d,S03,E03,T04,2,multi_subject,B0381|B0382
B0381,2017-02-20-B0381-S03-E04-T01.c3d,S03,E04,T01,2,multi_subject,B0381|B0380
B0381,2017-02-20-B0381-S03-E04-T02.c3d,S03,E04,T02,2,multi_subject,B0381|B0380
B0381,2017-02-20-B0381-S03-E04-T03.c3d,S03,E04,T03,2,multi_subject,B0382|B0381
B0381,2017-02-20-B0381-S03-E04-T04.c3d,S03,E04,T04,2,multi_subject,B0382|B0381
B0381,2017-02-20-B0381-S04-E01-T01.c3d,S04,E01,T01,1,single,B0381
B0381,2017-02-20-B0381-S04-E01-T02.c3d,S04,E01,T02,1,single,B0381
B0381,2017-02-20-B0381-S04-E02-T01.c3d,S04,E02,T01,2,multi_subject,Tarcza|B0381
B0381,2017-02-20-B0381-S04-E02-T02.c3d,S04,E02,T02,2,multi_subject,Tarcza|B0381
B0381,2017-02-20-B0381-S04-E03-T03.c3d,S04,E03,T03,2,multi_subject,B0382|B0381
B0381,2017-02-20-B0381-S04-E03-T04.c3d,S04,E03,T04,2,multi_subject,B0382|B0381
B0381,2017-02-20-B0381-S04-E04-T01.c3d,S04,E04,T01,2,multi_subject,B0381|B0380
B0381,2017-02-20-B0381-S04-E04-T02.c3d,S04,E04,T02,2,multi_subject,B0381|B0380
B0381,2017-02-20-B0381-S04-E04-T03.c3d,S04,E04,T03,2,multi_subject,B0382|B0381
B0381,2017-02-20-B0381-S04-E04-T04.c3d,S04,E04,T04,2,multi_subject,B0382|B0381
B0381,2017-02-20-B0381-S04-E04-T05.c3d,S04,E04,T05,2,multi_subject,B0382|B0381
B0381,2017-02-20-B0381-S05-E01-T01.c3d,S05,E01,T01,1,single,B0381
B0381,2017-02-20-B0381-S05-E01-T02.c3d,S05,E01,T02,1,single,B0381
B0381,2017-02-20-B0381-S05-E02-T01.c3d,S05,E02,T01,2,multi_subject,Tarcza|B0381
B0381,2017-02-20-B0381-S05-E02-T02.c3d,S05,E02,T02,2,multi_subject,Tarcza|B0381
B0381,2017-02-20-B0381-S05-E03-T03.c3d,S05,E03,T03,2,multi_subject,B0382|B0381
B0381,2017-02-20-B0381-S05-E03-T04.c3d,S05,E03,T04,2,multi_subject,B0382|B0381
B0381,2017-02-20-B0381-S05-E04-T01.c3d,S05,E04,T01,2,multi_subject,B0381|B0380
B0381,2017-02-20-B0381-S05-E04-T02.c3d,S05,E04,T02,2,multi_subject,B0381|B0380
B0381,2017-02-20-B0381-S05-E04-T03.c3d,S05,E04,T03,2,multi_subject,B0382|B0381
B0381,2017-02-20-B0381-S05-E04-T04.c3d,S05,E04,T04,2,multi_subject,B0382|B0381
B0382,2017-02-20-B0382-S01-E01-T01.c3d,S01,E01,T01,1,single,B0382
B0382,2017-02-20-B0382-S01-E01-T02.c3d,S01,E01,T02,1,single,B0382
B0382,2017-02-20-B0382-S01-E02-T01.c3d,S01,E02,T01,2,multi_subject,Tarcza|B0382
B0382,2017-02-20-B0382-S01-E02-T02.c3d,S01,E02,T02,2,multi_subject,Tarcza|B0382
B0382,2017-02-20-B0382-S01-E04-T01.c3d,S01,E04,T01,2,multi_subject,B0382|B0381
B0382,2017-02-20-B0382-S01-E04-T02.c3d,S01,E04,T02,2,multi_subject,B0382|B0381
B0382,2017-02-20-B0382-S02-E01-T01.c3d,S02,E01,T01,1,single,B0382
B0382,2017-02-20-B0382-S02-E01-T02.c3d,S02,E01,T02,1,single,B0382
B0382,2017-02-20-B0382-S02-E02-T01.c3d,S02,E02,T01,2,multi_subject,Tarcza|B0382
B0382,2017-02-20-B0382-S02-E02-T02.c3d,S02,E02,T02,2,multi_subject,Tarcza|B0382
B0382,2017-02-20-B0382-S02-E04-T01.c3d,S02,E04,T01,2,multi_subject,B0382|B0381
B0382,2017-02-20-B0382-S02-E04-T02.c3d,S02,E04,T02,2,multi_subject,B0382|B0381
B0382,2017-02-20-B0382-S03-E01-T01.c3d,S03,E01,T01,1,single,B0382
B0382,2017-02-20-B0382-S03-E01-T02.c3d,S03,E01,T02,1,single,B0382
B0382,2017-02-20-B0382-S03-E02-T01.c3d,S03,E02,T01,2,multi_subject,Tarcza|B0382
B0382,2017-02-20-B0382-S03-E02-T02.c3d,S03,E02,T02,2,multi_subject,Tarcza|B0382
B0382,2017-02-20-B0382-S03-E04-T01.c3d,S03,E04,T01,2,multi_subject,B0382|B0381
B0382,2017-02-20-B0382-S03-E04-T02.c3d,S03,E04,T02,2,multi_subject,B0381|B0382
B0382,2017-02-20-B0382-S04-E01-T01.c3d,S04,E01,T01,1,single,B0382
B0382,2017-02-20-B0382-S04-E01-T02.c3d,S04,E01,T02,1,single,B0382
B0382,2017-02-20-B0382-S04-E02-T01.c3d,S04,E02,T01,2,multi_subject,Tarcza|B0382
B0382,2017-02-20-B0382-S04-E02-T02.c3d,S04,E02,T02,2,multi_subject,Tarcza|B0382
B0382,2017-02-20-B0382-S04-E04-T01.c3d,S04,E04,T01,2,multi_subject,B0382|B0381
B0382,2017-02-20-B0382-S04-E04-T02.c3d,S04,E04,T02,2,multi_subject,B0382|B0381
B0382,2017-02-20-B0382-S05-E01-T01.c3d,S05,E01,T01,1,single,B0382
B0382,2017-02-20-B0382-S05-E01-T02.c3d,S05,E01,T02,1,single,B0382
B0382,2017-02-20-B0382-S05-E02-T01.c3d,S05,E02,T01,2,multi_subject,Tarcza|B0382
B0382,2017-02-20-B0382-S05-E02-T02.c3d,S05,E02,T02,2,multi_subject,Tarcza|B0382
B0382,2017-02-20-B0382-S05-E04-T01.c3d,S05,E04,T01,2,multi_subject,B0382|B0381
B0382,2017-02-20-B0382-S05-E04-T02.c3d,S05,E04,T02,2,multi_subject,B0382|B0381
B0383,2017-03-03-B0383-S01-E01-T01.c3d,S01,E01,T01,1,single,B0383
B0383,2017-03-03-B0383-S01-E01-T02.c3d,S01,E01,T02,1,single,B0383
B0383,2017-03-03-B0383-S01-E02-T01.c3d,S01,E02,T01,2,multi_subject,Tarcza|B0383
B0383,2017-03-03-B0383-S01-E02-T02.c3d,S01,E02,T02,2,multi_subject,Tarcza|B0383
B0383,2017-03-03-B0383-S01-E04-T01.c3d,S01,E04,T01,2,multi_subject,B0384|B0383
B0383,2017-03-03-B0383-S01-E04-T02.c3d,S01,E04,T02,2,multi_subject,B0384|B0383
B0383,2017-03-03-B0383-S02-E01-T01.c3d,S02,E01,T01,1,single,B0383
B0383,2017-03-03-B0383-S02-E01-T02.c3d,S02,E01,T02,1,single,B0383
B0383,2017-03-03-B0383-S02-E02-T01.c3d,S02,E02,T01,2,multi_subject,Tarcza|B0383
B0383,2017-03-03-B0383-S02-E02-T02.c3d,S02,E02,T02,2,multi_subject,Tarcza|B0383
B0383,2017-03-03-B0383-S02-E04-T01.c3d,S02,E04,T01,2,multi_subject,B0384|B0383
B0383,2017-03-03-B0383-S02-E04-T02.c3d,S02,E04,T02,2,multi_subject,B0384|B0383
B0383,2017-03-03-B0383-S02-E04-T03.c3d,S02,E04,T03,2,multi_subject,B0384|B0383
B0383,2017-03-03-B0383-S03-E01-T01.c3d,S03,E01,T01,1,single,B0383
B0383,2017-03-03-B0383-S03-E02-T01.c3d,S03,E02,T01,2,multi_subject,Tarcza|B0383
B0383,2017-03-03-B0383-S03-E02-T02.c3d,S03,E02,T02,2,multi_subject,Tarcza|B0383
B0383,2017-03-03-B0383-S03-E04-T01.c3d,S03,E04,T01,2,multi_subject,B0384|B0383
B0383,2017-03-03-B0383-S03-E04-T02.c3d,S03,E04,T02,2,multi_subject,B0384|B0383
B0383,2017-03-03-B0383-S04-E01-T01.c3d,S04,E01,T01,1,single,B0383
B0383,2017-03-03-B0383-S04-E01-T02.c3d,S04,E01,T02,1,single,B0383
B0383,2017-03-03-B0383-S04-E02-T01.c3d,S04,E02,T01,2,multi_subject,Tarcza|B0383
B0383,2017-03-03-B0383-S04-E02-T02.c3d,S04,E02,T02,2,multi_subject,Tarcza|B0383
B0383,2017-03-03-B0383-S04-E04-T01.c3d,S04,E04,T01,2,multi_subject,B0384|B0383
B0383,2017-03-03-B0383-S04-E04-T02.c3d,S04,E04,T02,2,multi_subject,B0384|B0383
B0383,2017-03-03-B0383-S05-E01-T01.c3d,S05,E01,T01,1,single,B0383
B0383,2017-03-03-B0383-S05-E01-T02.c3d,S05,E01,T02,1,single,B0383
B0383,2017-03-03-B0383-S05-E02-T01.c3d,S05,E02,T01,2,multi_subject,Tarcza|B0383
B0383,2017-03-03-B0383-S05-E02-T02.c3d,S05,E02,T02,2,multi_subject,Tarcza|B0383
B0383,2017-03-03-B0383-S05-E04-T01.c3d,S05,E04,T01,2,multi_subject,B0384|B0383
B0383,2017-03-03-B0383-S05-E04-T02.c3d,S05,E04,T02,2,multi_subject,B0384|B0383
B0384,2017-03-03-B0384-S01-E01-T01.c3d,S01,E01,T01,1,single,B0384
B0384,2017-03-03-B0384-S01-E01-T02.c3d,S01,E01,T02,1,single,B0384
B0384,2017-03-03-B0384-S01-E02-T01.c3d,S01,E02,T01,2,multi_subject,Tarcza|B0384
B0384,2017-03-03-B0384-S01-E02-T02.c3d,S01,E02,T02,2,multi_subject,Tarcza|B0384
B0384,2017-03-03-B0384-S01-E03-T01.c3d,S01,E03,T01,2,multi_subject,B0384|B0383
B0384,2017-03-03-B0384-S01-E03-T02.c3d,S01,E03,T02,2,multi_subject,B0384|B0383
B0384,2017-03-03-B0384-S01-E04-T01.c3d,S01,E04,T01,2,multi_subject,B0385|B0384
B0384,2017-03-03-B0384-S01-E04-T02.c3d,S01,E04,T02,2,multi_subject,B0385|B0384
B0384,2017-03-03-B0384-S01-E04-T03.c3d,S01,E04,T03,2,multi_subject,B0385|B0384
B0384,2017-03-03-B0384-S02-E01-T01.c3d,S02,E01,T01,1,single,B0384
B0384,2017-03-03-B0384-S02-E01-T02.c3d,S02,E01,T02,1,single,B0384
B0384,2017-03-03-B0384-S02-E02-T01.c3d,S02,E02,T01,2,multi_subject,Tarcza|B0384
B0384,2017-03-03-B0384-S02-E02-T02.c3d,S02,E02,T02,2,multi_subject,Tarcza|B0384
B0384,2017-03-03-B0384-S02-E03-T01.c3d,S02,E03,T01,2,multi_subject,B0384|B0383
B0384,2017-03-03-B0384-S02-E03-T02.c3d,S02,E03,T02,2,multi_subject,B0384|B0383
B0384,2017-03-03-B0384-S02-E03-T03.c3d,S02,E03,T03,2,multi_subject,B0384|B0383
B0384,2017-03-03-B0384-S02-E04-T01.c3d,S02,E04,T01,2,multi_subject,B0385|B0384
B0384,2017-03-03-B0384-S02-E04-T02.c3d,S02,E04,T02,2,multi_subject,B0385|B0384
B0384,2017-03-03-B0384-S03-E01-T01.c3d,S03,E01,T01,1,single,B0384
B0384,2017-03-03-B0384-S03-E01-T02.c3d,S03,E01,T02,1,single,B0384
B0384,2017-03-03-B0384-S03-E02-T01.c3d,S03,E02,T01,2,multi_subject,Tarcza|B0384
B0384,2017-03-03-B0384-S03-E02-T02.c3d,S03,E02,T02,2,multi_subject,Tarcza|B0384
B0384,2017-03-03-B0384-S03-E03-T01.c3d,S03,E03,T01,2,multi_subject,B0384|B0383
B0384,2017-03-03-B0384-S03-E03-T02.c3d,S03,E03,T02,2,multi_subject,B0384|B0383
B0384,2017-03-03-B0384-S03-E04-T01.c3d,S03,E04,T01,2,multi_subject,B0385|B0384
B0384,2017-03-03-B0384-S03-E04-T02.c3d,S03,E04,T02,2,multi_subject,B0385|B0384
B0384,2017-03-03-B0384-S04-E01-T01.c3d,S04,E01,T01,1,single,B0384
B0384,2017-03-03-B0384-S04-E01-T02.c3d,S04,E01,T02,1,single,B0384
B0384,2017-03-03-B0384-S04-E02-T01.c3d,S04,E02,T01,2,multi_subject,Tarcza|B0384
B0384,2017-03-03-B0384-S04-E02-T02.c3d,S04,E02,T02,2,multi_subject,Tarcza|B0384
B0384,2017-03-03-B0384-S04-E03-T01.c3d,S04,E03,T01,2,multi_subject,B0384|B0383
B0384,2017-03-03-B0384-S04-E03-T02.c3d,S04,E03,T02,2,multi_subject,B0384|B0383
B0384,2017-03-03-B0384-S04-E04-T01.c3d,S04,E04,T01,2,multi_subject,B0385|B0384
B0384,2017-03-03-B0384-S04-E04-T02.c3d,S04,E04,T02,2,multi_subject,B0385|B0384
B0384,2017-03-03-B0384-S05-E01-T01.c3d,S05,E01,T01,1,single,B0384
B0384,2017-03-03-B0384-S05-E01-T02.c3d,S05,E01,T02,1,single,B0384
B0384,2017-03-03-B0384-S05-E02-T01.c3d,S05,E02,T01,2,multi_subject,Tarcza|B0384
B0384,2017-03-03-B0384-S05-E02-T02.c3d,S05,E02,T02,2,multi_subject,Tarcza|B0384
B0384,2017-03-03-B0384-S05-E03-T01.c3d,S05,E03,T01,2,multi_subject,B0384|B0383
B0384,2017-03-03-B0384-S05-E03-T02.c3d,S05,E03,T02,2,multi_subject,B0384|B0383
B0384,2017-03-03-B0384-S05-E04-T01.c3d,S05,E04,T01,2,multi_subject,B0385|B0384
B0384,2017-03-03-B0384-S05-E04-T02.c3d,S05,E04,T02,2,multi_subject,B0385|B0384
B0385,2017-03-03-B0385-S01-E01-T01.c3d,S01,E01,T01,1,single,B0385
B0385,2017-03-03-B0385-S01-E01-T02.c3d,S01,E01,T02,1,single,B0385
B0385,2017-03-03-B0385-S01-E02-T01.c3d,S01,E02,T01,2,multi_subject,Tarcza|B0385
B0385,2017-03-03-B0385-S01-E02-T02.c3d,S01,E02,T02,2,multi_subject,Tarcza|B0385
B0385,2017-03-03-B0385-S01-E03-T01.c3d,S01,E03,T01,2,multi_subject,B0385|B0384
B0385,2017-03-03-B0385-S01-E03-T02.c3d,S01,E03,T02,2,multi_subject,B0385|B0384
B0385,2017-03-03-B0385-S01-E03-T03.c3d,S01,E03,T03,2,multi_subject,B0385|B0384
B0385,2017-03-03-B0385-S01-E04-T01.c3d,S01,E04,T01,2,multi_subject,B0386|B0385
B0385,2017-03-03-B0385-S01-E04-T02.c3d,S01,E04,T02,2,multi_subject,B0386|B0385
B0385,2017-03-03-B0385-S02-E01-T01.c3d,S02,E01,T01,1,single,B0385
B0385,2017-03-03-B0385-S02-E01-T02.c3d,S02,E01,T02,1,single,B0385
B0385,2017-03-03-B0385-S02-E02-T01.c3d,S02,E02,T01,2,multi_subject,Tarcza|B0385
B0385,2017-03-03-B0385-S02-E02-T02.c3d,S02,E02,T02,2,multi_subject,Tarcza|B0385
B0385,2017-03-03-B0385-S02-E03-T01.c3d,S02,E03,T01,2,multi_subject,B0385|B0384
B0385,2017-03-03-B0385-S02-E03-T02.c3d,S02,E03,T02,2,multi_subject,B0385|B0384
B0385,2017-03-03-B0385-S02-E04-T01.c3d,S02,E04,T01,2,multi_subject,B0386|B0385
B0385,2017-03-03-B0385-S02-E04-T02.c3d,S02,E04,T02,2,multi_subject,B0386|B0385
B0385,2017-03-03-B0385-S03-E01-T01.c3d,S03,E01,T01,1,single,B0385
B0385,2017-03-03-B0385-S03-E01-T02.c3d,S03,E01,T02,1,single,B0385
B0385,2017-03-03-B0385-S03-E02-T01.c3d,S03,E02,T01,2,multi_subject,Tarcza|B0385
B0385,2017-03-03-B0385-S03-E02-T02.c3d,S03,E02,T02,2,multi_subject,Tarcza|B0385
B0385,2017-03-03-B0385-S03-E03-T01.c3d,S03,E03,T01,2,multi_subject,B0385|B0384
B0385,2017-03-03-B0385-S03-E03-T02.c3d,S03,E03,T02,2,multi_subject,B0385|B0384
B0385,2017-03-03-B0385-S03-E04-T01.c3d,S03,E04,T01,2,multi_subject,B0386|B0385
B0385,2017-03-03-B0385-S03-E04-T02.c3d,S03,E04,T02,2,multi_subject,B0386|B0385
B0385,2017-03-03-B0385-S04-E01-T01.c3d,S04,E01,T01,1,single,B0385
B0385,2017-03-03-B0385-S04-E01-T02.c3d,S04,E01,T02,1,single,B0385
B0385,2017-03-03-B0385-S04-E02-T01.c3d,S04,E02,T01,2,multi_subject,Tarcza|B0385
B0385,2017-03-03-B0385-S04-E02-T02.c3d,S04,E02,T02,2,multi_subject,Tarcza|B0385
B0385,2017-03-03-B0385-S04-E03-T01.c3d,S04,E03,T01,2,multi_subject,B0385|B0384
B0385,2017-03-03-B0385-S04-E03-T02.c3d,S04,E03,T02,2,multi_subject,B0385|B0384
B0385,2017-03-03-B0385-S04-E04-T01.c3d,S04,E04,T01,2,multi_subject,B0386|B0385
B0385,2017-03-03-B0385-S04-E04-T02.c3d,S04,E04,T02,2,multi_subject,B0386|B0385
B0385,2017-03-03-B0385-S04-E04-T03.c3d,S04,E04,T03,2,multi_subject,B0386|B0385
B0385,2017-03-03-B0385-S05-E01-T01.c3d,S05,E01,T01,1,single,B0385
B0385,2017-03-03-B0385-S05-E01-T02.c3d,S05,E01,T02,1,single,B0385
B0385,2017-03-03-B0385-S05-E02-T01.c3d,S05,E02,T01,2,multi_subject,Tarcza|B0385
B0385,2017-03-03-B0385-S05-E02-T02.c3d,S05,E02,T02,2,multi_subject,Tarcza|B0385
B0385,2017-03-03-B0385-S05-E03-T01.c3d,S05,E03,T01,2,multi_subject,B0385|B0384
B0385,2017-03-03-B0385-S05-E03-T02.c3d,S05,E03,T02,2,multi_subject,B0385|B0384
B0385,2017-03-03-B0385-S05-E04-T01.c3d,S05,E04,T01,2,multi_subject,B0386|B0385
B0385,2017-03-03-B0385-S05-E04-T02.c3d,S05,E04,T02,2,multi_subject,B0386|B0385
B0386,2017-03-03-B0386-S01-E01-T01.c3d,S01,E01,T01,1,single,B0386
B0386,2017-03-03-B0386-S01-E01-T02.c3d,S01,E01,T02,1,single,B0386
B0386,2017-03-03-B0386-S01-E02-T01.c3d,S01,E02,T01,2,multi_subject,Tarcza|B0386
B0386,2017-03-03-B0386-S01-E02-T02.c3d,S01,E02,T02,2,multi_subject,Tarcza|B0386
B0386,2017-03-03-B0386-S01-E03-T01.c3d,S01,E03,T01,2,multi_subject,B0386|B0385
B0386,2017-03-03-B0386-S01-E03-T02.c3d,S01,E03,T02,2,multi_subject,B0386|B0385
B0386,2017-03-03-B0386-S01-E04-T01.c3d,S01,E04,T01,2,multi_subject,B0387|B0386
B0386,2017-03-03-B0386-S01-E04-T02.c3d,S01,E04,T02,2,multi_subject,B0387|B0386
B0386,2017-03-03-B0386-S02-E01-T01.c3d,S02,E01,T01,1,single,B0386
B0386,2017-03-03-B0386-S02-E01-T02.c3d,S02,E01,T02,1,single,B0386
B0386,2017-03-03-B0386-S02-E02-T01.c3d,S02,E02,T01,2,multi_subject,Tarcza|B0386
B0386,2017-03-03-B0386-S02-E02-T02.c3d,S02,E02,T02,2,multi_subject,Tarcza|B0386
B0386,2017-03-03-B0386-S02-E03-T01.c3d,S02,E03,T01,2,multi_subject,B0386|B0385
B0386,2017-03-03-B0386-S02-E03-T02.c3d,S02,E03,T02,2,multi_subject,B0386|B0385
B0386,2017-03-03-B0386-S02-E04-T01.c3d,S02,E04,T01,2,multi_subject,B0387|B0386
B0386,2017-03-03-B0386-S02-E04-T02.c3d,S02,E04,T02,2,multi_subject,B0387|B0386
B0386,2017-03-03-B0386-S03-E01-T01.c3d,S03,E01,T01,1,single,B0386
B0386,2017-03-03-B0386-S03-E01-T02.c3d,S03,E01,T02,1,single,B0386
B0386,2017-03-03-B0386-S03-E02-T01.c3d,S03,E02,T01,2,multi_subject,Tarcza|B0386
B0386,2017-03-03-B0386-S03-E02-T02.c3d,S03,E02,T02,2,multi_subject,Tarcza|B0386
B0386,2017-03-03-B0386-S03-E03-T01.c3d,S03,E03,T01,2,multi_subject,B0386|B0385
B0386,2017-03-03-B0386-S03-E03-T02.c3d,S03,E03,T02,2,multi_subject,B0386|B0385
B0386,2017-03-03-B0386-S03-E04-T01.c3d,S03,E04,T01,2,multi_subject,B0387|B0386
B0386,2017-03-03-B0386-S03-E04-T02.c3d,S03,E04,T02,2,multi_subject,B0387|B0386
B0386,2017-03-03-B0386-S04-E01-T01.c3d,S04,E01,T01,1,single,B0386
B0386,2017-03-03-B0386-S04-E01-T02.c3d,S04,E01,T02,1,single,B0386
B0386,2017-03-03-B0386-S04-E02-T01.c3d,S04,E02,T01,2,multi_subject,Tarcza|B0386
B0386,2017-03-03-B0386-S04-E02-T02.c3d,S04,E02,T02,2,multi_subject,Tarcza|B0386
B0386,2017-03-03-B0386-S04-E03-T01.c3d,S04,E03,T01,2,multi_subject,B0386|B0385
B0386,2017-03-03-B0386-S04-E03-T02.c3d,S04,E03,T02,2,multi_subject,B0386|B0385
B0386,2017-03-03-B0386-S04-E03-T03.c3d,S04,E03,T03,2,multi_subject,B0386|B0385
B0386,2017-03-03-B0386-S04-E04-T01.c3d,S04,E04,T01,2,multi_subject,B0387|B0386
B0386,2017-03-03-B0386-S04-E04-T02.c3d,S04,E04,T02,2,multi_subject,B0387|B0386
B0386,2017-03-03-B0386-S05-E01-T01.c3d,S05,E01,T01,1,single,B0386
B0386,2017-03-03-B0386-S05-E01-T02.c3d,S05,E01,T02,1,single,B0386
B0386,2017-03-03-B0386-S05-E02-T01.c3d,S05,E02,T01,2,multi_subject,Tarcza|B0386
B0386,2017-03-03-B0386-S05-E02-T02.c3d,S05,E02,T02,2,multi_subject,Tarcza|B0386
B0386,2017-03-03-B0386-S05-E03-T01.c3d,S05,E03,T01,2,multi_subject,B0386|B0385
B0386,2017-03-03-B0386-S05-E03-T02.c3d,S05,E03,T02,2,multi_subject,B0386|B0385
B0386,2017-03-03-B0386-S05-E04-T01.c3d,S05,E04,T01,2,multi_subject,B0387|B0386
B0386,2017-03-03-B0386-S05-E04-T02.c3d,S05,E04,T02,2,multi_subject,B0387|B0386
B0387,2017-03-03-B0387-S01-E01-T01.c3d,S01,E01,T01,1,single,B0387
B0387,2017-03-03-B0387-S01-E01-T02.c3d,S01,E01,T02,1,single,B0387
B0387,2017-03-03-B0387-S01-E02-T01.c3d,S01,E02,T01,2,multi_subject,Tarcza|B0387
B0387,2017-03-03-B0387-S01-E02-T02.c3d,S01,E02,T02,2,multi_subject,Tarcza|B0387
B0387,2017-03-03-B0387-S01-E03-T01.c3d,S01,E03,T01,2,multi_subject,B0387|B0386
B0387,2017-03-03-B0387-S01-E03-T02.c3d,S01,E03,T02,2,multi_subject,B0387|B0386
B0387,2017-03-03-B0387-S01-E04-T01.c3d,S01,E04,T01,2,multi_subject,B0388|B0387
B0387,2017-03-03-B0387-S01-E04-T02.c3d,S01,E04,T02,2,multi_subject,B0388|B0387
B0387,2017-03-03-B0387-S02-E01-T01.c3d,S02,E01,T01,1,single,B0387
B0387,2017-03-03-B0387-S02-E01-T02.c3d,S02,E01,T02,1,single,B0387
B0387,2017-03-03-B0387-S02-E02-T01.c3d,S02,E02,T01,2,multi_subject,Tarcza|B0387
B0387,2017-03-03-B0387-S02-E02-T02.c3d,S02,E02,T02,2,multi_subject,Tarcza|B0387
B0387,2017-03-03-B0387-S02-E03-T01.c3d,S02,E03,T01,2,multi_subject,B0387|B0386
B0387,2017-03-03-B0387-S02-E03-T02.c3d,S02,E03,T02,2,multi_subject,B0387|B0386
B0387,2017-03-03-B0387-S02-E04-T01.c3d,S02,E04,T01,2,multi_subject,B0388|B0387
B0387,2017-03-03-B0387-S02-E04-T02.c3d,S02,E04,T02,2,multi_subject,B0388|B0387
B0387,2017-03-03-B0387-S03-E01-T01.c3d,S03,E01,T01,1,single,B0387
B0387,2017-03-03-B0387-S03-E01-T02.c3d,S03,E01,T02,1,single,B0387
B0387,2017-03-03-B0387-S03-E02-T01.c3d,S03,E02,T01,2,multi_subject,Tarcza|B0387
B0387,2017-03-03-B0387-S03-E02-T02.c3d,S03,E02,T02,2,multi_subject,Tarcza|B0387
B0387,2017-03-03-B0387-S03-E03-T01.c3d,S03,E03,T01,2,multi_subject,B0387|B0386
B0387,2017-03-03-B0387-S03-E03-T02.c3d,S03,E03,T02,2,multi_subject,B0387|B0386
B0387,2017-03-03-B0387-S03-E04-T01.c3d,S03,E04,T01,2,multi_subject,B0388|B0387
B0387,2017-03-03-B0387-S03-E04-T02.c3d,S03,E04,T02,2,multi_subject,B0388|B0387
B0387,2017-03-03-B0387-S04-E01-T01.c3d,S04,E01,T01,1,single,B0387
B0387,2017-03-03-B0387-S04-E01-T02.c3d,S04,E01,T02,1,single,B0387
B0387,2017-03-03-B0387-S04-E02-T01.c3d,S04,E02,T01,2,multi_subject,Tarcza|B0387
B0387,2017-03-03-B0387-S04-E02-T02.c3d,S04,E02,T02,2,multi_subject,Tarcza|B0387
B0387,2017-03-03-B0387-S04-E03-T01.c3d,S04,E03,T01,2,multi_subject,B0387|B0386
B0387,2017-03-03-B0387-S04-E03-T02.c3d,S04,E03,T02,2,multi_subject,B0387|B0386
B0387,2017-03-03-B0387-S04-E04-T01.c3d,S04,E04,T01,2,multi_subject,B0388|B0387
B0387,2017-03-03-B0387-S04-E04-T02.c3d,S04,E04,T02,2,multi_subject,B0388|B0387
B0387,2017-03-03-B0387-S05-E01-T01.c3d,S05,E01,T01,1,single,B0387
B0387,2017-03-03-B0387-S05-E01-T02.c3d,S05,E01,T02,1,single,B0387
B0387,2017-03-03-B0387-S05-E02-T01.c3d,S05,E02,T01,2,multi_subject,Tarcza|B0387
B0387,2017-03-03-B0387-S05-E02-T02.c3d,S05,E02,T02,2,multi_subject,Tarcza|B0387
B0387,2017-03-03-B0387-S05-E03-T01.c3d,S05,E03,T01,2,multi_subject,B0387|B0386
B0387,2017-03-03-B0387-S05-E03-T02.c3d,S05,E03,T02,2,multi_subject,B0387|B0386
B0387,2017-03-03-B0387-S05-E04-T01.c3d,S05,E04,T01,2,multi_subject,B0388|B0387
B0387,2017-03-03-B0387-S05-E04-T02.c3d,S05,E04,T02,2,multi_subject,B0388|B0387
B0388,2017-03-03-B0388-S01-E01-T01.c3d,S01,E01,T01,1,single,B0388
B0388,2017-03-03-B0388-S01-E01-T02.c3d,S01,E01,T02,1,single,B0388
B0388,2017-03-03-B0388-S01-E02-T01.c3d,S01,E02,T01,2,multi_subject,Tarcza|B0388
B0388,2017-03-03-B0388-S01-E02-T02.c3d,S01,E02,T02,2,multi_subject,Tarcza|B0388
B0388,2017-03-03-B0388-S01-E03-T01.c3d,S01,E03,T01,2,multi_subject,B0388|B0387
B0388,2017-03-03-B0388-S01-E03-T02.c3d,S01,E03,T02,2,multi_subject,B0388|B0387
B0388,2017-03-03-B0388-S01-E03-T03.c3d,S01,E03,T03,2,multi_subject,B0389|B0388
B0388,2017-03-03-B0388-S01-E03-T04.c3d,S01,E03,T04,2,multi_subject,B0389|B0388
B0388,2017-03-03-B0388-S01-E04-T01.c3d,S01,E04,T01,2,multi_subject,B0389|B0388
B0388,2017-03-03-B0388-S01-E04-T02.c3d,S01,E04,T02,2,multi_subject,B0389|B0388
B0388,2017-03-03-B0388-S02-E01-T01.c3d,S02,E01,T01,1,single,B0388
B0388,2017-03-03-B0388-S02-E01-T02.c3d,S02,E01,T02,1,single,B0388
B0388,2017-03-03-B0388-S02-E02-T01.c3d,S02,E02,T01,2,multi_subject,Tarcza|B0388
B0388,2017-03-03-B0388-S02-E02-T02.c3d,S02,E02,T02,2,multi_subject,Tarcza|B0388
B0388,2017-03-03-B0388-S02-E03-T01.c3d,S02,E03,T01,2,multi_subject,B0388|B0387
B0388,2017-03-03-B0388-S02-E03-T02.c3d,S02,E03,T02,2,multi_subject,B0388|B0387
B0388,2017-03-03-B0388-S02-E03-T03.c3d,S02,E03,T03,2,multi_subject,B0389|B0388
B0388,2017-03-03-B0388-S02-E03-T04.c3d,S02,E03,T04,2,multi_subject,B0389|B0388
B0388,2017-03-03-B0388-S02-E04-T01.c3d,S02,E04,T01,2,multi_subject,B0389|B0388
B0388,2017-03-03-B0388-S02-E04-T02.c3d,S02,E04,T02,2,multi_subject,B0389|B0388
B0388,2017-03-03-B0388-S03-E01-T01.c3d,S03,E01,T01,1,single,B0388
B0388,2017-03-03-B0388-S03-E01-T02.c3d,S03,E01,T02,1,single,B0388
B0388,2017-03-03-B0388-S03-E02-T01.c3d,S03,E02,T01,2,multi_subject,Tarcza|B0388
B0388,2017-03-03-B0388-S03-E02-T02.c3d,S03,E02,T02,2,multi_subject,Tarcza|B0388
B0388,2017-03-03-B0388-S03-E03-T01.c3d,S03,E03,T01,2,multi_subject,B0388|B0387
B0388,2017-03-03-B0388-S03-E03-T02.c3d,S03,E03,T02,2,multi_subject,B0388|B0387
B0388,2017-03-03-B0388-S03-E03-T03.c3d,S03,E03,T03,2,multi_subject,B0389|B0388
B0388,2017-03-03-B0388-S03-E03-T04.c3d,S03,E03,T04,2,multi_subject,B0389|B0388
B0388,2017-03-03-B0388-S03-E04-T01.c3d,S03,E04,T01,2,multi_subject,B0389|B0388
B0388,2017-03-03-B0388-S03-E04-T02.c3d,S03,E04,T02,2,multi_subject,B0389|B0388
B0388,2017-03-03-B0388-S04-E01-T01.c3d,S04,E01,T01,1,single,B0388
B0388,2017-03-03-B0388-S04-E01-T02.c3d,S04,E01,T02,1,single,B0388
B0388,2017-03-03-B0388-S04-E02-T01.c3d,S04,E02,T01,2,multi_subject,Tarcza|B0388
B0388,2017-03-03-B0388-S04-E02-T02.c3d,S04,E02,T02,2,multi_subject,Tarcza|B0388
B0388,2017-03-03-B0388-S04-E03-T01.c3d,S04,E03,T01,2,multi_subject,B0388|B0387
B0388,2017-03-03-B0388-S04-E03-T02.c3d,S04,E03,T02,2,multi_subject,B0388|B0387
B0388,2017-03-03-B0388-S04-E03-T03.c3d,S04,E03,T03,2,multi_subject,B0389|B0388
B0388,2017-03-03-B0388-S04-E03-T04.c3d,S04,E03,T04,2,multi_subject,B0389|B0388
B0388,2017-03-03-B0388-S04-E04-T01.c3d,S04,E04,T01,2,multi_subject,B0389|B0388
B0388,2017-03-03-B0388-S04-E04-T02.c3d,S04,E04,T02,2,multi_subject,B0389|B0388
B0388,2017-03-03-B0388-S05-E01-T01.c3d,S05,E01,T01,1,single,B0388
B0388,2017-03-03-B0388-S05-E01-T02.c3d,S05,E01,T02,2,multi_subject,Tarcza|B0388
B0388,2017-03-03-B0388-S05-E02-T01.c3d,S05,E02,T01,1,single,B0388
B0388,2017-03-03-B0388-S05-E02-T02.c3d,S05,E02,T02,2,multi_subject,Tarcza|B0388
B0388,2017-03-03-B0388-S05-E03-T01.c3d,S05,E03,T01,2,multi_subject,B0388|B0387
B0388,2017-03-03-B0388-S05-E03-T02.c3d,S05,E03,T02,2,multi_subject,B0388|B0387
B0388,2017-03-03-B0388-S05-E03-T03.c3d,S05,E03,T03,2,multi_subject,B0389|B0388
B0388,2017-03-03-B0388-S05-E03-T04.c3d,S05,E03,T04,2,multi_subject,B0389|B0388
B0388,2017-03-03-B0388-S05-E04-T01.c3d,S05,E04,T01,2,multi_subject,B0389|B0388
B0388,2017-03-03-B0388-S05-E04-T02.c3d,S05,E04,T02,2,multi_subject,B0389|B0388
B0389,2017-03-03-B0389-S01-E01-T01.c3d,S01,E01,T01,1,single,B0389
B0389,2017-03-03-B0389-S01-E01-T02.c3d,S01,E01,T02,1,single,B0389
B0389,2017-03-03-B0389-S01-E02-T01.c3d,S01,E02,T01,2,multi_subject,Tarcza|B0389
B0389,2017-03-03-B0389-S01-E02-T02.c3d,S01,E02,T02,2,multi_subject,Tarcza|B0389
B0389,2017-03-03-B0389-S01-E03-T01.c3d,S01,E03,T01,2,multi_subject,B0389|B0388
B0389,2017-03-03-B0389-S01-E03-T02.c3d,S01,E03,T02,2,multi_subject,B0389|B0388
B0389,2017-03-03-B0389-S01-E04-T01.c3d,S01,E04,T01,2,multi_subject,B0389|B0388
B0389,2017-03-03-B0389-S01-E04-T02.c3d,S01,E04,T02,2,multi_subject,B0389|B0388
B0389,2017-03-03-B0389-S02-E01-T01.c3d,S02,E01,T01,1,single,B0389
B0389,2017-03-03-B0389-S02-E01-T02.c3d,S02,E01,T02,1,single,B0389
B0389,2017-03-03-B0389-S02-E02-T01.c3d,S02,E02,T01,2,multi_subject,Tarcza|B0389
B0389,2017-03-03-B0389-S02-E02-T02.c3d,S02,E02,T02,2,multi_subject,Tarcza|B0389
B0389,2017-03-03-B0389-S02-E03-T01.c3d,S02,E03,T01,2,multi_subject,B0389|B0388
B0389,2017-03-03-B0389-S02-E03-T02.c3d,S02,E03,T02,2,multi_subject,B0389|B0388
B0389,2017-03-03-B0389-S02-E04-T01.c3d,S02,E04,T01,2,multi_subject,B0389|B0388
B0389,2017-03-03-B0389-S02-E04-T02.c3d,S02,E04,T02,2,multi_subject,B0389|B0388
B0389,2017-03-03-B0389-S03-E01-T01.c3d,S03,E01,T01,1,single,B0389
B0389,2017-03-03-B0389-S03-E01-T02.c3d,S03,E01,T02,1,single,B0389
B0389,2017-03-03-B0389-S03-E02-T01.c3d,S03,E02,T01,2,multi_subject,Tarcza|B0389
B0389,2017-03-03-B0389-S03-E02-T02.c3d,S03,E02,T02,2,multi_subject,Tarcza|B0389
B0389,2017-03-03-B0389-S03-E03-T01.c3d,S03,E03,T01,2,multi_subject,B0389|B0388
B0389,2017-03-03-B0389-S03-E03-T02.c3d,S03,E03,T02,2,multi_subject,B0389|B0388
B0389,2017-03-03-B0389-S03-E04-T01.c3d,S03,E04,T01,2,multi_subject,B0389|B0388
B0389,2017-03-03-B0389-S03-E04-T02.c3d,S03,E04,T02,2,multi_subject,B0389|B0388
B0389,2017-03-03-B0389-S04-E01-T01.c3d,S04,E01,T01,1,single,B0389
B0389,2017-03-03-B0389-S04-E01-T02.c3d,S04,E01,T02,1,single,B0389
B0389,2017-03-03-B0389-S04-E02-T01.c3d,S04,E02,T01,2,multi_subject,Tarcza|B0389
B0389,2017-03-03-B0389-S04-E02-T02.c3d,S04,E02,T02,2,multi_subject,Tarcza|B0389
B0389,2017-03-03-B0389-S04-E03-T01.c3d,S04,E03,T01,2,multi_subject,B0389|B0388
B0389,2017-03-03-B0389-S04-E03-T02.c3d,S04,E03,T02,2,multi_subject,B0389|B0388
B0389,2017-03-03-B0389-S04-E04-T01.c3d,S04,E04,T01,2,multi_subject,B0389|B0388
B0389,2017-03-03-B0389-S04-E04-T02.c3d,S04,E04,T02,2,multi_subject,B0389|B0388
B0389,2017-03-03-B0389-S05-E01-T01.c3d,S05,E01,T01,1,single,B0389
B0389,2017-03-03-B0389-S05-E01-T02.c3d,S05,E01,T02,1,single,B0389
B0389,2017-03-03-B0389-S05-E02-T01.c3d,S05,E02,T01,2,multi_subject,Tarcza|B0389
B0389,2017-03-03-B0389-S05-E02-T02.c3d,S05,E02,T02,2,multi_subject,Tarcza|B0389
B0389,2017-03-03-B0389-S05-E03-T01.c3d,S05,E03,T01,2,multi_subject,B0389|B0388
B0389,2017-03-03-B0389-S05-E03-T02.c3d,S05,E03,T02,2,multi_subject,B0389|B0388
B0389,2017-03-03-B0389-S05-E04-T01.c3d,S05,E04,T01,2,multi_subject,B0389|B0388
B0389,2017-03-03-B0389-S05-E04-T02.c3d,S05,E04,T02,2,multi_subject,B0389|B0388
B0391,2017-03-07-B0391-S01-E01-T01.c3d,S01,E01,T01,1,single,B0391
B0391,2017-03-07-B0391-S01-E01-T02.c3d,S01,E01,T02,1,single,B0391
B0391,2017-03-07-B0391-S01-E02-T01.c3d,S01,E02,T01,2,multi_subject,Tarcza|B0391
B0391,2017-03-07-B0391-S01-E02-T02.c3d,S01,E02,T02,2,multi_subject,Tarcza|B0391
B0391,2017-03-07-B0391-S01-E03-T03.c3d,S01,E03,T03,2,multi_subject,B0392|B0391
B0391,2017-03-07-B0391-S01-E03-T04.c3d,S01,E03,T04,2,multi_subject,B0392|B0391
B0391,2017-03-07-B0391-S01-E04-T01.c3d,S01,E04,T01,2,multi_subject,B0391|B0392
B0391,2017-03-07-B0391-S01-E04-T02.c3d,S01,E04,T02,2,multi_subject,B0392|B0391
B0391,2017-03-07-B0391-S02-E01-T01.c3d,S02,E01,T01,1,single,B0391
B0391,2017-03-07-B0391-S02-E01-T02.c3d,S02,E01,T02,1,single,B0391
B0391,2017-03-07-B0391-S02-E02-T01.c3d,S02,E02,T01,2,multi_subject,Tarcza|B0391
B0391,2017-03-07-B0391-S02-E02-T02.c3d,S02,E02,T02,2,multi_subject,Tarcza|B0391
B0391,2017-03-07-B0391-S02-E03-T03.c3d,S02,E03,T03,2,multi_subject,B0392|B0391
B0391,2017-03-07-B0391-S02-E03-T04.c3d,S02,E03,T04,2,multi_subject,B0392|B0391
B0391,2017-03-07-B0391-S02-E04-T01.c3d,S02,E04,T01,2,multi_subject,B0392|B0391
B0391,2017-03-07-B0391-S02-E04-T02.c3d,S02,E04,T02,2,multi_subject,B0392|B0391
B0391,2017-03-07-B0391-S03-E01-T01.c3d,S03,E01,T01,1,single,B0391
B0391,2017-03-07-B0391-S03-E01-T02.c3d,S03,E01,T02,1,single,B0391
B0391,2017-03-07-B0391-S03-E02-T01.c3d,S03,E02,T01,2,multi_subject,Tarcza|B0391
B0391,2017-03-07-B0391-S03-E02-T02.c3d,S03,E02,T02,2,multi_subject,Tarcza|B0391
B0391,2017-03-07-B0391-S03-E03-T03.c3d,S03,E03,T03,2,multi_subject,B0392|B0391
B0391,2017-03-07-B0391-S03-E03-T04.c3d,S03,E03,T04,2,multi_subject,B0392|B0391
B0391,2017-03-07-B0391-S03-E04-T01.c3d,S03,E04,T01,2,multi_subject,B0392|B0391
B0391,2017-03-07-B0391-S03-E04-T02.c3d,S03,E04,T02,2,multi_subject,B0392|B0391
B0391,2017-03-07-B0391-S04-E01-T01.c3d,S04,E01,T01,1,single,B0391
B0391,2017-03-07-B0391-S04-E01-T02.c3d,S04,E01,T02,1,single,B0391
B0391,2017-03-07-B0391-S04-E02-T01.c3d,S04,E02,T01,2,multi_subject,Tarcza|B0391
B0391,2017-03-07-B0391-S04-E02-T02.c3d,S04,E02,T02,2,multi_subject,Tarcza|B0391
B0391,2017-03-07-B0391-S04-E03-T03.c3d,S04,E03,T03,2,multi_subject,B0392|B0391
B0391,2017-03-07-B0391-S04-E03-T04.c3d,S04,E03,T04,2,multi_subject,B0392|B0391
B0391,2017-03-07-B0391-S04-E04-T01.c3d,S04,E04,T01,2,multi_subject,B0392|B0391
B0391,2017-03-07-B0391-S04-E04-T02.c3d,S04,E04,T02,2,multi_subject,B0392|B0391
B0391,2017-03-07-B0391-S05-E01-T01.c3d,S05,E01,T01,1,single,B0391
B0391,2017-03-07-B0391-S05-E01-T02.c3d,S05,E01,T02,1,single,B0391
B0391,2017-03-07-B0391-S05-E02-T01.c3d,S05,E02,T01,2,multi_subject,Tarcza|B0391
B0391,2017-03-07-B0391-S05-E02-T02.c3d,S05,E02,T02,2,multi_subject,Tarcza|B0391
B0391,2017-03-07-B0391-S05-E03-T03.c3d,S05,E03,T03,2,multi_subject,B0392|B0391
B0391,2017-03-07-B0391-S05-E03-T04.c3d,S05,E03,T04,2,multi_subject,B0392|B0391
B0391,2017-03-07-B0391-S05-E04-T01.c3d,S05,E04,T01,2,multi_subject,B0392|B0391
B0391,2017-03-07-B0391-S05-E04-T02.c3d,S05,E04,T02,2,multi_subject,B0392|B0391
B0392,2017-03-07-B0392-S01-E01-T01.c3d,S01,E01,T01,1,single,B0392
B0392,2017-03-07-B0392-S01-E01-T02.c3d,S01,E01,T02,1,single,B0392
B0392,2017-03-07-B0392-S01-E02-T01.c3d,S01,E02,T01,2,multi_subject,Tarcza|B0392
B0392,2017-03-07-B0392-S01-E02-T02.c3d,S01,E02,T02,2,multi_subject,Tarcza|B0392
B0392,2017-03-07-B0392-S01-E03-T01.c3d,S01,E03,T01,2,multi_subject,B0391|B0392
B0392,2017-03-07-B0392-S01-E03-T02.c3d,S01,E03,T02,2,multi_subject,B0392|B0391
B0392,2017-03-07-B0392-S01-E04-T03.c3d,S01,E04,T03,2,multi_subject,B0392|B0391
B0392,2017-03-07-B0392-S01-E04-T04.c3d,S01,E04,T04,2,multi_subject,B0392|B0391
B0392,2017-03-07-B0392-S02-E01-T01.c3d,S02,E01,T01,1,single,B0392
B0392,2017-03-07-B0392-S02-E01-T02.c3d,S02,E01,T02,1,single,B0392
B0392,2017-03-07-B0392-S02-E02-T01.c3d,S02,E02,T01,2,multi_subject,Tarcza|B0392
B0392,2017-03-07-B0392-S02-E02-T02.c3d,S02,E02,T02,2,multi_subject,Tarcza|B0392
B0392,2017-03-07-B0392-S02-E03-T01.c3d,S02,E03,T01,2,multi_subject,B0392|B0391
B0392,2017-03-07-B0392-S02-E03-T02.c3d,S02,E03,T02,2,multi_subject,B0392|B0391
B0392,2017-03-07-B0392-S02-E04-T03.c3d,S02,E04,T03,2,multi_subject,B0392|B0391
B0392,2017-03-07-B0392-S02-E04-T04.c3d,S02,E04,T04,2,multi_subject,B0392|B0391
B0392,2017-03-07-B0392-S03-E01-T01.c3d,S03,E01,T01,1,single,B0392
B0392,2017-03-07-B0392-S03-E01-T02.c3d,S03,E01,T02,1,single,B0392
B0392,2017-03-07-B0392-S03-E02-T01.c3d,S03,E02,T01,2,multi_subject,Tarcza|B0392
B0392,2017-03-07-B0392-S03-E02-T02.c3d,S03,E02,T02,2,multi_subject,Tarcza|B0392
B0392,2017-03-07-B0392-S03-E03-T01.c3d,S03,E03,T01,2,multi_subject,B0392|B0391
B0392,2017-03-07-B0392-S03-E03-T02.c3d,S03,E03,T02,2,multi_subject,B0392|B0391
B0392,2017-03-07-B0392-S03-E04-T03.c3d,S03,E04,T03,2,multi_subject,B0392|B0391
B0392,2017-03-07-B0392-S03-E04-T04.c3d,S03,E04,T04,2,multi_subject,B0392|B0391
B0392,2017-03-07-B0392-S04-E01-T01.c3d,S04,E01,T01,1,single,B0392
B0392,2017-03-07-B0392-S04-E01-T02.c3d,S04,E01,T02,1,single,B0392
B0392,2017-03-07-B0392-S04-E02-T01.c3d,S04,E02,T01,2,multi_subject,Tarcza|B0392
B0392,2017-03-07-B0392-S04-E02-T02.c3d,S04,E02,T02,2,multi_subject,Tarcza|B0392
B0392,2017-03-07-B0392-S04-E03-T01.c3d,S04,E03,T01,2,multi_subject,B0392|B0391
B0392,2017-03-07-B0392-S04-E03-T02.c3d,S04,E03,T02,2,multi_subject,B0392|B0391
B0392,2017-03-07-B0392-S04-E04-T03.c3d,S04,E04,T03,2,multi_subject,B0392|B0391
B0392,2017-03-07-B0392-S04-E04-T04.c3d,S04,E04,T04,2,multi_subject,B0392|B0391
B0392,2017-03-07-B0392-S05-E01-T01.c3d,S05,E01,T01,1,single,B0392
B0392,2017-03-07-B0392-S05-E01-T02.c3d,S05,E01,T02,1,single,B0392
B0392,2017-03-07-B0392-S05-E02-T01.c3d,S05,E02,T01,2,multi_subject,Tarcza|B0392
B0392,2017-03-07-B0392-S05-E02-T02.c3d,S05,E02,T02,2,multi_subject,Tarcza|B0392
B0392,2017-03-07-B0392-S05-E03-T01.c3d,S05,E03,T01,2,multi_subject,B0392|B0391
B0392,2017-03-07-B0392-S05-E03-T02.c3d,S05,E03,T02,2,multi_subject,B0392|B0391
B0392,2017-03-07-B0392-S05-E04-T03.c3d,S05,E04,T03,2,multi_subject,B0392|B0391
B0392,2017-03-07-B0392-S05-E04-T04.c3d,S05,E04,T04,2,multi_subject,B0392|B0391
B0393,2017-03-07-B0393-S01-E01-T01.c3d,S01,E01,T01,1,single,B0393
B0393,2017-03-07-B0393-S01-E01-T02.c3d,S01,E01,T02,1,single,B0393
B0393,2017-03-07-B0393-S01-E02-T01.c3d,S01,E02,T01,2,multi_subject,Tarcza|B0393
B0393,2017-03-07-B0393-S01-E02-T02.c3d,S01,E02,T02,2,multi_subject,Tarcza|B0393
B0393,2017-03-07-B0393-S01-E02-T03.c3d,S01,E02,T03,2,multi_subject,Tarcza|B0393
B0393,2017-03-07-B0393-S01-E02-T04.c3d,S01,E02,T04,2,multi_subject,Tarcza|B0393
B0393,2017-03-07-B0393-S01-E02-T05.c3d,S01,E02,T05,2,multi_subject,Tarcza|B0393
B0393,2017-03-07-B0393-S01-E03-T01.c3d,S01,E03,T01,2,multi_subject,B0394|B0393
B0393,2017-03-07-B0393-S01-E03-T02.c3d,S01,E03,T02,2,multi_subject,B0394|B0393
B0393,2017-03-07-B0393-S01-E04-T01.c3d,S01,E04,T01,2,multi_subject,B0394|B0393
B0393,2017-03-07-B0393-S01-E04-T02.c3d,S01,E04,T02,2,multi_subject,B0394|B0393
B0393,2017-03-07-B0393-S02-E01-T01.c3d,S02,E01,T01,1,single,B0393
B0393,2017-03-07-B0393-S02-E01-T02.c3d,S02,E01,T02,1,single,B0393
B0393,2017-03-07-B0393-S02-E02-T01.c3d,S02,E02,T01,2,multi_subject,Tarcza|B0393
B0393,2017-03-07-B0393-S02-E02-T02.c3d,S02,E02,T02,2,multi_subject,Tarcza|B0393
B0393,2017-03-07-B0393-S02-E03-T01.c3d,S02,E03,T01,2,multi_subject,B0394|B0393
B0393,2017-03-07-B0393-S02-E03-T02.c3d,S02,E03,T02,2,multi_subject,B0394|B0393
B0393,2017-03-07-B0393-S02-E04-T01.c3d,S02,E04,T01,2,multi_subject,B0394|B0393
B0393,2017-03-07-B0393-S02-E04-T02.c3d,S02,E04,T02,2,multi_subject,B0394|B0393
B0393,2017-03-07-B0393-S03-E01-T01.c3d,S03,E01,T01,1,single,B0393
B0393,2017-03-07-B0393-S03-E01-T02.c3d,S03,E01,T02,1,single,B0393
B0393,2017-03-07-B0393-S03-E02-T01.c3d,S03,E02,T01,2,multi_subject,Tarcza|B0393
B0393,2017-03-07-B0393-S03-E02-T02.c3d,S03,E02,T02,2,multi_subject,Tarcza|B0393
B0393,2017-03-07-B0393-S03-E02-T03.c3d,S03,E02,T03,2,multi_subject,Tarcza|B0393
B0393,2017-03-07-B0393-S03-E03-T01.c3d,S03,E03,T01,2,multi_subject,B0394|B0393
B0393,2017-03-07-B0393-S03-E03-T02.c3d,S03,E03,T02,2,multi_subject,B0394|B0393
B0393,2017-03-07-B0393-S03-E04-T01.c3d,S03,E04,T01,2,multi_subject,B0394|B0393
B0393,2017-03-07-B0393-S03-E04-T02.c3d,S03,E04,T02,2,multi_subject,B0394|B0393
B0393,2017-03-07-B0393-S04-E01-T01.c3d,S04,E01,T01,1,single,B0393
B0393,2017-03-07-B0393-S04-E01-T02.c3d,S04,E01,T02,1,single,B0393
B0393,2017-03-07-B0393-S04-E02-T01.c3d,S04,E02,T01,2,multi_subject,Tarcza|B0393
B0393,2017-03-07-B0393-S04-E02-T02.c3d,S04,E02,T02,2,multi_subject,Tarcza|B0393
B0393,2017-03-07-B0393-S04-E03-T01.c3d,S04,E03,T01,2,multi_subject,B0394|B0393
B0393,2017-03-07-B0393-S04-E03-T02.c3d,S04,E03,T02,2,multi_subject,B0394|B0393
B0393,2017-03-07-B0393-S04-E04-T01.c3d,S04,E04,T01,2,multi_subject,B0394|B0393
B0393,2017-03-07-B0393-S04-E04-T02.c3d,S04,E04,T02,2,multi_subject,B0394|B0393
B0393,2017-03-07-B0393-S05-E01-T01.c3d,S05,E01,T01,1,single,B0393
B0393,2017-03-07-B0393-S05-E01-T02.c3d,S05,E01,T02,1,single,B0393
B0393,2017-03-07-B0393-S05-E02-T01.c3d,S05,E02,T01,2,multi_subject,Tarcza|B0393
B0393,2017-03-07-B0393-S05-E02-T02.c3d,S05,E02,T02,2,multi_subject,Tarcza|B0393
B0393,2017-03-07-B0393-S05-E03-T01.c3d,S05,E03,T01,2,multi_subject,B0394|B0393
B0393,2017-03-07-B0393-S05-E03-T02.c3d,S05,E03,T02,2,multi_subject,B0394|B0393
B0393,2017-03-07-B0393-S05-E04-T01.c3d,S05,E04,T01,2,multi_subject,B0394|B0393
B0393,2017-03-07-B0393-S05-E04-T02.c3d,S05,E04,T02,2,multi_subject,B0394|B0393
B0394,2017-03-07-B0394-S01-E01-T01.c3d,S01,E01,T01,1,single,B0394
B0394,2017-03-07-B0394-S01-E01-T02.c3d,S01,E01,T02,1,single,B0394
B0394,2017-03-07-B0394-S01-E02-T01.c3d,S01,E02,T01,2,multi_subject,Tarcza|B0394
B0394,2017-03-07-B0394-S01-E02-T02.c3d,S01,E02,T02,2,multi_subject,Tarcza|B0394
B0394,2017-03-07-B0394-S01-E03-T01.c3d,S01,E03,T01,2,multi_subject,B0394|B0393
B0394,2017-03-07-B0394-S01-E03-T02.c3d,S01,E03,T02,2,multi_subject,B0394|B0393
B0394,2017-03-07-B0394-S01-E04-T01.c3d,S01,E04,T01,2,multi_subject,B0394|B0393
B0394,2017-03-07-B0394-S01-E04-T02.c3d,S01,E04,T02,2,multi_subject,B0394|B0393
B0394,2017-03-07-B0394-S02-E01-T01.c3d,S02,E01,T01,1,single,B0394
B0394,2017-03-07-B0394-S02-E01-T02.c3d,S02,E01,T02,1,single,B0394
B0394,2017-03-07-B0394-S02-E02-T01.c3d,S02,E02,T01,2,multi_subject,Tarcza|B0394
B0394,2017-03-07-B0394-S02-E02-T02.c3d,S02,E02,T02,2,multi_subject,Tarcza|B0394
B0394,2017-03-07-B0394-S02-E03-T01.c3d,S02,E03,T01,2,multi_subject,B0394|B0393
B0394,2017-03-07-B0394-S02-E03-T02.c3d,S02,E03,T02,2,multi_subject,B0394|B0393
B0394,2017-03-07-B0394-S02-E04-T01.c3d,S02,E04,T01,2,multi_subject,B0394|B0393
B0394,2017-03-07-B0394-S02-E04-T02.c3d,S02,E04,T02,2,multi_subject,B0394|B0393
B0394,2017-03-07-B0394-S03-E01-T01.c3d,S03,E01,T01,1,single,B0394
B0394,2017-03-07-B0394-S03-E01-T02.c3d,S03,E01,T02,1,single,B0394
B0394,2017-03-07-B0394-S03-E02-T01.c3d,S03,E02,T01,2,multi_subject,Tarcza|B0394
B0394,2017-03-07-B0394-S03-E02-T02.c3d,S03,E02,T02,2,multi_subject,Tarcza|B0394
B0394,2017-03-07-B0394-S03-E03-T01.c3d,S03,E03,T01,2,multi_subject,B0394|B0393
B0394,2017-03-07-B0394-S03-E03-T02.c3d,S03,E03,T02,2,multi_subject,B0394|B0393
B0394,2017-03-07-B0394-S03-E04-T01.c3d,S03,E04,T01,2,multi_subject,B0394|B0393
B0394,2017-03-07-B0394-S03-E04-T02.c3d,S03,E04,T02,2,multi_subject,B0394|B0393
B0394,2017-03-07-B0394-S04-E01-T01.c3d,S04,E01,T01,1,single,B0394
B0394,2017-03-07-B0394-S04-E01-T02.c3d,S04,E01,T02,1,single,B0394
B0394,2017-03-07-B0394-S04-E02-T01.c3d,S04,E02,T01,2,multi_subject,Tarcza|B0394
B0394,2017-03-07-B0394-S04-E02-T02.c3d,S04,E02,T02,2,multi_subject,Tarcza|B0394
B0394,2017-03-07-B0394-S04-E03-T01.c3d,S04,E03,T01,2,multi_subject,B0394|B0393
B0394,2017-03-07-B0394-S04-E03-T02.c3d,S04,E03,T02,2,multi_subject,B0394|B0393
B0394,2017-03-07-B0394-S04-E04-T01.c3d,S04,E04,T01,2,multi_subject,B0394|B0393
B0394,2017-03-07-B0394-S04-E04-T02.c3d,S04,E04,T02,2,multi_subject,B0394|B0393
B0394,2017-03-07-B0394-S05-E01-T01.c3d,S05,E01,T01,1,single,B0394
B0394,2017-03-07-B0394-S05-E01-T02.c3d,S05,E01,T02,1,single,B0394
B0394,2017-03-07-B0394-S05-E02-T01.c3d,S05,E02,T01,2,multi_subject,Tarcza|B0394
B0394,2017-03-07-B0394-S05-E02-T02.c3d,S05,E02,T02,2,multi_subject,Tarcza|B0394
B0394,2017-03-07-B0394-S05-E03-T01.c3d,S05,E03,T01,2,multi_subject,B0394|B0393
B0394,2017-03-07-B0394-S05-E03-T02.c3d,S05,E03,T02,2,multi_subject,B0394|B0393
B0394,2017-03-07-B0394-S05-E04-T01.c3d,S05,E04,T01,2,multi_subject,B0394|B0393
B0394,2017-03-07-B0394-S05-E04-T02.c3d,S05,E04,T02,2,multi_subject,B0394|B0393
B0395,2017-03-07-B0395-S01-E01-T01.c3d,S01,E01,T01,1,single,B0395
B0395,2017-03-07-B0395-S01-E01-T02.c3d,S01,E01,T02,1,single,B0395
B0395,2017-03-07-B0395-S01-E02-T01.c3d,S01,E02,T01,2,multi_subject,Tarcza|B0395
B0395,2017-03-07-B0395-S01-E02-T02.c3d,S01,E02,T02,2,multi_subject,Tarcza|B0395
B0395,2017-03-07-B0395-S01-E03-T01.c3d,S01,E03,T01,2,multi_subject,B0396|B0395
B0395,2017-03-07-B0395-S01-E03-T02.c3d,S01,E03,T02,2,multi_subject,B0396|B0395
B0395,2017-03-07-B0395-S01-E03-T03.c3d,S01,E03,T03,2,multi_subject,B0396|B0395
B0395,2017-03-07-B0395-S01-E04-T01.c3d,S01,E04,T01,2,multi_subject,B0396|B0395
B0395,2017-03-07-B0395-S01-E04-T02.c3d,S01,E04,T02,2,multi_subject,B0396|B0395
B0395,2017-03-07-B0395-S02-E01-T01.c3d,S02,E01,T01,1,single,B0395
B0395,2017-03-07-B0395-S02-E01-T02.c3d,S02,E01,T02,1,single,B0395
B0395,2017-03-07-B0395-S02-E02-T01.c3d,S02,E02,T01,2,multi_subject,Tarcza|B0395
B0395,2017-03-07-B0395-S02-E02-T02.c3d,S02,E02,T02,2,multi_subject,Tarcza|B0395
B0395,2017-03-07-B0395-S02-E03-T01.c3d,S02,E03,T01,2,multi_subject,B0396|B0395
B0395,2017-03-07-B0395-S02-E03-T02.c3d,S02,E03,T02,2,multi_subject,B0396|B0395
B0395,2017-03-07-B0395-S02-E04-T01.c3d,S02,E04,T01,2,multi_subject,B0396|B0395
B0395,2017-03-07-B0395-S02-E04-T02.c3d,S02,E04,T02,2,multi_subject,B0396|B0395
B0395,2017-03-07-B0395-S03-E01-T01.c3d,S03,E01,T01,1,single,B0395
B0395,2017-03-07-B0395-S03-E01-T02.c3d,S03,E01,T02,1,single,B0395
B0395,2017-03-07-B0395-S03-E02-T01.c3d,S03,E02,T01,2,multi_subject,Tarcza|B0395
B0395,2017-03-07-B0395-S03-E02-T02.c3d,S03,E02,T02,2,multi_subject,Tarcza|B0395
B0395,2017-03-07-B0395-S03-E03-T01.c3d,S03,E03,T01,2,multi_subject,B0396|B0395
B0395,2017-03-07-B0395-S03-E03-T02.c3d,S03,E03,T02,2,multi_subject,B0396|B0395
B0395,2017-03-07-B0395-S03-E04-T01.c3d,S03,E04,T01,2,multi_subject,B0396|B0395
B0395,2017-03-07-B0395-S03-E04-T02.c3d,S03,E04,T02,2,multi_subject,B0396|B0395
B0395,2017-03-07-B0395-S04-E01-T01.c3d,S04,E01,T01,1,single,B0395
B0395,2017-03-07-B0395-S04-E01-T02.c3d,S04,E01,T02,1,single,B0395
B0395,2017-03-07-B0395-S04-E02-T01.c3d,S04,E02,T01,2,multi_subject,Tarcza|B0395
B0395,2017-03-07-B0395-S04-E02-T02.c3d,S04,E02,T02,2,multi_subject,Tarcza|B0395
B0395,2017-03-07-B0395-S04-E03-T01.c3d,S04,E03,T01,2,multi_subject,B0396|B0395
B0395,2017-03-07-B0395-S04-E03-T02.c3d,S04,E03,T02,2,multi_subject,B0396|B0395
B0395,2017-03-07-B0395-S04-E04-T01.c3d,S04,E04,T01,2,multi_subject,B0396|B0395
B0395,2017-03-07-B0395-S04-E04-T02.c3d,S04,E04,T02,2,multi_subject,B0396|B0395
B0395,2017-03-07-B0395-S05-E01-T01.c3d,S05,E01,T01,1,single,B0395
B0395,2017-03-07-B0395-S05-E01-T02.c3d,S05,E01,T02,1,single,B0395
B0395,2017-03-07-B0395-S05-E02-T01.c3d,S05,E02,T01,2,multi_subject,Tarcza|B0395
B0395,2017-03-07-B0395-S05-E02-T02.c3d,S05,E02,T02,2,multi_subject,Tarcza|B0395
B0395,2017-03-07-B0395-S05-E03-T01.c3d,S05,E03,T01,2,multi_subject,B0396|B0395
B0395,2017-03-07-B0395-S05-E03-T02.c3d,S05,E03,T02,2,multi_subject,B0396|B0395
B0395,2017-03-07-B0395-S05-E04-T01.c3d,S05,E04,T01,2,multi_subject,B0396|B0395
B0395,2017-03-07-B0395-S05-E04-T02.c3d,S05,E04,T02,2,multi_subject,B0396|B0395
B0396,2017-03-07-B0396-S01-E01-T01.c3d,S01,E01,T01,1,single,B0396
B0396,2017-03-07-B0396-S01-E01-T02.c3d,S01,E01,T02,1,single,B0396
B0396,2017-03-07-B0396-S01-E02-T01.c3d,S01,E02,T01,2,multi_subject,Tarcza|B0396
B0396,2017-03-07-B0396-S01-E02-T02.c3d,S01,E02,T02,2,multi_subject,Tarcza|B0396
B0396,2017-03-07-B0396-S01-E03-T01.c3d,S01,E03,T01,2,multi_subject,B0396|B0395
B0396,2017-03-07-B0396-S01-E03-T02.c3d,S01,E03,T02,2,multi_subject,B0396|B0395
B0396,2017-03-07-B0396-S01-E04-T01.c3d,S01,E04,T01,2,multi_subject,B0396|B0395
B0396,2017-03-07-B0396-S01-E04-T02.c3d,S01,E04,T02,2,multi_subject,B0396|B0395
B0396,2017-03-07-B0396-S01-E04-T03.c3d,S01,E04,T03,2,multi_subject,B0396|B0395
B0396,2017-03-07-B0396-S02-E01-T01.c3d,S02,E01,T01,1,single,B0396
B0396,2017-03-07-B0396-S02-E01-T02.c3d,S02,E01,T02,1,single,B0396
B0396,2017-03-07-B0396-S02-E02-T01.c3d,S02,E02,T01,2,multi_subject,Tarcza|B0396
B0396,2017-03-07-B0396-S02-E02-T02.c3d,S02,E02,T02,2,multi_subject,Tarcza|B0396
B0396,2017-03-07-B0396-S02-E03-T01.c3d,S02,E03,T01,2,multi_subject,B0396|B0395
B0396,2017-03-07-B0396-S02-E03-T02.c3d,S02,E03,T02,2,multi_subject,B0396|B0395
B0396,2017-03-07-B0396-S02-E04-T01.c3d,S02,E04,T01,2,multi_subject,B0396|B0395
B0396,2017-03-07-B0396-S02-E04-T02.c3d,S02,E04,T02,2,multi_subject,B0396|B0395
B0396,2017-03-07-B0396-S03-E01-T01.c3d,S03,E01,T01,1,single,B0396
B0396,2017-03-07-B0396-S03-E01-T02.c3d,S03,E01,T02,1,single,B0396
B0396,2017-03-07-B0396-S03-E02-T01.c3d,S03,E02,T01,1,single,B0396
B0396,2017-03-07-B0396-S03-E02-T02.c3d,S03,E02,T02,2,multi_subject,Tarcza|B0396
B0396,2017-03-07-B0396-S03-E03-T01.c3d,S03,E03,T01,2,multi_subject,B0396|B0395
B0396,2017-03-07-B0396-S03-E03-T02.c3d,S03,E03,T02,2,multi_subject,B0396|B0395
B0396,2017-03-07-B0396-S03-E04-T01.c3d,S03,E04,T01,2,multi_subject,B0396|B0395
B0396,2017-03-07-B0396-S03-E04-T02.c3d,S03,E04,T02,2,multi_subject,B0396|B0395
B0396,2017-03-07-B0396-S04-E01-T01.c3d,S04,E01,T01,1,single,B0396
B0396,2017-03-07-B0396-S04-E01-T02.c3d,S04,E01,T02,1,single,B0396
B0396,2017-03-07-B0396-S04-E02-T01.c3d,S04,E02,T01,2,multi_subject,Tarcza|B0396
B0396,2017-03-07-B0396-S04-E02-T02.c3d,S04,E02,T02,2,multi_subject,Tarcza|B0396
B0396,2017-03-07-B0396-S04-E03-T01.c3d,S04,E03,T01,2,multi_subject,B0396|B0395
B0396,2017-03-07-B0396-S04-E03-T02.c3d,S04,E03,T02,2,multi_subject,B0396|B0395
B0396,2017-03-07-B0396-S04-E04-T01.c3d,S04,E04,T01,2,multi_subject,B0396|B0395
B0396,2017-03-07-B0396-S04-E04-T02.c3d,S04,E04,T02,2,multi_subject,B0396|B0395
B0396,2017-03-07-B0396-S05-E01-T01.c3d,S05,E01,T01,1,single,B0396
B0396,2017-03-07-B0396-S05-E01-T02.c3d,S05,E01,T02,1,single,B0396
B0396,2017-03-07-B0396-S05-E02-T01.c3d,S05,E02,T01,2,multi_subject,Tarcza|B0396
B0396,2017-03-07-B0396-S05-E02-T02.c3d,S05,E02,T02,2,multi_subject,Tarcza|B0396
B0396,2017-03-07-B0396-S05-E03-T01.c3d,S05,E03,T01,2,multi_subject,B0396|B0395
B0396,2017-03-07-B0396-S05-E03-T02.c3d,S05,E03,T02,2,multi_subject,B0396|B0395
B0396,2017-03-07-B0396-S05-E04-T01.c3d,S05,E04,T01,2,multi_subject,B0396|B0395
B0396,2017-03-07-B0396-S05-E04-T02.c3d,S05,E04,T02,2,multi_subject,B0396|B0395
B0398,2017-03-28-B0398-S01-E01-T01.c3d,S01,E01,T01,1,single,B0398
B0398,2017-03-28-B0398-S01-E01-T02.c3d,S01,E01,T02,1,single,B0398
B0398,2017-03-28-B0398-S01-E02-T01.c3d,S01,E02,T01,2,multi_subject,Tarcza|B0398
B0398,2017-03-28-B0398-S01-E02-T02.c3d,S01,E02,T02,2,multi_subject,Tarcza|B0398
B0398,2017-03-28-B0398-S01-E03-T01.c3d,S01,E03,T01,2,multi_subject,B0399|B0398
B0398,2017-03-28-B0398-S01-E03-T02.c3d,S01,E03,T02,2,multi_subject,B0399|B0398
B0398,2017-03-28-B0398-S01-E04-T01.c3d,S01,E04,T01,2,multi_subject,B0399|B0398
B0398,2017-03-28-B0398-S01-E04-T02.c3d,S01,E04,T02,2,multi_subject,B0399|B0398
B0398,2017-03-28-B0398-S02-E01-T01.c3d,S02,E01,T01,1,single,B0398
B0398,2017-03-28-B0398-S02-E01-T02.c3d,S02,E01,T02,1,single,B0398
B0398,2017-03-28-B0398-S02-E02-T01.c3d,S02,E02,T01,2,multi_subject,Tarcza|B0398
B0398,2017-03-28-B0398-S02-E02-T02.c3d,S02,E02,T02,2,multi_subject,Tarcza|B0398
B0398,2017-03-28-B0398-S02-E03-T01.c3d,S02,E03,T01,2,multi_subject,B0399|B0398
B0398,2017-03-28-B0398-S02-E03-T02.c3d,S02,E03,T02,2,multi_subject,B0399|B0398
B0398,2017-03-28-B0398-S02-E04-T01.c3d,S02,E04,T01,2,multi_subject,B0399|B0398
B0398,2017-03-28-B0398-S02-E04-T02.c3d,S02,E04,T02,2,multi_subject,B0399|B0398
B0398,2017-03-28-B0398-S03-E01-T01.c3d,S03,E01,T01,1,single,B0398
B0398,2017-03-28-B0398-S03-E01-T02.c3d,S03,E01,T02,1,single,B0398
B0398,2017-03-28-B0398-S03-E02-T01.c3d,S03,E02,T01,2,multi_subject,Tarcza|B0398
B0398,2017-03-28-B0398-S03-E02-T02.c3d,S03,E02,T02,2,multi_subject,Tarcza|B0398
B0398,2017-03-28-B0398-S03-E03-T01.c3d,S03,E03,T01,2,multi_subject,B0399|B0398
B0398,2017-03-28-B0398-S03-E03-T02.c3d,S03,E03,T02,2,multi_subject,B0399|B0398
B0398,2017-03-28-B0398-S03-E04-T01.c3d,S03,E04,T01,2,multi_subject,B0399|B0398
B0398,2017-03-28-B0398-S03-E04-T02.c3d,S03,E04,T02,2,multi_subject,B0399|B0398
B0398,2017-03-28-B0398-S04-E01-T01.c3d,S04,E01,T01,1,single,B0398
B0398,2017-03-28-B0398-S04-E01-T02.c3d,S04,E01,T02,1,single,B0398
B0398,2017-03-28-B0398-S04-E02-T01.c3d,S04,E02,T01,2,multi_subject,Tarcza|B0398
B0398,2017-03-28-B0398-S04-E02-T02.c3d,S04,E02,T02,2,multi_subject,Tarcza|B0398
B0398,2017-03-28-B0398-S04-E03-T01.c3d,S04,E03,T01,2,multi_subject,B0399|B0398
B0398,2017-03-28-B0398-S04-E03-T02.c3d,S04,E03,T02,2,multi_subject,B0399|B0398
B0398,2017-03-28-B0398-S04-E04-T01.c3d,S04,E04,T01,2,multi_subject,B0399|B0398
B0398,2017-03-28-B0398-S04-E04-T02.c3d,S04,E04,T02,2,multi_subject,B0399|B0398
B0398,2017-03-28-B0398-S05-E01-T01.c3d,S05,E01,T01,1,single,B0398
B0398,2017-03-28-B0398-S05-E01-T02.c3d,S05,E01,T02,1,single,B0398
B0398,2017-03-28-B0398-S05-E02-T01.c3d,S05,E02,T01,2,multi_subject,Tarcza|B0398
B0398,2017-03-28-B0398-S05-E02-T02.c3d,S05,E02,T02,2,multi_subject,Tarcza|B0398
B0398,2017-03-28-B0398-S05-E03-T01.c3d,S05,E03,T01,2,multi_subject,B0399|B0398
B0398,2017-03-28-B0398-S05-E03-T02.c3d,S05,E03,T02,2,multi_subject,B0399|B0398
B0398,2017-03-28-B0398-S05-E04-T01.c3d,S05,E04,T01,2,multi_subject,B0399|B0398
B0399,2017-03-28-B0399-S01-E01-T01.c3d,S01,E01,T01,1,single,B0399
B0399,2017-03-28-B0399-S01-E01-T02.c3d,S01,E01,T02,1,single,B0399
B0399,2017-03-28-B0399-S01-E02-T01.c3d,S01,E02,T01,2,multi_subject,Tarcza|B0399
B0399,2017-03-28-B0399-S01-E02-T02.c3d,S01,E02,T02,2,multi_subject,Tarcza|B0399
B0399,2017-03-28-B0399-S01-E03-T01.c3d,S01,E03,T01,2,multi_subject,B0399|B0398
B0399,2017-03-28-B0399-S01-E03-T02.c3d,S01,E03,T02,2,multi_subject,B0399|B0398
B0399,2017-03-28-B0399-S01-E04-T01.c3d,S01,E04,T01,2,multi_subject,B0399|B0398
B0399,2017-03-28-B0399-S01-E04-T02.c3d,S01,E04,T02,2,multi_subject,B0399|B0398
B0399,2017-03-28-B0399-S02-E01-T01.c3d,S02,E01,T01,1,single,B0399
B0399,2017-03-28-B0399-S02-E01-T02.c3d,S02,E01,T02,1,single,B0399
B0399,2017-03-28-B0399-S02-E02-T01.c3d,S02,E02,T01,2,multi_subject,Tarcza|B0399
B0399,2017-03-28-B0399-S02-E02-T02.c3d,S02,E02,T02,2,multi_subject,Tarcza|B0399
B0399,2017-03-28-B0399-S02-E03-T01.c3d,S02,E03,T01,2,multi_subject,B0399|B0398
B0399,2017-03-28-B0399-S02-E03-T02.c3d,S02,E03,T02,2,multi_subject,B0399|B0398
B0399,2017-03-28-B0399-S02-E04-T01.c3d,S02,E04,T01,2,multi_subject,B0399|B0398
B0399,2017-03-28-B0399-S02-E04-T02.c3d,S02,E04,T02,2,multi_subject,B0399|B0398
B0399,2017-03-28-B0399-S03-E01-T01.c3d,S03,E01,T01,1,single,B0399
B0399,2017-03-28-B0399-S03-E01-T02.c3d,S03,E01,T02,1,single,B0399
B0399,2017-03-28-B0399-S03-E02-T01.c3d,S03,E02,T01,2,multi_subject,Tarcza|B0399
B0399,2017-03-28-B0399-S03-E02-T02.c3d,S03,E02,T02,2,multi_subject,Tarcza|B0399
B0399,2017-03-28-B0399-S03-E03-T01.c3d,S03,E03,T01,2,multi_subject,B0399|B0398
B0399,2017-03-28-B0399-S03-E03-T02.c3d,S03,E03,T02,2,multi_subject,B0399|B0398
B0399,2017-03-28-B0399-S03-E04-T01.c3d,S03,E04,T01,2,multi_subject,B0399|B0398
B0399,2017-03-28-B0399-S03-E04-T02.c3d,S03,E04,T02,2,multi_subject,B0399|B0398
B0399,2017-03-28-B0399-S04-E01-T01.c3d,S04,E01,T01,1,single,B0399
B0399,2017-03-28-B0399-S04-E01-T02.c3d,S04,E01,T02,1,single,B0399
B0399,2017-03-28-B0399-S04-E02-T01.c3d,S04,E02,T01,2,multi_subject,Tarcza|B0399
B0399,2017-03-28-B0399-S04-E02-T02.c3d,S04,E02,T02,2,multi_subject,Tarcza|B0399
B0399,2017-03-28-B0399-S04-E03-T01.c3d,S04,E03,T01,2,multi_subject,B0399|B0398
B0399,2017-03-28-B0399-S04-E03-T02.c3d,S04,E03,T02,2,multi_subject,B0399|B0398
B0399,2017-03-28-B0399-S04-E04-T01.c3d,S04,E04,T01,2,multi_subject,B0399|B0398
B0399,2017-03-28-B0399-S04-E04-T02.c3d,S04,E04,T02,2,multi_subject,B0399|B0398
B0399,2017-03-28-B0399-S05-E01-T01.c3d,S05,E01,T01,1,single,B0399
B0399,2017-03-28-B0399-S05-E01-T02.c3d,S05,E01,T02,1,single,B0399
B0399,2017-03-28-B0399-S05-E02-T01.c3d,S05,E02,T01,2,multi_subject,Tarcza|B0399
B0399,2017-03-28-B0399-S05-E02-T02.c3d,S05,E02,T02,2,multi_subject,Tarcza|B0399
B0399,2017-03-28-B0399-S05-E03-T01.c3d,S05,E03,T01,2,multi_subject,B0399|B0398
B0399,2017-03-28-B0399-S05-E04-T01.c3d,S05,E04,T01,2,multi_subject,B0399|B0398
B0399,2017-03-28-B0399-S05-E04-T02.c3d,S05,E04,T02,2,multi_subject,B0399|B0398
B0400,2017-03-28-B0400-S01-E01-T01.c3d,S01,E01,T01,1,single,B0400
B0400,2017-03-28-B0400-S01-E01-T02.c3d,S01,E01,T02,1,single,B0400
B0400,2017-03-28-B0400-S01-E02-T01.c3d,S01,E02,T01,2,multi_subject,Tarcza|B0400
B0400,2017-03-28-B0400-S01-E02-T02.c3d,S01,E02,T02,2,multi_subject,Tarcza|B0400
B0400,2017-03-28-B0400-S01-E03-T01.c3d,S01,E03,T01,2,multi_subject,B0401|B0400
B0400,2017-03-28-B0400-S01-E03-T02.c3d,S01,E03,T02,2,multi_subject,B0401|B0400
B0400,2017-03-28-B0400-S01-E04-T01.c3d,S01,E04,T01,2,multi_subject,B0401|B0400
B0400,2017-03-28-B0400-S01-E04-T02.c3d,S01,E04,T02,2,multi_subject,B0401|B0400
B0400,2017-03-28-B0400-S02-E01-T01.c3d,S02,E01,T01,1,single,B0400
B0400,2017-03-28-B0400-S02-E01-T02.c3d,S02,E01,T02,1,single,B0400
B0400,2017-03-28-B0400-S02-E02-T01.c3d,S02,E02,T01,2,multi_subject,Tarcza|B0400
B0400,2017-03-28-B0400-S02-E02-T02.c3d,S02,E02,T02,2,multi_subject,Tarcza|B0400
B0400,2017-03-28-B0400-S02-E03-T01.c3d,S02,E03,T01,2,multi_subject,B0401|B0400
B0400,2017-03-28-B0400-S02-E03-T02.c3d,S02,E03,T02,2,multi_subject,B0401|B0400
B0400,2017-03-28-B0400-S02-E04-T01.c3d,S02,E04,T01,2,multi_subject,B0401|B0400
B0400,2017-03-28-B0400-S02-E04-T02.c3d,S02,E04,T02,2,multi_subject,B0401|B0400
B0400,2017-03-28-B0400-S03-E01-T01.c3d,S03,E01,T01,1,single,B0400
B0400,2017-03-28-B0400-S03-E01-T02.c3d,S03,E01,T02,1,single,B0400
B0400,2017-03-28-B0400-S03-E02-T01.c3d,S03,E02,T01,2,multi_subject,Tarcza|B0400
B0400,2017-03-28-B0400-S03-E02-T02.c3d,S03,E02,T02,2,multi_subject,Tarcza|B0400
B0400,2017-03-28-B0400-S03-E03-T01.c3d,S03,E03,T01,2,multi_subject,B0401|B0400
B0400,2017-03-28-B0400-S03-E03-T02.c3d,S03,E03,T02,2,multi_subject,B0401|B0400
B0400,2017-03-28-B0400-S03-E04-T01.c3d,S03,E04,T01,2,multi_subject,B0401|B0400
B0400,2017-03-28-B0400-S03-E04-T02.c3d,S03,E04,T02,2,multi_subject,B0401|B0400
B0400,2017-03-28-B0400-S04-E01-T01.c3d,S04,E01,T01,1,single,B0400
B0400,2017-03-28-B0400-S04-E01-T02.c3d,S04,E01,T02,1,single,B0400
B0400,2017-03-28-B0400-S04-E02-T01.c3d,S04,E02,T01,2,multi_subject,Tarcza|B0400
B0400,2017-03-28-B0400-S04-E02-T02.c3d,S04,E02,T02,2,multi_subject,Tarcza|B0400
B0400,2017-03-28-B0400-S04-E03-T01.c3d,S04,E03,T01,2,multi_subject,B0401|B0400
B0400,2017-03-28-B0400-S04-E03-T02.c3d,S04,E03,T02,2,multi_subject,B0401|B0400
B0400,2017-03-28-B0400-S04-E04-T01.c3d,S04,E04,T01,2,multi_subject,B0401|B0400
B0400,2017-03-28-B0400-S04-E04-T02.c3d,S04,E04,T02,2,multi_subject,B0401|B0400
B0400,2017-03-28-B0400-S05-E01-T01.c3d,S05,E01,T01,1,single,B0400
B0400,2017-03-28-B0400-S05-E01-T02.c3d,S05,E01,T02,1,single,B0400
B0400,2017-03-28-B0400-S05-E02-T01.c3d,S05,E02,T01,2,multi_subject,Tarcza|B0400
B0400,2017-03-28-B0400-S05-E02-T02.c3d,S05,E02,T02,2,multi_subject,Tarcza|B0400
B0400,2017-03-28-B0400-S05-E03-T01.c3d,S05,E03,T01,2,multi_subject,B0401|B0400
B0400,2017-03-28-B0400-S05-E03-T02.c3d,S05,E03,T02,2,multi_subject,B0401|B0400
B0400,2017-03-28-B0400-S05-E04-T01.c3d,S05,E04,T01,2,multi_subject,B0401|B0400
B0400,2017-03-28-B0400-S05-E04-T02.c3d,S05,E04,T02,2,multi_subject,B0401|B0400
B0401,2017-03-28-B0401-S01-E01-T01.c3d,S01,E01,T01,1,single,B0401
B0401,2017-03-28-B0401-S01-E01-T02.c3d,S01,E01,T02,1,single,B0401
B0401,2017-03-28-B0401-S01-E02-T01.c3d,S01,E02,T01,2,multi_subject,Tarcza|B0401
B0401,2017-03-28-B0401-S01-E02-T02.c3d,S01,E02,T02,2,multi_subject,Tarcza|B0401
B0401,2017-03-28-B0401-S01-E03-T01.c3d,S01,E03,T01,2,multi_subject,B0401|B0400
B0401,2017-03-28-B0401-S01-E03-T02.c3d,S01,E03,T02,2,multi_subject,B0401|B0400
B0401,2017-03-28-B0401-S01-E04-T01.c3d,S01,E04,T01,2,multi_subject,B0401|B0400
B0401,2017-03-28-B0401-S01-E04-T02.c3d,S01,E04,T02,2,multi_subject,B0401|B0400
B0401,2017-03-28-B0401-S02-E01-T01.c3d,S02,E01,T01,1,single,B0401
B0401,2017-03-28-B0401-S02-E01-T02.c3d,S02,E01,T02,1,single,B0401
B0401,2017-03-28-B0401-S02-E02-T01.c3d,S02,E02,T01,2,multi_subject,Tarcza|B0401
B0401,2017-03-28-B0401-S02-E02-T02.c3d,S02,E02,T02,2,multi_subject,Tarcza|B0401
B0401,2017-03-28-B0401-S02-E03-T01.c3d,S02,E03,T01,2,multi_subject,B0401|B0400
B0401,2017-03-28-B0401-S02-E03-T02.c3d,S02,E03,T02,2,multi_subject,B0401|B0400
B0401,2017-03-28-B0401-S02-E04-T01.c3d,S02,E04,T01,2,multi_subject,B0401|B0400
B0401,2017-03-28-B0401-S02-E04-T02.c3d,S02,E04,T02,2,multi_subject,B0401|B0400
B0401,2017-03-28-B0401-S03-E01-T01.c3d,S03,E01,T01,1,single,B0401
B0401,2017-03-28-B0401-S03-E01-T02.c3d,S03,E01,T02,1,single,B0401
B0401,2017-03-28-B0401-S03-E02-T01.c3d,S03,E02,T01,2,multi_subject,Tarcza|B0401
B0401,2017-03-28-B0401-S03-E02-T02.c3d,S03,E02,T02,2,multi_subject,Tarcza|B0401
B0401,2017-03-28-B0401-S03-E03-T01.c3d,S03,E03,T01,2,multi_subject,B0401|B0400
B0401,2017-03-28-B0401-S03-E03-T02.c3d,S03,E03,T02,2,multi_subject,B0401|B0400
B0401,2017-03-28-B0401-S03-E04-T01.c3d,S03,E04,T01,2,multi_subject,B0401|B0400
B0401,2017-03-28-B0401-S03-E04-T02.c3d,S03,E04,T02,2,multi_subject,B0401|B0400
B0401,2017-03-28-B0401-S04-E01-T01.c3d,S04,E01,T01,1,single,B0401
B0401,2017-03-28-B0401-S04-E01-T02.c3d,S04,E01,T02,1,single,B0401
B0401,2017-03-28-B0401-S04-E02-T01.c3d,S04,E02,T01,2,multi_subject,Tarcza|B0401
B0401,2017-03-28-B0401-S04-E02-T02.c3d,S04,E02,T02,2,multi_subject,Tarcza|B0401
B0401,2017-03-28-B0401-S04-E03-T01.c3d,S04,E03,T01,2,multi_subject,B0401|B0400
B0401,2017-03-28-B0401-S04-E03-T02.c3d,S04,E03,T02,2,multi_subject,B0401|B0400
B0401,2017-03-28-B0401-S04-E04-T01.c3d,S04,E04,T01,2,multi_subject,B0401|B0400
B0401,2017-03-28-B0401-S04-E04-T02.c3d,S04,E04,T02,2,multi_subject,B0401|B0400
B0401,2017-03-28-B0401-S05-E01-T01.c3d,S05,E01,T01,1,single,B0401
B0401,2017-03-28-B0401-S05-E01-T02.c3d,S05,E01,T02,1,single,B0401
B0401,2017-03-28-B0401-S05-E02-T01.c3d,S05,E02,T01,2,multi_subject,Tarcza|B0401
B0401,2017-03-28-B0401-S05-E03-T01.c3d,S05,E03,T01,2,multi_subject,B0401|B0400
B0401,2017-03-28-B0401-S05-E03-T02.c3d,S05,E03,T02,2,multi_subject,B0401|B0400
B0401,2017-03-28-B0401-S05-E04-T01.c3d,S05,E04,T01,2,multi_subject,B0401|B0400
B0401,2017-03-28-B0401-S05-E04-T02.c3d,S05,E04,T02,2,multi_subject,B0401|B0400
B0402,2017-03-28-B0402-S01-E01-T01.c3d,S01,E01,T01,1,single,B0402
B0402,2017-03-28-B0402-S01-E01-T02.c3d,S01,E01,T02,1,single,B0402
B0402,2017-03-28-B0402-S01-E02-T01.c3d,S01,E02,T01,2,multi_subject,Tarcza|B0402
B0402,2017-03-28-B0402-S01-E02-T02.c3d,S01,E02,T02,2,multi_subject,Tarcza|B0402
B0402,2017-03-28-B0402-S01-E03-T01.c3d,S01,E03,T01,2,multi_subject,B0403|B0402
B0402,2017-03-28-B0402-S01-E03-T02.c3d,S01,E03,T02,2,multi_subject,B0403|B0402
B0402,2017-03-28-B0402-S01-E04-T01.c3d,S01,E04,T01,2,multi_subject,B0403|B0402
B0402,2017-03-28-B0402-S01-E04-T02.c3d,S01,E04,T02,2,multi_subject,B0403|B0402
B0402,2017-03-28-B0402-S02-E01-T01.c3d,S02,E01,T01,1,single,B0402
B0402,2017-03-28-B0402-S02-E02-T01.c3d,S02,E02,T01,2,multi_subject,Tarcza|B0402
B0402,2017-03-28-B0402-S02-E02-T02.c3d,S02,E02,T02,2,multi_subject,Tarcza|B0402
B0402,2017-03-28-B0402-S02-E03-T01.c3d,S02,E03,T01,2,multi_subject,B0403|B0402
B0402,2017-03-28-B0402-S02-E03-T02.c3d,S02,E03,T02,2,multi_subject,B0403|B0402
B0402,2017-03-28-B0402-S02-E04-T01.c3d,S02,E04,T01,2,multi_subject,B0403|B0402
B0402,2017-03-28-B0402-S02-E04-T02.c3d,S02,E04,T02,2,multi_subject,B0403|B0402
B0402,2017-03-28-B0402-S03-E01-T01.c3d,S03,E01,T01,1,single,B0402
B0402,2017-03-28-B0402-S03-E01-T02.c3d,S03,E01,T02,1,single,B0402
B0402,2017-03-28-B0402-S03-E02-T01.c3d,S03,E02,T01,2,multi_subject,Tarcza|B0402
B0402,2017-03-28-B0402-S03-E02-T02.c3d,S03,E02,T02,2,multi_subject,Tarcza|B0402
B0402,2017-03-28-B0402-S03-E03-T01.c3d,S03,E03,T01,2,multi_subject,B0403|B0402
B0402,2017-03-28-B0402-S03-E03-T02.c3d,S03,E03,T02,2,multi_subject,B0403|B0402
B0402,2017-03-28-B0402-S03-E04-T01.c3d,S03,E04,T01,2,multi_subject,B0403|B0402
B0402,2017-03-28-B0402-S03-E04-T02.c3d,S03,E04,T02,2,multi_subject,B0403|B0402
B0402,2017-03-28-B0402-S04-E01-T01.c3d,S04,E01,T01,1,single,B0402
B0402,2017-03-28-B0402-S04-E01-T02.c3d,S04,E01,T02,1,single,B0402
B0402,2017-03-28-B0402-S04-E02-T01.c3d,S04,E02,T01,2,multi_subject,Tarcza|B0402
B0402,2017-03-28-B0402-S04-E02-T02.c3d,S04,E02,T02,2,multi_subject,Tarcza|B0402
B0402,2017-03-28-B0402-S04-E03-T01.c3d,S04,E03,T01,2,multi_subject,B0403|B0402
B0402,2017-03-28-B0402-S04-E03-T02.c3d,S04,E03,T02,2,multi_subject,B0403|B0402
B0402,2017-03-28-B0402-S04-E04-T01.c3d,S04,E04,T01,2,multi_subject,B0403|B0402
B0402,2017-03-28-B0402-S04-E04-T02.c3d,S04,E04,T02,2,multi_subject,B0403|B0402
B0402,2017-03-28-B0402-S04-E04-T03.c3d,S04,E04,T03,2,multi_subject,B0403|B0402
B0402,2017-03-28-B0402-S05-E01-T01.c3d,S05,E01,T01,1,single,B0402
B0402,2017-03-28-B0402-S05-E01-T02.c3d,S05,E01,T02,1,single,B0402
B0402,2017-03-28-B0402-S05-E02-T01.c3d,S05,E02,T01,2,multi_subject,Tarcza|B0402
B0402,2017-03-28-B0402-S05-E02-T02.c3d,S05,E02,T02,2,multi_subject,Tarcza|B0402
B0402,2017-03-28-B0402-S05-E03-T01.c3d,S05,E03,T01,2,multi_subject,B0403|B0402
B0402,2017-03-28-B0402-S05-E03-T02.c3d,S05,E03,T02,2,multi_subject,B0403|B0402
B0402,2017-03-28-B0402-S05-E04-T01.c3d,S05,E04,T01,2,multi_subject,B0403|B0402
B0402,2017-03-28-B0402-S05-E04-T02.c3d,S05,E04,T02,2,multi_subject,B0403|B0402
B0403,2017-03-28-B0403-S01-E01-T01.c3d,S01,E01,T01,1,single,B0403
B0403,2017-03-28-B0403-S01-E01-T02.c3d,S01,E01,T02,1,single,B0403
B0403,2017-03-28-B0403-S01-E02-T01.c3d,S01,E02,T01,2,multi_subject,Tarcza|B0403
B0403,2017-03-28-B0403-S01-E02-T02.c3d,S01,E02,T02,2,multi_subject,Tarcza|B0403
B0403,2017-03-28-B0403-S01-E03-T01.c3d,S01,E03,T01,2,multi_subject,B0403|B0402
B0403,2017-03-28-B0403-S01-E03-T02.c3d,S01,E03,T02,2,multi_subject,B0403|B0402
B0403,2017-03-28-B0403-S01-E04-T01.c3d,S01,E04,T01,2,multi_subject,B0403|B0402
B0403,2017-03-28-B0403-S01-E04-T02.c3d,S01,E04,T02,2,multi_subject,B0403|B0402
B0403,2017-03-28-B0403-S02-E01-T01.c3d,S02,E01,T01,1,single,B0403
B0403,2017-03-28-B0403-S02-E01-T02.c3d,S02,E01,T02,1,single,B0403
B0403,2017-03-28-B0403-S02-E02-T01.c3d,S02,E02,T01,2,multi_subject,Tarcza|B0403
B0403,2017-03-28-B0403-S02-E02-T02.c3d,S02,E02,T02,2,multi_subject,Tarcza|B0403
B0403,2017-03-28-B0403-S02-E03-T01.c3d,S02,E03,T01,2,multi_subject,B0403|B0402
B0403,2017-03-28-B0403-S02-E03-T02.c3d,S02,E03,T02,2,multi_subject,B0403|B0402
B0403,2017-03-28-B0403-S02-E04-T01.c3d,S02,E04,T01,2,multi_subject,B0403|B0402
B0403,2017-03-28-B0403-S02-E04-T02.c3d,S02,E04,T02,2,multi_subject,B0403|B0402
B0403,2017-03-28-B0403-S03-E01-T01.c3d,S03,E01,T01,1,single,B0403
B0403,2017-03-28-B0403-S03-E01-T02.c3d,S03,E01,T02,1,single,B0403
B0403,2017-03-28-B0403-S03-E02-T01.c3d,S03,E02,T01,2,multi_subject,Tarcza|B0403
B0403,2017-03-28-B0403-S03-E02-T02.c3d,S03,E02,T02,2,multi_subject,Tarcza|B0403
B0403,2017-03-28-B0403-S03-E03-T01.c3d,S03,E03,T01,2,multi_subject,B0403|B0402
B0403,2017-03-28-B0403-S03-E03-T02.c3d,S03,E03,T02,2,multi_subject,B0403|B0402
B0403,2017-03-28-B0403-S03-E04-T01.c3d,S03,E04,T01,2,multi_subject,B0403|B0402
B0403,2017-03-28-B0403-S03-E04-T02.c3d,S03,E04,T02,2,multi_subject,B0403|B0402
B0403,2017-03-28-B0403-S04-E01-T01.c3d,S04,E01,T01,1,single,B0403
B0403,2017-03-28-B0403-S04-E01-T02.c3d,S04,E01,T02,1,single,B0403
B0403,2017-03-28-B0403-S04-E02-T01.c3d,S04,E02,T01,2,multi_subject,Tarcza|B0403
B0403,2017-03-28-B0403-S04-E02-T02.c3d,S04,E02,T02,2,multi_subject,Tarcza|B0403
B0403,2017-03-28-B0403-S04-E03-T01.c3d,S04,E03,T01,2,multi_subject,B0403|B0402
B0403,2017-03-28-B0403-S04-E03-T02.c3d,S04,E03,T02,2,multi_subject,B0403|B0402
B0403,2017-03-28-B0403-S04-E03-T03.c3d,S04,E03,T03,2,multi_subject,B0403|B0402
B0403,2017-03-28-B0403-S04-E04-T01.c3d,S04,E04,T01,2,multi_subject,B0403|B0402
B0403,2017-03-28-B0403-S04-E04-T02.c3d,S04,E04,T02,2,multi_subject,B0403|B0402
B0403,2017-03-28-B0403-S05-E01-T01.c3d,S05,E01,T01,1,single,B0403
B0403,2017-03-28-B0403-S05-E01-T02.c3d,S05,E01,T02,1,single,B0403
B0403,2017-03-28-B0403-S05-E02-T01.c3d,S05,E02,T01,2,multi_subject,Tarcza|B0403
B0403,2017-03-28-B0403-S05-E02-T02.c3d,S05,E02,T02,2,multi_subject,Tarcza|B0403
B0403,2017-03-28-B0403-S05-E03-T01.c3d,S05,E03,T01,2,multi_subject,B0403|B0402
B0403,2017-03-28-B0403-S05-E03-T02.c3d,S05,E03,T02,2,multi_subject,B0403|B0402
B0403,2017-03-28-B0403-S05-E04-T01.c3d,S05,E04,T01,2,multi_subject,B0403|B0402
B0403,2017-03-28-B0403-S05-E04-T02.c3d,S05,E04,T02,2,multi_subject,B0403|B0402
B0404,2017-04-04-B0404-S01-E01-T01.c3d,S01,E01,T01,1,single,B0404
B0404,2017-04-04-B0404-S01-E01-T02.c3d,S01,E01,T02,1,single,B0404
B0404,2017-04-04-B0404-S01-E02-T01.c3d,S01,E02,T01,2,multi_subject,Tarcza|B0404
B0404,2017-04-04-B0404-S01-E02-T02.c3d,S01,E02,T02,2,multi_subject,Tarcza|B0404
B0404,2017-04-04-B0404-S01-E03-T01.c3d,S01,E03,T01,2,multi_subject,B0405|B0404
B0404,2017-04-04-B0404-S01-E03-T02.c3d,S01,E03,T02,2,multi_subject,B0405|B0404
B0404,2017-04-04-B0404-S01-E04-T01.c3d,S01,E04,T01,2,multi_subject,B0405|B0404
B0404,2017-04-04-B0404-S01-E04-T02.c3d,S01,E04,T02,2,multi_subject,B0405|B0404
B0404,2017-04-04-B0404-S02-E01-T01.c3d,S02,E01,T01,1,single,B0404
B0404,2017-04-04-B0404-S02-E01-T02.c3d,S02,E01,T02,1,single,B0404
B0404,2017-04-04-B0404-S02-E02-T01.c3d,S02,E02,T01,2,multi_subject,Tarcza|B0404
B0404,2017-04-04-B0404-S02-E02-T02.c3d,S02,E02,T02,2,multi_subject,Tarcza|B0404
B0404,2017-04-04-B0404-S02-E03-T01.c3d,S02,E03,T01,2,multi_subject,B0405|B0404
B0404,2017-04-04-B0404-S02-E03-T02.c3d,S02,E03,T02,2,multi_subject,B0405|B0404
B0404,2017-04-04-B0404-S02-E04-T01.c3d,S02,E04,T01,2,multi_subject,B0405|B0404
B0404,2017-04-04-B0404-S02-E04-T02.c3d,S02,E04,T02,2,multi_subject,B0405|B0404
B0404,2017-04-04-B0404-S03-E01-T01.c3d,S03,E01,T01,1,single,B0404
B0404,2017-04-04-B0404-S03-E01-T02.c3d,S03,E01,T02,1,single,B0404
B0404,2017-04-04-B0404-S03-E02-T01.c3d,S03,E02,T01,2,multi_subject,Tarcza|B0404
B0404,2017-04-04-B0404-S03-E02-T02.c3d,S03,E02,T02,2,multi_subject,Tarcza|B0404
B0404,2017-04-04-B0404-S03-E03-T01.c3d,S03,E03,T01,2,multi_subject,B0405|B0404
B0404,2017-04-04-B0404-S03-E03-T02.c3d,S03,E03,T02,2,multi_subject,B0405|B0404
B0404,2017-04-04-B0404-S03-E04-T01.c3d,S03,E04,T01,2,multi_subject,B0405|B0404
B0404,2017-04-04-B0404-S03-E04-T02.c3d,S03,E04,T02,2,multi_subject,B0405|B0404
B0404,2017-04-04-B0404-S04-E01-T01.c3d,S04,E01,T01,1,single,B0404
B0404,2017-04-04-B0404-S04-E01-T02.c3d,S04,E01,T02,1,single,B0404
B0404,2017-04-04-B0404-S04-E02-T01.c3d,S04,E02,T01,2,multi_subject,Tarcza|B0404
B0404,2017-04-04-B0404-S04-E02-T02.c3d,S04,E02,T02,2,multi_subject,Tarcza|B0404
B0404,2017-04-04-B0404-S04-E03-T01.c3d,S04,E03,T01,2,multi_subject,B0405|B0404
B0404,2017-04-04-B0404-S04-E03-T02.c3d,S04,E03,T02,2,multi_subject,B0405|B0404
B0404,2017-04-04-B0404-S04-E04-T01.c3d,S04,E04,T01,2,multi_subject,B0405|B0404
B0404,2017-04-04-B0404-S04-E04-T02.c3d,S04,E04,T02,2,multi_subject,B0405|B0404
B0404,2017-04-04-B0404-S05-E01-T01.c3d,S05,E01,T01,1,single,B0404
B0404,2017-04-04-B0404-S05-E01-T02.c3d,S05,E01,T02,1,single,B0404
B0404,2017-04-04-B0404-S05-E02-T01.c3d,S05,E02,T01,2,multi_subject,Tarcza|B0404
B0404,2017-04-04-B0404-S05-E02-T02.c3d,S05,E02,T02,2,multi_subject,Tarcza|B0404
B0404,2017-04-04-B0404-S05-E03-T01.c3d,S05,E03,T01,2,multi_subject,B0405|B0404
B0404,2017-04-04-B0404-S05-E03-T02.c3d,S05,E03,T02,2,multi_subject,B0405|B0404
B0404,2017-04-04-B0404-S05-E04-T01.c3d,S05,E04,T01,2,multi_subject,B0405|B0404
B0404,2017-04-04-B0404-S05-E04-T02.c3d,S05,E04,T02,2,multi_subject,B0405|B0404
B0405,2017-04-04-B0405-S01-E01-T01.c3d,S01,E01,T01,1,single,B0405
B0405,2017-04-04-B0405-S01-E01-T02.c3d,S01,E01,T02,1,single,B0405
B0405,2017-04-04-B0405-S01-E02-T01.c3d,S01,E02,T01,2,multi_subject,Tarcza|B0405
B0405,2017-04-04-B0405-S01-E02-T02.c3d,S01,E02,T02,2,multi_subject,Tarcza|B0405
B0405,2017-04-04-B0405-S01-E03-T01.c3d,S01,E03,T01,2,multi_subject,B0405|B0404
B0405,2017-04-04-B0405-S01-E03-T02.c3d,S01,E03,T02,2,multi_subject,B0405|B0404
B0405,2017-04-04-B0405-S01-E04-T01.c3d,S01,E04,T01,2,multi_subject,B0405|B0404
B0405,2017-04-04-B0405-S01-E04-T02.c3d,S01,E04,T02,2,multi_subject,B0405|B0404
B0405,2017-04-04-B0405-S02-E01-T01.c3d,S02,E01,T01,1,single,B0405
B0405,2017-04-04-B0405-S02-E01-T02.c3d,S02,E01,T02,1,single,B0405
B0405,2017-04-04-B0405-S02-E02-T01.c3d,S02,E02,T01,2,multi_subject,Tarcza|B0405
B0405,2017-04-04-B0405-S02-E02-T02.c3d,S02,E02,T02,2,multi_subject,Tarcza|B0405
B0405,2017-04-04-B0405-S02-E03-T01.c3d,S02,E03,T01,2,multi_subject,B0405|B0404
B0405,2017-04-04-B0405-S02-E03-T02.c3d,S02,E03,T02,2,multi_subject,B0405|B0404
B0405,2017-04-04-B0405-S02-E04-T01.c3d,S02,E04,T01,2,multi_subject,B0405|B0404
B0405,2017-04-04-B0405-S02-E04-T02.c3d,S02,E04,T02,2,multi_subject,B0405|B0404
B0405,2017-04-04-B0405-S03-E01-T01.c3d,S03,E01,T01,1,single,B0405
B0405,2017-04-04-B0405-S03-E01-T02.c3d,S03,E01,T02,1,single,B0405
B0405,2017-04-04-B0405-S03-E02-T01.c3d,S03,E02,T01,2,multi_subject,Tarcza|B0405
B0405,2017-04-04-B0405-S03-E02-T02.c3d,S03,E02,T02,2,multi_subject,Tarcza|B0405
B0405,2017-04-04-B0405-S03-E03-T01.c3d,S03,E03,T01,2,multi_subject,B0405|B0404
B0405,2017-04-04-B0405-S03-E03-T02.c3d,S03,E03,T02,2,multi_subject,B0405|B0404
B0405,2017-04-04-B0405-S03-E04-T01.c3d,S03,E04,T01,2,multi_subject,B0405|B0404
B0405,2017-04-04-B0405-S03-E04-T02.c3d,S03,E04,T02,2,multi_subject,B0405|B0404
B0405,2017-04-04-B0405-S04-E01-T01.c3d,S04,E01,T01,1,single,B0405
B0405,2017-04-04-B0405-S04-E01-T02.c3d,S04,E01,T02,1,single,B0405
B0405,2017-04-04-B0405-S04-E02-T01.c3d,S04,E02,T01,2,multi_subject,Tarcza|B0405
B0405,2017-04-04-B0405-S04-E02-T02.c3d,S04,E02,T02,2,multi_subject,Tarcza|B0405
B0405,2017-04-04-B0405-S04-E03-T01.c3d,S04,E03,T01,2,multi_subject,B0405|B0404
B0405,2017-04-04-B0405-S04-E03-T02.c3d,S04,E03,T02,2,multi_subject,B0405|B0404
B0405,2017-04-04-B0405-S04-E04-T01.c3d,S04,E04,T01,2,multi_subject,B0405|B0404
B0405,2017-04-04-B0405-S04-E04-T02.c3d,S04,E04,T02,2,multi_subject,B0405|B0404
B0405,2017-04-04-B0405-S05-E01-T01.c3d,S05,E01,T01,1,single,B0405
B0405,2017-04-04-B0405-S05-E01-T02.c3d,S05,E01,T02,1,single,B0405
B0405,2017-04-04-B0405-S05-E02-T01.c3d,S05,E02,T01,2,multi_subject,Tarcza|B0405
B0405,2017-04-04-B0405-S05-E02-T02.c3d,S05,E02,T02,2,multi_subject,Tarcza|B0405
B0405,2017-04-04-B0405-S05-E03-T01.c3d,S05,E03,T01,2,multi_subject,B0405|B0404
B0405,2017-04-04-B0405-S05-E03-T02.c3d,S05,E03,T02,2,multi_subject,B0405|B0404
B0405,2017-04-04-B0405-S05-E04-T01.c3d,S05,E04,T01,2,multi_subject,B0405|B0404
B0405,2017-04-04-B0405-S05-E04-T02.c3d,S05,E04,T02,2,multi_subject,B0405|B0404
