athlete_id,execution_id,technique,condition,trial,repetition,sampling_rate_hz,primary_signal,movement_side,event_id,duration_s,time_to_peak_s,vmax,vmean,amax,displacement,path_length,hip_rom,knee_rom,ankle_rom,snr,qc_status,quality_flag,comparability_duration_s,comparability_time_to_peak_s,comparability_vmax,comparability_vmean,comparability_amax,comparability_displacement,comparability_path_length,comparability_hip_rom,comparability_knee_rom,comparability_ankle_rom,comparability_snr,feature_version,segmentation_version,units_version,source_dataset,mart_version
B0372,B0372|S02|E01|T01|001,S02,E01,T01,1,250.0,RTOE,R,0,0.808,0.32,8.446,5.551,151.4,0.101,4.487,115.0478744506836,149.25835418701172,54.03196716308594,502.5,accepted,OK,DIRECTLY_COMPARABLE,DIRECTLY_COMPARABLE,REQUIRES_NORMALIZATION,REQUIRES_NORMALIZATION,REQUIRES_NORMALIZATION,COMPARABLE_WITH_CAVEAT,REQUIRES_NORMALIZATION,COMPARABLE_WITH_CAVEAT,COMPARABLE_WITH_CAVEAT,COMPARABLE_WITH_CAVEAT,COMPARABLE_WITH_CAVEAT,1.0,1.8.0,1.0,cohort_expansion_gp,1.0
B0372,B0372|S02|E01|T01|002,S02,E01,T01,2,250.0,RTOE,R,1,0.828,0.316,9.265,5.61,160.13,0.089,4.646,111.95287322998048,141.43420600891113,56.50347137451172,502.5,accepted,OK,DIRECTLY_COMPARABLE,DIRECTLY_COMPARABLE,REQUIRES_NORMALIZATION,REQUIRES_NORMALIZATION,REQUIRES_NORMALIZATION,COMPARABLE_WITH_CAVEAT,REQUIRES_NORMALIZATION,COMPARABLE_WITH_CAVEAT,COMPARABLE_WITH_CAVEAT,COMPARABLE_WITH_CAVEAT,COMPARABLE_WITH_CAVEAT,1.0,1.8.0,1.0,cohort_expansion_gp,1.0
B0372,B0372|S02|E01|T01|003,S02,E01,T01,3,250.0,RTOE,R,2,0.856,0.316,8.558,5.346,156.91,0.027,4.578,114.39642333984376,154.64252471923828,55.97214698791504,502.5,accepted,OK,DIRECTLY_COMPARABLE,DIRECTLY_COMPARABLE,REQUIRES_NORMALIZATION,REQUIRES_NORMALIZATION,REQUIRES_NORMALIZATION,COMPARABLE_WITH_CAVEAT,REQUIRES_NORMALIZATION,COMPARABLE_WITH_CAVEAT,COMPARABLE_WITH_CAVEAT,COMPARABLE_WITH_CAVEAT,COMPARABLE_WITH_CAVEAT,1.0,1.8.0,1.0,cohort_expansion_gp,1.0
B0372,B0372|S03|E01|T01|001,S03,E01,T01,1,250.0,RTOE,R,0,0.9,0.308,9.991,4.882,152.85,0.073,4.393,107.15896224975586,147.57601261138916,42.90945816040039,307.4,accepted,OK,DIRECTLY_COMPARABLE,DIRECTLY_COMPARABLE,REQUIRES_NORMALIZATION,REQUIRES_NORMALIZATION,REQUIRES_NORMALIZATION,COMPARABLE_WITH_CAVEAT,REQUIRES_NORMALIZATION,COMPARABLE_WITH_CAVEAT,COMPARABLE_WITH_CAVEAT,COMPARABLE_WITH_CAVEAT,COMPARABLE_WITH_CAVEAT,1.0,1.8.0,1.0,cohort_expansion_gp,1.0
B0372,B0372|S03|E01|T01|002,S03,E01,T01,2,250.0,RTOE,R,2,0.94,0.304,10.57,4.747,162.74,0.141,4.461,102.72754669189452,146.3080940246582,47.61116600036621,307.4,accepted,OK,DIRECTLY_COMPARABLE,DIRECTLY_COMPARABLE,REQUIRES_NORMALIZATION,REQUIRES_NORMALIZATION,REQUIRES_NORMALIZATION,COMPARABLE_WITH_CAVEAT,REQUIRES_NORMALIZATION,COMPARABLE_WITH_CAVEAT,COMPARABLE_WITH_CAVEAT,COMPARABLE_WITH_CAVEAT,COMPARABLE_WITH_CAVEAT,1.0,1.8.0,1.0,cohort_expansion_gp,1.0
B0372,B0372|S03|E01|T01|003,S03,E01,T01,3,250.0,RTOE,R,4,0.944,0.3,9.966,4.958,133.02,0.039,4.68,102.81316375732422,149.1758518218994,46.30901622772217,307.4,accepted,OK,DIRECTLY_COMPARABLE,DIRECTLY_COMPARABLE,REQUIRES_NORMALIZATION,REQUIRES_NORMALIZATION,REQUIRES_NORMALIZATION,COMPARABLE_WITH_CAVEAT,REQUIRES_NORMALIZATION,COMPARABLE_WITH_CAVEAT,COMPARABLE_WITH_CAVEAT,COMPARABLE_WITH_CAVEAT,COMPARABLE_WITH_CAVEAT,1.0,1.8.0,1.0,cohort_expansion_gp,1.0
B0372,B0372|S04|E01|T01|001,S04,E01,T01,1,250.0,RTOE,R,0,1.02,0.384,9.215,5.07,148.85,0.212,5.172,119.79098510742188,135.66586112976074,55.68628692626953,275.4,accepted,OK,DIRECTLY_COMPARABLE,DIRECTLY_COMPARABLE,REQUIRES_NORMALIZATION,REQUIRES_NORMALIZATION,REQUIRES_NORMALIZATION,COMPARABLE_WITH_CAVEAT,REQUIRES_NORMALIZATION,COMPARABLE_WITH_CAVEAT,COMPARABLE_WITH_CAVEAT,COMPARABLE_WITH_CAVEAT,COMPARABLE_WITH_CAVEAT,1.0,1.8.0,1.0,cohort_expansion_gp,1.0
B0372,B0372|S04|E01|T01|002,S04,E01,T01,2,250.0,RTOE,R,2,1.024,0.344,10.627,5.105,166.68,0.155,5.228,122.18194198608398,135.846586227417,52.70968055725098,275.4,accepted,OK,DIRECTLY_COMPARABLE,DIRECTLY_COMPARABLE,REQUIRES_NORMALIZATION,REQUIRES_NORMALIZATION,REQUIRES_NORMALIZATION,COMPARABLE_WITH_CAVEAT,REQUIRES_NORMALIZATION,COMPARABLE_WITH_CAVEAT,COMPARABLE_WITH_CAVEAT,COMPARABLE_WITH_CAVEAT,COMPARABLE_WITH_CAVEAT,1.0,1.8.0,1.0,cohort_expansion_gp,1.0
B0372,B0372|S04|E01|T01|003,S04,E01,T01,3,250.0,RTOE,R,4,1.06,0.356,10.114,4.998,167.54,0.047,5.297,119.80461883544922,133.58829498291016,41.29751110076904,275.4,accepted,OK,DIRECTLY_COMPARABLE,DIRECTLY_COMPARABLE,REQUIRES_NORMALIZATION,REQUIRES_NORMALIZATION,REQUIRES_NORMALIZATION,COMPARABLE_WITH_CAVEAT,REQUIRES_NORMALIZATION,COMPARABLE_WITH_CAVEAT,COMPARABLE_WITH_CAVEAT,COMPARABLE_WITH_CAVEAT,COMPARABLE_WITH_CAVEAT,1.0,1.8.0,1.0,cohort_expansion_gp,1.0
B0372,B0372|S05|E01|T01|001,S05,E01,T01,1,250.0,RTOE,R,0,0.98,0.512,10.578,5.87,136.91,0.053,5.751,129.92562866210938,89.47051048278809,50.28240776062012,704.2,accepted,OK,DIRECTLY_COMPARABLE,DIRECTLY_COMPARABLE,REQUIRES_NORMALIZATION,REQUIRES_NORMALIZATION,REQUIRES_NORMALIZATION,COMPARABLE_WITH_CAVEAT,REQUIRES_NORMALIZATION,COMPARABLE_WITH_CAVEAT,COMPARABLE_WITH_CAVEAT,COMPARABLE_WITH_CAVEAT,COMPARABLE_WITH_CAVEAT,1.0,1.8.0,1.0,cohort_expansion_gp,1.0
B0372,B0372|S05|E01|T01|002,S05,E01,T01,2,250.0,RTOE,R,2,0.904,0.488,11.869,6.613,199.0,0.084,5.98,129.68210220336914,82.0763931274414,50.363901138305664,704.2,accepted,OK,DIRECTLY_COMPARABLE,DIRECTLY_COMPARABLE,REQUIRES_NORMALIZATION,REQUIRES_NORMALIZATION,REQUIRES_NORMALIZATION,COMPARABLE_WITH_CAVEAT,REQUIRES_NORMALIZATION,COMPARABLE_WITH_CAVEAT,COMPARABLE_WITH_CAVEAT,COMPARABLE_WITH_CAVEAT,COMPARABLE_WITH_CAVEAT,1.0,1.8.0,1.0,cohort_expansion_gp,1.0
B0372,B0372|S05|E01|T01|003,S05,E01,T01,3,250.0,RTOE,R,4,0.576,0.456,12.432,9.626,177.76,0.547,5.549,127.66706848144533,75.85560989379883,43.94267272949219,704.2,accepted,OK,DIRECTLY_COMPARABLE,DIRECTLY_COMPARABLE,REQUIRES_NORMALIZATION,REQUIRES_NORMALIZATION,REQUIRES_NORMALIZATION,COMPARABLE_WITH_CAVEAT,REQUIRES_NORMALIZATION,COMPARABLE_WITH_CAVEAT,COMPARABLE_WITH_CAVEAT,COMPARABLE_WITH_CAVEAT,COMPARABLE_WITH_CAVEAT,1.0,1.8.0,1.0,cohort_expansion_gp,1.0
B0373,B0373|S02|E01|T01|001,S02,E01,T01,1,250.0,RTOE,R,0,1.056,0.316,7.648,4.051,150.17,0.079,4.277,166.67813873291016,128.82699966430664,48.57870674133301,1140.9,accepted,OK,DIRECTLY_COMPARABLE,DIRECTLY_COMPARABLE,REQUIRES_NORMALIZATION,REQUIRES_NORMALIZATION,REQUIRES_NORMALIZATION,COMPARABLE_WITH_CAVEAT,REQUIRES_NORMALIZATION,COMPARABLE_WITH_CAVEAT,COMPARABLE_WITH_CAVEAT,COMPARABLE_WITH_CAVEAT,COMPARABLE_WITH_CAVEAT,1.0,1.8.0,1.0,cohort_expansion_gp,1.0
B0373,B0373|S02|E01|T01|002,S02,E01,T01,2,250.0,RTOE,R,1,1.096,0.4,6.37,4.216,119.43,0.086,4.622,163.47571563720703,142.00681591033936,47.05557441711426,1140.9,accepted,OK,DIRECTLY_COMPARABLE,DIRECTLY_COMPARABLE,REQUIRES_NORMALIZATION,REQUIRES_NORMALIZATION,REQUIRES_NORMALIZATION,COMPARABLE_WITH_CAVEAT,REQUIRES_NORMALIZATION,COMPARABLE_WITH_CAVEAT,COMPARABLE_WITH_CAVEAT,COMPARABLE_WITH_CAVEAT,COMPARABLE_WITH_CAVEAT,1.0,1.8.0,1.0,cohort_expansion_gp,1.0
B0373,B0373|S02|E01|T01|003,S02,E01,T01,3,250.0,RTOE,R,2,1.16,0.376,6.23,3.713,115.09,0.291,4.307,151.1359405517578,151.05396842956543,54.56647491455078,1140.9,accepted,OK,DIRECTLY_COMPARABLE,DIRECTLY_COMPARABLE,REQUIRES_NORMALIZATION,REQUIRES_NORMALIZATION,REQUIRES_NORMALIZATION,COMPARABLE_WITH_CAVEAT,REQUIRES_NORMALIZATION,COMPARABLE_WITH_CAVEAT,COMPARABLE_WITH_CAVEAT,COMPARABLE_WITH_CAVEAT,COMPARABLE_WITH_CAVEAT,1.0,1.8.0,1.0,cohort_expansion_gp,1.0
B0373,B0373|S03|E01|T01|001,S03,E01,T01,1,250.0,RTOE,R,0,1.032,0.32,7.275,4.132,147.02,0.161,4.264,116.17405700683594,149.63465881347656,82.76935386657715,457.3,accepted,OK,DIRECTLY_COMPARABLE,DIRECTLY_COMPARABLE,REQUIRES_NORMALIZATION,REQUIRES_NORMALIZATION,REQUIRES_NORMALIZATION,COMPARABLE_WITH_CAVEAT,REQUIRES_NORMALIZATION,COMPARABLE_WITH_CAVEAT,COMPARABLE_WITH_CAVEAT,COMPARABLE_WITH_CAVEAT,COMPARABLE_WITH_CAVEAT,1.0,1.8.0,1.0,cohort_expansion_gp,1.0
B0373,B0373|S03|E01|T01|002,S03,E01,T01,2,250.0,RTOE,R,1,1.06,0.32,8.59,4.012,165.82,0.172,4.254,93.76245498657228,138.47398281097412,91.11362838745116,457.3,accepted,OK,DIRECTLY_COMPARABLE,DIRECTLY_COMPARABLE,REQUIRES_NORMALIZATION,REQUIRES_NORMALIZATION,REQUIRES_NORMALIZATION,COMPARABLE_WITH_CAVEAT,REQUIRES_NORMALIZATION,COMPARABLE_WITH_CAVEAT,COMPARABLE_WITH_CAVEAT,COMPARABLE_WITH_CAVEAT,COMPARABLE_WITH_CAVEAT,1.0,1.8.0,1.0,cohort_expansion_gp,1.0
B0373,B0373|S03|E01|T01|003,S03,E01,T01,3,250.0,RTOE,R,2,1.364,0.26,8.348,2.92,132.27,0.208,3.982,91.1032829284668,137.69534301757812,87.0613784790039,457.3,accepted,OK,DIRECTLY_COMPARABLE,DIRECTLY_COMPARABLE,REQUIRES_NORMALIZATION,REQUIRES_NORMALIZATION,REQUIRES_NORMALIZATION,COMPARABLE_WITH_CAVEAT,REQUIRES_NORMALIZATION,COMPARABLE_WITH_CAVEAT,COMPARABLE_WITH_CAVEAT,COMPARABLE_WITH_CAVEAT,COMPARABLE_WITH_CAVEAT,1.0,1.8.0,1.0,cohort_expansion_gp,1.0
B0373,B0373|S04|E01|T01|001,S04,E01,T01,1,250.0,RTOE,R,0,1.376,0.368,8.737,3.734,159.0,0.137,5.137,147.5248794555664,135.4363718032837,73.90555000305176,564.7,accepted,OK,DIRECTLY_COMPARABLE,DIRECTLY_COMPARABLE,REQUIRES_NORMALIZATION,REQUIRES_NORMALIZATION,REQUIRES_NORMALIZATION,COMPARABLE_WITH_CAVEAT,REQUIRES_NORMALIZATION,COMPARABLE_WITH_CAVEAT,COMPARABLE_WITH_CAVEAT,COMPARABLE_WITH_CAVEAT,COMPARABLE_WITH_CAVEAT,1.0,1.8.0,1.0,cohort_expansion_gp,1.0
B0373,B0373|S04|E01|T01|002,S04,E01,T01,2,250.0,RTOE,R,3,1.144,0.364,9.592,4.412,203.06,0.4,5.046,147.70879364013672,132.43148803710938,73.40847969055176,564.7,accepted,OK,DIRECTLY_COMPARABLE,DIRECTLY_COMPARABLE,REQUIRES_NORMALIZATION,REQUIRES_NORMALIZATION,REQUIRES_NORMALIZATION,COMPARABLE_WITH_CAVEAT,REQUIRES_NORMALIZATION,COMPARABLE_WITH_CAVEAT,COMPARABLE_WITH_CAVEAT,COMPARABLE_WITH_CAVEAT,COMPARABLE_WITH_CAVEAT,1.0,1.8.0,1.0,cohort_expansion_gp,1.0
B0373,B0373|S04|E01|T01|003,S04,E01,T01,3,250.0,RTOE,R,4,1.06,0.388,9.095,4.784,192.66,0.188,5.07,176.34127807617188,122.03608131408691,73.6088228225708,564.7,accepted,OK,DIRECTLY_COMPARABLE,DIRECTLY_COMPARABLE,REQUIRES_NORMALIZATION,REQUIRES_NORMALIZATION,REQUIRES_NORMALIZATION,COMPARABLE_WITH_CAVEAT,REQUIRES_NORMALIZATION,COMPARABLE_WITH_CAVEAT,COMPARABLE_WITH_CAVEAT,COMPARABLE_WITH_CAVEAT,COMPARABLE_WITH_CAVEAT,1.0,1.8.0,1.0,cohort_expansion_gp,1.0
B0373,B0373|S05|E01|T01|001,S05,E01,T01,1,250.0,RTOE,R,0,0.908,0.352,8.536,5.898,50.17,0.32,5.355,172.16338348388672,112.2800121307373,75.33858680725098,538.3,accepted,OK,DIRECTLY_COMPARABLE,DIRECTLY_COMPARABLE,REQUIRES_NORMALIZATION,REQUIRES_NORMALIZATION,REQUIRES_NORMALIZATION,COMPARABLE_WITH_CAVEAT,REQUIRES_NORMALIZATION,COMPARABLE_WITH_CAVEAT,COMPARABLE_WITH_CAVEAT,COMPARABLE_WITH_CAVEAT,COMPARABLE_WITH_CAVEAT,1.0,1.8.0,1.0,cohort_expansion_gp,1.0
B0373,B0373|S05|E01|T01|002,S05,E01,T01,2,250.0,RTOE,R,1,1.012,0.364,7.968,5.157,62.53,0.166,5.219,159.65691375732422,140.33802032470703,69.76539039611816,538.3,accepted,OK,DIRECTLY_COMPARABLE,DIRECTLY_COMPARABLE,REQUIRES_NORMALIZATION,REQUIRES_NORMALIZATION,REQUIRES_NORMALIZATION,COMPARABLE_WITH_CAVEAT,REQUIRES_NORMALIZATION,COMPARABLE_WITH_CAVEAT,COMPARABLE_WITH_CAVEAT,COMPARABLE_WITH_CAVEAT,COMPARABLE_WITH_CAVEAT,1.0,1.8.0,1.0,cohort_expansion_gp,1.0
B0373,B0373|S05|E01|T01|003,S05,E01,T01,3,250.0,RTOE,R,2,0.96,0.364,8.535,5.508,52.68,0.34,5.288,154.81149291992188,109.88503456115724,55.46529197692871,538.3,accepted,OK,DIRECTLY_COMPARABLE,DIRECTLY_COMPARABLE,REQUIRES_NORMALIZATION,REQUIRES_NORMALIZATION,REQUIRES_NORMALIZATION,COMPARABLE_WITH_CAVEAT,REQUIRES_NORMALIZATION,COMPARABLE_WITH_CAVEAT,COMPARABLE_WITH_CAVEAT,COMPARABLE_WITH_CAVEAT,COMPARABLE_WITH_CAVEAT,1.0,1.8.0,1.0,cohort_expansion_gp,1.0
B0374,B0374|S02|E01|T01|001,S02,E01,T01,1,250.0,RTOE,R,0,0.612,0.244,7.837,4.721,139.79,0.283,2.891,126.70575332641602,149.92020988464355,63.07716083526611,647.7,accepted,OK,DIRECTLY_COMPARABLE,DIRECTLY_COMPARABLE,REQUIRES_NORMALIZATION,REQUIRES_NORMALIZATION,REQUIRES_NORMALIZATION,COMPARABLE_WITH_CAVEAT,REQUIRES_NORMALIZATION,COMPARABLE_WITH_CAVEAT,COMPARABLE_WITH_CAVEAT,COMPARABLE_WITH_CAVEAT,COMPARABLE_WITH_CAVEAT,1.0,1.8.0,1.0,cohort_expansion_gp,1.0
B0374,B0374|S02|E01|T01|002,S02,E01,T01,2,250.0,RTOE,R,1,0.724,0.252,7.888,4.234,133.53,0.219,3.067,132.17656707763672,155.6661777496338,70.03800773620605,647.7,accepted,OK,DIRECTLY_COMPARABLE,DIRECTLY_COMPARABLE,REQUIRES_NORMALIZATION,REQUIRES_NORMALIZATION,REQUIRES_NORMALIZATION,COMPARABLE_WITH_CAVEAT,REQUIRES_NORMALIZATION,COMPARABLE_WITH_CAVEAT,COMPARABLE_WITH_CAVEAT,COMPARABLE_WITH_CAVEAT,COMPARABLE_WITH_CAVEAT,1.0,1.8.0,1.0,cohort_expansion_gp,1.0
B0374,B0374|S02|E01|T01|003,S02,E01,T01,3,250.0,RTOE,R,2,0.748,0.288,6.936,3.891,117.24,0.11,2.911,123.37163734436037,154.67458534240723,66.8648624420166,647.7,accepted,OK,DIRECTLY_COMPARABLE,DIRECTLY_COMPARABLE,REQUIRES_NORMALIZATION,REQUIRES_NORMALIZATION,REQUIRES_NORMALIZATION,COMPARABLE_WITH_CAVEAT,REQUIRES_NORMALIZATION,COMPARABLE_WITH_CAVEAT,COMPARABLE_WITH_CAVEAT,COMPARABLE_WITH_CAVEAT,COMPARABLE_WITH_CAVEAT,1.0,1.8.0,1.0,cohort_expansion_gp,1.0
B0374,B0374|S02|E01|T01|004,S02,E01,T01,4,250.0,RTOE,R,4,0.78,0.268,6.907,3.852,116.16,0.076,3.004,135.06711196899414,152.48271369934082,60.5606689453125,647.7,accepted,OK,DIRECTLY_COMPARABLE,DIRECTLY_COMPARABLE,REQUIRES_NORMALIZATION,REQUIRES_NORMALIZATION,REQUIRES_NORMALIZATION,COMPARABLE_WITH_CAVEAT,REQUIRES_NORMALIZATION,COMPARABLE_WITH_CAVEAT,COMPARABLE_WITH_CAVEAT,COMPARABLE_WITH_CAVEAT,COMPARABLE_WITH_CAVEAT,1.0,1.8.0,1.0,cohort_expansion_gp,1.0
B0374,B0374|S02|E01|T01|005,S02,E01,T01,5,250.0,RTOE,R,6,0.712,0.272,6.65,4.262,113.13,0.065,3.035,131.91411972045898,147.8242826461792,58.27957439422608,647.7,accepted,OK,DIRECTLY_COMPARABLE,DIRECTLY_COMPARABLE,REQUIRES_NORMALIZATION,REQUIRES_NORMALIZATION,REQUIRES_NORMALIZATION,COMPARABLE_WITH_CAVEAT,REQUIRES_NORMALIZATION,COMPARABLE_WITH_CAVEAT,COMPARABLE_WITH_CAVEAT,COMPARABLE_WITH_CAVEAT,COMPARABLE_WITH_CAVEAT,1.0,1.8.0,1.0,cohort_expansion_gp,1.0
B0374,B0374|S02|E01|T01|006,S02,E01,T01,6,250.0,RTOE,R,7,0.772,0.32,6.079,3.911,104.02,0.252,3.019,137.4418716430664,141.24465370178223,65.48314666748047,647.7,accepted,OK,DIRECTLY_COMPARABLE,DIRECTLY_COMPARABLE,REQUIRES_NORMALIZATION,REQUIRES_NORMALIZATION,REQUIRES_NORMALIZATION,COMPARABLE_WITH_CAVEAT,REQUIRES_NORMALIZATION,COMPARABLE_WITH_CAVEAT,COMPARABLE_WITH_CAVEAT,COMPARABLE_WITH_CAVEAT,COMPARABLE_WITH_CAVEAT,1.0,1.8.0,1.0,cohort_expansion_gp,1.0
B0374,B0374|S03|E01|T01|001,S03,E01,T01,1,250.0,RTOE,R,0,0.712,0.272,8.471,4.671,144.98,0.832,3.326,125.04746627807616,144.1555004119873,73.81116485595703,259.4,accepted,OK,DIRECTLY_COMPARABLE,DIRECTLY_COMPARABLE,REQUIRES_NORMALIZATION,REQUIRES_NORMALIZATION,REQUIRES_NORMALIZATION,COMPARABLE_WITH_CAVEAT,REQUIRES_NORMALIZATION,COMPARABLE_WITH_CAVEAT,COMPARABLE_WITH_CAVEAT,COMPARABLE_WITH_CAVEAT,COMPARABLE_WITH_CAVEAT,1.0,1.8.0,1.0,cohort_expansion_gp,1.0
B0374,B0374|S03|E01|T01|002,S03,E01,T01,2,250.0,RTOE,R,3,1.124,0.256,8.294,3.489,130.7,0.109,3.923,132.31387329101562,140.38036346435547,94.06797409057616,259.4,accepted,OK,DIRECTLY_COMPARABLE,DIRECTLY_COMPARABLE,REQUIRES_NORMALIZATION,REQUIRES_NORMALIZATION,REQUIRES_NORMALIZATION,COMPARABLE_WITH_CAVEAT,REQUIRES_NORMALIZATION,COMPARABLE_WITH_CAVEAT,COMPARABLE_WITH_CAVEAT,COMPARABLE_WITH_CAVEAT,COMPARABLE_WITH_CAVEAT,1.0,1.8.0,1.0,cohort_expansion_gp,1.0
B0374,B0374|S03|E01|T01|003,S03,E01,T01,3,250.0,RTOE,R,5,0.844,0.252,8.261,4.136,146.81,0.147,3.49,128.57383346557617,137.64877891540527,78.63460731506348,259.4,accepted,OK,DIRECTLY_COMPARABLE,DIRECTLY_COMPARABLE,REQUIRES_NORMALIZATION,REQUIRES_NORMALIZATION,REQUIRES_NORMALIZATION,COMPARABLE_WITH_CAVEAT,REQUIRES_NORMALIZATION,COMPARABLE_WITH_CAVEAT,COMPARABLE_WITH_CAVEAT,COMPARABLE_WITH_CAVEAT,COMPARABLE_WITH_CAVEAT,1.0,1.8.0,1.0,cohort_expansion_gp,1.0
B0374,B0374|S04|E01|T01|001,S04,E01,T01,1,250.0,LTOE,L,0,1.104,0.26,9.108,3.499,166.18,0.393,3.865,139.43557739257812,147.13910293579102,60.954837799072266,132.7,accepted,OK,DIRECTLY_COMPARABLE,DIRECTLY_COMPARABLE,REQUIRES_NORMALIZATION,REQUIRES_NORMALIZATION,REQUIRES_NORMALIZATION,COMPARABLE_WITH_CAVEAT,REQUIRES_NORMALIZATION,COMPARABLE_WITH_CAVEAT,COMPARABLE_WITH_CAVEAT,COMPARABLE_WITH_CAVEAT,COMPARABLE_WITH_CAVEAT,1.0,1.8.0,1.0,cohort_expansion_gp,1.0
B0374,B0374|S04|E01|T01|002,S04,E01,T01,2,250.0,LTOE,L,2,0.72,0.24,8.966,4.802,171.96,0.197,3.459,140.51916122436523,143.49216842651367,54.38688564300537,132.7,accepted,OK,DIRECTLY_COMPARABLE,DIRECTLY_COMPARABLE,REQUIRES_NORMALIZATION,REQUIRES_NORMALIZATION,REQUIRES_NORMALIZATION,COMPARABLE_WITH_CAVEAT,REQUIRES_NORMALIZATION,COMPARABLE_WITH_CAVEAT,COMPARABLE_WITH_CAVEAT,COMPARABLE_WITH_CAVEAT,COMPARABLE_WITH_CAVEAT,1.0,1.8.0,1.0,cohort_expansion_gp,1.0
B0374,B0374|S04|E01|T01|003,S04,E01,T01,3,250.0,LTOE,L,3,0.768,0.244,8.385,4.47,132.69,0.503,3.434,131.4498291015625,137.03379249572754,50.62650632858277,132.7,accepted,OK,DIRECTLY_COMPARABLE,DIRECTLY_COMPARABLE,REQUIRES_NORMALIZATION,REQUIRES_NORMALIZATION,REQUIRES_NORMALIZATION,COMPARABLE_WITH_CAVEAT,REQUIRES_NORMALIZATION,COMPARABLE_WITH_CAVEAT,COMPARABLE_WITH_CAVEAT,COMPARABLE_WITH_CAVEAT,COMPARABLE_WITH_CAVEAT,1.0,1.8.0,1.0,cohort_expansion_gp,1.0
B0374,B0374|S05|E01|T01|001,S05,E01,T01,1,250.0,RTOE,R,0,1.244,0.648,7.579,3.692,65.84,0.72,4.594,144.20487594604492,119.2942943572998,70.86725997924805,133.2,accepted,OK,DIRECTLY_COMPARABLE,DIRECTLY_COMPARABLE,REQUIRES_NORMALIZATION,REQUIRES_NORMALIZATION,REQUIRES_NORMALIZATION,COMPARABLE_WITH_CAVEAT,REQUIRES_NORMALIZATION,COMPARABLE_WITH_CAVEAT,COMPARABLE_WITH_CAVEAT,COMPARABLE_WITH_CAVEAT,COMPARABLE_WITH_CAVEAT,1.0,1.8.0,1.0,cohort_expansion_gp,1.0
B0374,B0374|S05|E01|T01|002,S05,E01,T01,2,250.0,RTOE,R,3,1.34,0.136,6.006,3.208,50.97,0.919,4.3,138.70317459106445,141.29708862304688,74.00383758544922,133.2,accepted,OK,DIRECTLY_COMPARABLE,DIRECTLY_COMPARABLE,REQUIRES_NORMALIZATION,REQUIRES_NORMALIZATION,REQUIRES_NORMALIZATION,COMPARABLE_WITH_CAVEAT,REQUIRES_NORMALIZATION,COMPARABLE_WITH_CAVEAT,COMPARABLE_WITH_CAVEAT,COMPARABLE_WITH_CAVEAT,COMPARABLE_WITH_CAVEAT,1.0,1.8.0,1.0,cohort_expansion_gp,1.0
B0374,B0374|S05|E01|T01|003,S05,E01,T01,3,250.0,RTOE,R,5,0.208,0.124,3.976,3.151,57.69,0.639,0.655,70.51543426513672,67.78186988830566,42.56363105773926,133.2,accepted,OK,DIRECTLY_COMPARABLE,DIRECTLY_COMPARABLE,REQUIRES_NORMALIZATION,REQUIRES_NORMALIZATION,REQUIRES_NORMALIZATION,COMPARABLE_WITH_CAVEAT,REQUIRES_NORMALIZATION,COMPARABLE_WITH_CAVEAT,COMPARABLE_WITH_CAVEAT,COMPARABLE_WITH_CAVEAT,COMPARABLE_WITH_CAVEAT,1.0,1.8.0,1.0,cohort_expansion_gp,1.0
B0374,B0374|S05|E01|T01|004,S05,E01,T01,4,250.0,RTOE,R,6,1.076,0.144,7.705,3.638,73.3,1.203,3.916,90.85650253295898,178.23113250732422,78.25911712646484,133.2,accepted,OK,DIRECTLY_COMPARABLE,DIRECTLY_COMPARABLE,REQUIRES_NORMALIZATION,REQUIRES_NORMALIZATION,REQUIRES_NORMALIZATION,COMPARABLE_WITH_CAVEAT,REQUIRES_NORMALIZATION,COMPARABLE_WITH_CAVEAT,COMPARABLE_WITH_CAVEAT,COMPARABLE_WITH_CAVEAT,COMPARABLE_WITH_CAVEAT,1.0,1.8.0,1.0,cohort_expansion_gp,1.0
B0375,B0375|S02|E01|T01|001,S02,E01,T01,1,250.0,RTOE,R,0,0.744,0.256,8.269,4.571,154.82,0.089,3.399,95.62636947631836,111.80662941932678,47.8954963684082,257.5,accepted,OK,DIRECTLY_COMPARABLE,DIRECTLY_COMPARABLE,REQUIRES_NORMALIZATION,REQUIRES_NORMALIZATION,REQUIRES_NORMALIZATION,COMPARABLE_WITH_CAVEAT,REQUIRES_NORMALIZATION,COMPARABLE_WITH_CAVEAT,COMPARABLE_WITH_CAVEAT,COMPARABLE_WITH_CAVEAT,COMPARABLE_WITH_CAVEAT,1.0,1.8.0,1.0,cohort_expansion_gp,1.0
B0375,B0375|S02|E01|T01|002,S02,E01,T01,2,250.0,RTOE,R,2,0.784,0.28,8.243,4.547,145.36,0.097,3.564,94.03274726867676,109.52199098467828,48.048781394958496,257.5,accepted,OK,DIRECTLY_COMPARABLE,DIRECTLY_COMPARABLE,REQUIRES_NORMALIZATION,REQUIRES_NORMALIZATION,REQUIRES_NORMALIZATION,COMPARABLE_WITH_CAVEAT,REQUIRES_NORMALIZATION,COMPARABLE_WITH_CAVEAT,COMPARABLE_WITH_CAVEAT,COMPARABLE_WITH_CAVEAT,COMPARABLE_WITH_CAVEAT,1.0,1.8.0,1.0,cohort_expansion_gp,1.0
B0375,B0375|S02|E01|T01|003,S02,E01,T01,3,250.0,RTOE,R,3,0.888,0.288,7.807,4.065,114.45,0.114,3.608,87.1025276184082,104.15910625457764,30.985177040100098,257.5,accepted,OK,DIRECTLY_COMPARABLE,DIRECTLY_COMPARABLE,REQUIRES_NORMALIZATION,REQUIRES_NORMALIZATION,REQUIRES_NORMALIZATION,COMPARABLE_WITH_CAVEAT,REQUIRES_NORMALIZATION,COMPARABLE_WITH_CAVEAT,COMPARABLE_WITH_CAVEAT,COMPARABLE_WITH_CAVEAT,COMPARABLE_WITH_CAVEAT,1.0,1.8.0,1.0,cohort_expansion_gp,1.0
B0375,B0375|S03|E01|T01|001,S03,E01,T01,1,250.0,RTOE,R,1,1.104,0.308,7.825,3.536,119.35,0.189,3.904,76.94220352172852,148.37970328330994,35.09019660949707,203.8,accepted,OK,DIRECTLY_COMPARABLE,DIRECTLY_COMPARABLE,REQUIRES_NORMALIZATION,REQUIRES_NORMALIZATION,REQUIRES_NORMALIZATION,COMPARABLE_WITH_CAVEAT,REQUIRES_NORMALIZATION,COMPARABLE_WITH_CAVEAT,COMPARABLE_WITH_CAVEAT,COMPARABLE_WITH_CAVEAT,COMPARABLE_WITH_CAVEAT,1.0,1.8.0,1.0,cohort_expansion_gp,1.0
B0375,B0375|S03|E01|T01|002,S03,E01,T01,2,250.0,RTOE,R,2,1.104,0.336,6.847,3.18,91.23,0.207,3.51,59.46264266967773,127.80172538757324,40.22813606262207,203.8,accepted,OK,DIRECTLY_COMPARABLE,DIRECTLY_COMPARABLE,REQUIRES_NORMALIZATION,REQUIRES_NORMALIZATION,REQUIRES_NORMALIZATION,COMPARABLE_WITH_CAVEAT,REQUIRES_NORMALIZATION,COMPARABLE_WITH_CAVEAT,COMPARABLE_WITH_CAVEAT,COMPARABLE_WITH_CAVEAT,COMPARABLE_WITH_CAVEAT,1.0,1.8.0,1.0,cohort_expansion_gp,1.0
B0375,B0375|S03|E01|T01|003,S03,E01,T01,3,250.0,RTOE,R,3,1.048,0.304,6.213,3.322,87.79,0.133,3.481,54.75934410095215,123.31839656829834,49.85465431213379,203.8,accepted,OK,DIRECTLY_COMPARABLE,DIRECTLY_COMPARABLE,REQUIRES_NORMALIZATION,REQUIRES_NORMALIZATION,REQUIRES_NORMALIZATION,COMPARABLE_WITH_CAVEAT,REQUIRES_NORMALIZATION,COMPARABLE_WITH_CAVEAT,COMPARABLE_WITH_CAVEAT,COMPARABLE_WITH_CAVEAT,COMPARABLE_WITH_CAVEAT,1.0,1.8.0,1.0,cohort_expansion_gp,1.0
B0375,B0375|S04|E01|T01|001,S04,E01,T01,1,250.0,RTOE,R,1,1.072,0.288,9.219,3.758,126.44,0.284,4.026,107.89231872558594,122.56268787384032,32.233778953552246,269.9,accepted,OK,DIRECTLY_COMPARABLE,DIRECTLY_COMPARABLE,REQUIRES_NORMALIZATION,REQUIRES_NORMALIZATION,REQUIRES_NORMALIZATION,COMPARABLE_WITH_CAVEAT,REQUIRES_NORMALIZATION,COMPARABLE_WITH_CAVEAT,COMPARABLE_WITH_CAVEAT,COMPARABLE_WITH_CAVEAT,COMPARABLE_WITH_CAVEAT,1.0,1.8.0,1.0,cohort_expansion_gp,1.0
B0375,B0375|S04|E01|T01|002,S04,E01,T01,2,250.0,RTOE,R,3,1.144,0.292,8.94,3.841,143.64,0.071,4.393,104.71475219726562,144.06940364837646,26.858097076416016,269.9,accepted,OK,DIRECTLY_COMPARABLE,DIRECTLY_COMPARABLE,REQUIRES_NORMALIZATION,REQUIRES_NORMALIZATION,REQUIRES_NORMALIZATION,COMPARABLE_WITH_CAVEAT,REQUIRES_NORMALIZATION,COMPARABLE_WITH_CAVEAT,COMPARABLE_WITH_CAVEAT,COMPARABLE_WITH_CAVEAT,COMPARABLE_WITH_CAVEAT,1.0,1.8.0,1.0,cohort_expansion_gp,1.0
B0375,B0375|S04|E01|T01|003,S04,E01,T01,3,250.0,RTOE,R,4,0.86,0.336,8.246,4.465,112.02,0.939,3.839,98.9040756225586,125.3841631412506,28.199064254760746,269.9,accepted,OK,DIRECTLY_COMPARABLE,DIRECTLY_COMPARABLE,REQUIRES_NORMALIZATION,REQUIRES_NORMALIZATION,REQUIRES_NORMALIZATION,COMPARABLE_WITH_CAVEAT,REQUIRES_NORMALIZATION,COMPARABLE_WITH_CAVEAT,COMPARABLE_WITH_CAVEAT,COMPARABLE_WITH_CAVEAT,COMPARABLE_WITH_CAVEAT,1.0,1.8.0,1.0,cohort_expansion_gp,1.0
B0375,B0375|S05|E01|T01|001,S05,E01,T01,1,250.0,LTOE,L,2,0.172,0.096,1.486,1.063,17.58,0.177,0.182,85.76421356201172,30.14568519592285,43.16104698181152,328.7,accepted,OK,DIRECTLY_COMPARABLE,DIRECTLY_COMPARABLE,REQUIRES_NORMALIZATION,REQUIRES_NORMALIZATION,REQUIRES_NORMALIZATION,COMPARABLE_WITH_CAVEAT,REQUIRES_NORMALIZATION,COMPARABLE_WITH_CAVEAT,COMPARABLE_WITH_CAVEAT,COMPARABLE_WITH_CAVEAT,COMPARABLE_WITH_CAVEAT,1.0,1.8.0,1.0,cohort_expansion_gp,1.0
B0375,B0375|S05|E01|T01|002,S05,E01,T01,2,250.0,LTOE,L,3,0.384,0.228,1.808,1.219,18.75,0.401,0.467,67.5381965637207,43.66187477111816,69.74662017822266,328.7,accepted,OK,DIRECTLY_COMPARABLE,DIRECTLY_COMPARABLE,REQUIRES_NORMALIZATION,REQUIRES_NORMALIZATION,REQUIRES_NORMALIZATION,COMPARABLE_WITH_CAVEAT,REQUIRES_NORMALIZATION,COMPARABLE_WITH_CAVEAT,COMPARABLE_WITH_CAVEAT,COMPARABLE_WITH_CAVEAT,COMPARABLE_WITH_CAVEAT,1.0,1.8.0,1.0,cohort_expansion_gp,1.0
B0375,B0375|S05|E01|T01|003,S05,E01,T01,3,250.0,LTOE,L,7,0.352,0.208,2.034,1.344,14.75,0.463,0.472,69.59253883361816,61.15445327758789,36.75460815429688,328.7,accepted,OK,DIRECTLY_COMPARABLE,DIRECTLY_COMPARABLE,REQUIRES_NORMALIZATION,REQUIRES_NORMALIZATION,REQUIRES_NORMALIZATION,COMPARABLE_WITH_CAVEAT,REQUIRES_NORMALIZATION,COMPARABLE_WITH_CAVEAT,COMPARABLE_WITH_CAVEAT,COMPARABLE_WITH_CAVEAT,COMPARABLE_WITH_CAVEAT,1.0,1.8.0,1.0,cohort_expansion_gp,1.0
B0375,B0375|S05|E01|T01|004,S05,E01,T01,4,250.0,LTOE,L,8,0.28,0.144,3.128,2.179,30.9,0.6,0.61,44.84519004821777,71.28581142425537,58.896331787109375,328.7,accepted,OK,DIRECTLY_COMPARABLE,DIRECTLY_COMPARABLE,REQUIRES_NORMALIZATION,REQUIRES_NORMALIZATION,REQUIRES_NORMALIZATION,COMPARABLE_WITH_CAVEAT,REQUIRES_NORMALIZATION,COMPARABLE_WITH_CAVEAT,COMPARABLE_WITH_CAVEAT,COMPARABLE_WITH_CAVEAT,COMPARABLE_WITH_CAVEAT,1.0,1.8.0,1.0,cohort_expansion_gp,1.0
B0375,B0375|S05|E01|T01|005,S05,E01,T01,5,250.0,LTOE,L,9,0.288,0.084,1.546,1.217,17.47,0.287,0.35,43.965946197509766,69.9662389755249,53.38932800292969,328.7,accepted,OK,DIRECTLY_COMPARABLE,DIRECTLY_COMPARABLE,REQUIRES_NORMALIZATION,REQUIRES_NORMALIZATION,REQUIRES_NORMALIZATION,COMPARABLE_WITH_CAVEAT,REQUIRES_NORMALIZATION,COMPARABLE_WITH_CAVEAT,COMPARABLE_WITH_CAVEAT,COMPARABLE_WITH_CAVEAT,COMPARABLE_WITH_CAVEAT,1.0,1.8.0,1.0,cohort_expansion_gp,1.0
B0375,B0375|S05|E01|T01|006,S05,E01,T01,6,250.0,LTOE,L,10,0.256,0.112,1.527,1.162,13.35,0.29,0.297,43.54561614990234,37.11500930786133,46.05003833770752,328.7,accepted,OK,DIRECTLY_COMPARABLE,DIRECTLY_COMPARABLE,REQUIRES_NORMALIZATION,REQUIRES_NORMALIZATION,REQUIRES_NORMALIZATION,COMPARABLE_WITH_CAVEAT,REQUIRES_NORMALIZATION,COMPARABLE_WITH_CAVEAT,COMPARABLE_WITH_CAVEAT,COMPARABLE_WITH_CAVEAT,COMPARABLE_WITH_CAVEAT,1.0,1.8.0,1.0,cohort_expansion_gp,1.0
B0375,B0375|S05|E01|T01|007,S05,E01,T01,7,250.0,LTOE,L,11,0.312,0.156,1.981,1.417,14.34,0.425,0.442,22.188613414764404,63.62034606933594,36.46908855438232,328.7,accepted,OK,DIRECTLY_COMPARABLE,DIRECTLY_COMPARABLE,REQUIRES_NORMALIZATION,REQUIRES_NORMALIZATION,REQUIRES_NORMALIZATION,COMPARABLE_WITH_CAVEAT,REQUIRES_NORMALIZATION,COMPARABLE_WITH_CAVEAT,COMPARABLE_WITH_CAVEAT,COMPARABLE_WITH_CAVEAT,COMPARABLE_WITH_CAVEAT,1.0,1.8.0,1.0,cohort_expansion_gp,1.0
B0376,B0376|S02|E01|T01|001,S02,E01,T01,1,250.0,RTOE,R,0,0.872,0.256,7.235,3.9,124.3,0.054,3.4,139.1934471130371,155.13285636901855,80.14265823364258,640.9,accepted,OK,DIRECTLY_COMPARABLE,DIRECTLY_COMPARABLE,REQUIRES_NORMALIZATION,REQUIRES_NORMALIZATION,REQUIRES_NORMALIZATION,COMPARABLE_WITH_CAVEAT,REQUIRES_NORMALIZATION,COMPARABLE_WITH_CAVEAT,COMPARABLE_WITH_CAVEAT,COMPARABLE_WITH_CAVEAT,COMPARABLE_WITH_CAVEAT,1.0,1.8.0,1.0,cohort_expansion_gp,1.0
B0376,B0376|S02|E01|T01|002,S02,E01,T01,2,250.0,RTOE,R,1,0.936,0.296,6.557,3.609,129.28,0.037,3.377,138.1097869873047,164.6074256896973,92.59906005859376,640.9,accepted,OK,DIRECTLY_COMPARABLE,DIRECTLY_COMPARABLE,REQUIRES_NORMALIZATION,REQUIRES_NORMALIZATION,REQUIRES_NORMALIZATION,COMPARABLE_WITH_CAVEAT,REQUIRES_NORMALIZATION,COMPARABLE_WITH_CAVEAT,COMPARABLE_WITH_CAVEAT,COMPARABLE_WITH_CAVEAT,COMPARABLE_WITH_CAVEAT,1.0,1.8.0,1.0,cohort_expansion_gp,1.0
B0376,B0376|S02|E01|T01|003,S02,E01,T01,3,250.0,RTOE,R,2,0.924,0.312,6.064,3.686,103.15,0.13,3.405,142.72064208984375,165.3909797668457,79.14703750610352,640.9,accepted,OK,DIRECTLY_COMPARABLE,DIRECTLY_COMPARABLE,REQUIRES_NORMALIZATION,REQUIRES_NORMALIZATION,REQUIRES_NORMALIZATION,COMPARABLE_WITH_CAVEAT,REQUIRES_NORMALIZATION,COMPARABLE_WITH_CAVEAT,COMPARABLE_WITH_CAVEAT,COMPARABLE_WITH_CAVEAT,COMPARABLE_WITH_CAVEAT,1.0,1.8.0,1.0,cohort_expansion_gp,1.0
B0376,B0376|S03|E01|T01|001,S03,E01,T01,1,250.0,RTOE,R,1,0.88,0.252,8.752,3.988,160.93,0.066,3.509,103.01546096801758,171.2084789276123,99.07160186767578,222.1,accepted,OK,DIRECTLY_COMPARABLE,DIRECTLY_COMPARABLE,REQUIRES_NORMALIZATION,REQUIRES_NORMALIZATION,REQUIRES_NORMALIZATION,COMPARABLE_WITH_CAVEAT,REQUIRES_NORMALIZATION,COMPARABLE_WITH_CAVEAT,COMPARABLE_WITH_CAVEAT,COMPARABLE_WITH_CAVEAT,COMPARABLE_WITH_CAVEAT,1.0,1.8.0,1.0,cohort_expansion_gp,1.0
B0376,B0376|S03|E01|T01|002,S03,E01,T01,2,250.0,RTOE,R,3,0.884,0.252,8.663,3.817,155.7,0.083,3.373,106.40942764282228,180.6388053894043,108.7807559967041,222.1,accepted,OK,DIRECTLY_COMPARABLE,DIRECTLY_COMPARABLE,REQUIRES_NORMALIZATION,REQUIRES_NORMALIZATION,REQUIRES_NORMALIZATION,COMPARABLE_WITH_CAVEAT,REQUIRES_NORMALIZATION,COMPARABLE_WITH_CAVEAT,COMPARABLE_WITH_CAVEAT,COMPARABLE_WITH_CAVEAT,COMPARABLE_WITH_CAVEAT,1.0,1.8.0,1.0,cohort_expansion_gp,1.0
B0376,B0376|S03|E01|T01|003,S03,E01,T01,3,250.0,RTOE,R,4,0.896,0.264,7.829,3.741,147.84,0.072,3.351,110.00199127197266,171.94746017456055,103.49572563171388,222.1,accepted,OK,DIRECTLY_COMPARABLE,DIRECTLY_COMPARABLE,REQUIRES_NORMALIZATION,REQUIRES_NORMALIZATION,REQUIRES_NORMALIZATION,COMPARABLE_WITH_CAVEAT,REQUIRES_NORMALIZATION,COMPARABLE_WITH_CAVEAT,COMPARABLE_WITH_CAVEAT,COMPARABLE_WITH_CAVEAT,COMPARABLE_WITH_CAVEAT,1.0,1.8.0,1.0,cohort_expansion_gp,1.0
B0376,B0376|S04|E01|T01|001,S04,E01,T01,1,250.0,LTOE,L,1,1.032,0.284,8.525,3.837,163.12,0.102,3.958,172.4486083984375,156.43773651123047,67.28757667541504,291.5,accepted,OK,DIRECTLY_COMPARABLE,DIRECTLY_COMPARABLE,REQUIRES_NORMALIZATION,REQUIRES_NORMALIZATION,REQUIRES_NORMALIZATION,COMPARABLE_WITH_CAVEAT,REQUIRES_NORMALIZATION,COMPARABLE_WITH_CAVEAT,COMPARABLE_WITH_CAVEAT,COMPARABLE_WITH_CAVEAT,COMPARABLE_WITH_CAVEAT,1.0,1.8.0,1.0,cohort_expansion_gp,1.0
B0376,B0376|S04|E01|T01|002,S04,E01,T01,2,250.0,LTOE,L,3,1.024,0.304,10.009,3.927,160.33,0.104,4.019,148.8573989868164,158.8507137298584,66.72883987426758,291.5,accepted,OK,DIRECTLY_COMPARABLE,DIRECTLY_COMPARABLE,REQUIRES_NORMALIZATION,REQUIRES_NORMALIZATION,REQUIRES_NORMALIZATION,COMPARABLE_WITH_CAVEAT,REQUIRES_NORMALIZATION,COMPARABLE_WITH_CAVEAT,COMPARABLE_WITH_CAVEAT,COMPARABLE_WITH_CAVEAT,COMPARABLE_WITH_CAVEAT,1.0,1.8.0,1.0,cohort_expansion_gp,1.0
B0376,B0376|S04|E01|T01|003,S04,E01,T01,3,250.0,LTOE,L,5,1.144,0.312,8.48,3.563,153.04,0.059,4.073,137.9999122619629,155.10881805419922,88.17910957336426,291.5,accepted,OK,DIRECTLY_COMPARABLE,DIRECTLY_COMPARABLE,REQUIRES_NORMALIZATION,REQUIRES_NORMALIZATION,REQUIRES_NORMALIZATION,COMPARABLE_WITH_CAVEAT,REQUIRES_NORMALIZATION,COMPARABLE_WITH_CAVEAT,COMPARABLE_WITH_CAVEAT,COMPARABLE_WITH_CAVEAT,COMPARABLE_WITH_CAVEAT,1.0,1.8.0,1.0,cohort_expansion_gp,1.0
B0376,B0376|S05|E01|T01|001,S05,E01,T01,1,250.0,RTOE,R,1,0.78,0.536,7.125,4.971,87.92,0.443,3.878,152.73844528198242,167.66931915283203,80.62962532043457,266.4,accepted,OK,DIRECTLY_COMPARABLE,DIRECTLY_COMPARABLE,REQUIRES_NORMALIZATION,REQUIRES_NORMALIZATION,REQUIRES_NORMALIZATION,COMPARABLE_WITH_CAVEAT,REQUIRES_NORMALIZATION,COMPARABLE_WITH_CAVEAT,COMPARABLE_WITH_CAVEAT,COMPARABLE_WITH_CAVEAT,COMPARABLE_WITH_CAVEAT,1.0,1.8.0,1.0,cohort_expansion_gp,1.0
B0376,B0376|S05|E01|T01|002,S05,E01,T01,2,250.0,RTOE,R,3,0.968,0.14,6.108,4.281,86.03,0.107,4.144,145.21945571899414,178.90266799926758,65.4026050567627,266.4,accepted,OK,DIRECTLY_COMPARABLE,DIRECTLY_COMPARABLE,REQUIRES_NORMALIZATION,REQUIRES_NORMALIZATION,REQUIRES_NORMALIZATION,COMPARABLE_WITH_CAVEAT,REQUIRES_NORMALIZATION,COMPARABLE_WITH_CAVEAT,COMPARABLE_WITH_CAVEAT,COMPARABLE_WITH_CAVEAT,COMPARABLE_WITH_CAVEAT,1.0,1.8.0,1.0,cohort_expansion_gp,1.0
B0376,B0376|S05|E01|T01|003,S05,E01,T01,3,250.0,RTOE,R,5,0.912,0.136,6.889,4.387,98.17,0.345,4.003,142.76024627685547,185.1463508605957,68.65847587585449,266.4,accepted,OK,DIRECTLY_COMPARABLE,DIRECTLY_COMPARABLE,REQUIRES_NORMALIZATION,REQUIRES_NORMALIZATION,REQUIRES_NORMALIZATION,COMPARABLE_WITH_CAVEAT,REQUIRES_NORMALIZATION,COMPARABLE_WITH_CAVEAT,COMPARABLE_WITH_CAVEAT,COMPARABLE_WITH_CAVEAT,COMPARABLE_WITH_CAVEAT,1.0,1.8.0,1.0,cohort_expansion_gp,1.0
B0378,B0378|S02|E01|T01|001,S02,E01,T01,1,250.0,RTOE,R,0,0.82,0.3,7.104,4.336,133.83,0.136,3.556,109.3464126586914,148.7354793548584,54.74599647521973,139.1,accepted,OK,DIRECTLY_COMPARABLE,DIRECTLY_COMPARABLE,REQUIRES_NORMALIZATION,REQUIRES_NORMALIZATION,REQUIRES_NORMALIZATION,COMPARABLE_WITH_CAVEAT,REQUIRES_NORMALIZATION,COMPARABLE_WITH_CAVEAT,COMPARABLE_WITH_CAVEAT,COMPARABLE_WITH_CAVEAT,COMPARABLE_WITH_CAVEAT,1.0,1.8.0,1.0,cohort_expansion_gp,1.0
B0378,B0378|S02|E01|T01|002,S02,E01,T01,2,250.0,RTOE,R,1,0.884,0.308,6.678,4.223,124.95,0.064,3.734,97.9015407562256,149.24880409240723,55.18272018432617,139.1,accepted,OK,DIRECTLY_COMPARABLE,DIRECTLY_COMPARABLE,REQUIRES_NORMALIZATION,REQUIRES_NORMALIZATION,REQUIRES_NORMALIZATION,COMPARABLE_WITH_CAVEAT,REQUIRES_NORMALIZATION,COMPARABLE_WITH_CAVEAT,COMPARABLE_WITH_CAVEAT,COMPARABLE_WITH_CAVEAT,COMPARABLE_WITH_CAVEAT,1.0,1.8.0,1.0,cohort_expansion_gp,1.0
B0378,B0378|S02|E01|T01|003,S02,E01,T01,3,250.0,RTOE,R,2,0.928,0.336,6.556,4.01,113.07,0.148,3.722,102.65350341796876,145.12734031677246,60.89410781860352,139.1,accepted,OK,DIRECTLY_COMPARABLE,DIRECTLY_COMPARABLE,REQUIRES_NORMALIZATION,REQUIRES_NORMALIZATION,REQUIRES_NORMALIZATION,COMPARABLE_WITH_CAVEAT,REQUIRES_NORMALIZATION,COMPARABLE_WITH_CAVEAT,COMPARABLE_WITH_CAVEAT,COMPARABLE_WITH_CAVEAT,COMPARABLE_WITH_CAVEAT,1.0,1.8.0,1.0,cohort_expansion_gp,1.0
B0378,B0378|S03|E01|T01|001,S03,E01,T01,1,250.0,RTOE,R,0,0.916,0.232,8.088,3.584,153.44,0.109,3.281,80.69840240478516,126.25086402893066,51.92516231536865,287.2,accepted,OK,DIRECTLY_COMPARABLE,DIRECTLY_COMPARABLE,REQUIRES_NORMALIZATION,REQUIRES_NORMALIZATION,REQUIRES_NORMALIZATION,COMPARABLE_WITH_CAVEAT,REQUIRES_NORMALIZATION,COMPARABLE_WITH_CAVEAT,COMPARABLE_WITH_CAVEAT,COMPARABLE_WITH_CAVEAT,COMPARABLE_WITH_CAVEAT,1.0,1.8.0,1.0,cohort_expansion_gp,1.0
B0378,B0378|S03|E01|T01|002,S03,E01,T01,2,250.0,RTOE,R,2,0.96,0.24,8.001,3.788,104.72,0.16,3.633,69.53722763061523,108.67749214172365,53.9695405960083,287.2,accepted,OK,DIRECTLY_COMPARABLE,DIRECTLY_COMPARABLE,REQUIRES_NORMALIZATION,REQUIRES_NORMALIZATION,REQUIRES_NORMALIZATION,COMPARABLE_WITH_CAVEAT,REQUIRES_NORMALIZATION,COMPARABLE_WITH_CAVEAT,COMPARABLE_WITH_CAVEAT,COMPARABLE_WITH_CAVEAT,COMPARABLE_WITH_CAVEAT,1.0,1.8.0,1.0,cohort_expansion_gp,1.0
B0378,B0378|S03|E01|T01|003,S03,E01,T01,3,250.0,RTOE,R,4,0.404,0.228,10.096,5.479,113.02,1.532,2.21,76.3296012878418,112.30714416503906,58.36190032958984,287.2,accepted,OK,DIRECTLY_COMPARABLE,DIRECTLY_COMPARABLE,REQUIRES_NORMALIZATION,REQUIRES_NORMALIZATION,REQUIRES_NORMALIZATION,COMPARABLE_WITH_CAVEAT,REQUIRES_NORMALIZATION,COMPARABLE_WITH_CAVEAT,COMPARABLE_WITH_CAVEAT,COMPARABLE_WITH_CAVEAT,COMPARABLE_WITH_CAVEAT,1.0,1.8.0,1.0,cohort_expansion_gp,1.0
B0378,B0378|S04|E01|T01|001,S04,E01,T01,1,250.0,RTOE,R,0,0.972,0.272,8.32,4.823,147.66,0.196,4.689,128.56593322753906,125.83175086975098,50.96769332885742,203.8,accepted,OK,DIRECTLY_COMPARABLE,DIRECTLY_COMPARABLE,REQUIRES_NORMALIZATION,REQUIRES_NORMALIZATION,REQUIRES_NORMALIZATION,COMPARABLE_WITH_CAVEAT,REQUIRES_NORMALIZATION,COMPARABLE_WITH_CAVEAT,COMPARABLE_WITH_CAVEAT,COMPARABLE_WITH_CAVEAT,COMPARABLE_WITH_CAVEAT,1.0,1.8.0,1.0,cohort_expansion_gp,1.0
B0378,B0378|S04|E01|T01|002,S04,E01,T01,2,250.0,RTOE,R,2,0.924,0.296,8.131,4.766,154.03,0.078,4.403,131.0874481201172,130.69818687438965,45.39286756515503,203.8,accepted,OK,DIRECTLY_COMPARABLE,DIRECTLY_COMPARABLE,REQUIRES_NORMALIZATION,REQUIRES_NORMALIZATION,REQUIRES_NORMALIZATION,COMPARABLE_WITH_CAVEAT,REQUIRES_NORMALIZATION,COMPARABLE_WITH_CAVEAT,COMPARABLE_WITH_CAVEAT,COMPARABLE_WITH_CAVEAT,COMPARABLE_WITH_CAVEAT,1.0,1.8.0,1.0,cohort_expansion_gp,1.0
B0378,B0378|S04|E01|T01|003,S04,E01,T01,3,250.0,RTOE,R,3,0.904,0.26,8.636,4.878,173.89,0.141,4.41,131.10683059692383,123.84645462036131,46.18478536605835,203.8,accepted,OK,DIRECTLY_COMPARABLE,DIRECTLY_COMPARABLE,REQUIRES_NORMALIZATION,REQUIRES_NORMALIZATION,REQUIRES_NORMALIZATION,COMPARABLE_WITH_CAVEAT,REQUIRES_NORMALIZATION,COMPARABLE_WITH_CAVEAT,COMPARABLE_WITH_CAVEAT,COMPARABLE_WITH_CAVEAT,COMPARABLE_WITH_CAVEAT,1.0,1.8.0,1.0,cohort_expansion_gp,1.0
B0378,B0378|S05|E01|T01|001,S05,E01,T01,1,250.0,RTOE,R,0,1.008,0.368,7.119,4.996,59.61,0.236,5.037,131.37419891357422,114.70295333862305,86.94742202758789,629.1,accepted,OK,DIRECTLY_COMPARABLE,DIRECTLY_COMPARABLE,REQUIRES_NORMALIZATION,REQUIRES_NORMALIZATION,REQUIRES_NORMALIZATION,COMPARABLE_WITH_CAVEAT,REQUIRES_NORMALIZATION,COMPARABLE_WITH_CAVEAT,COMPARABLE_WITH_CAVEAT,COMPARABLE_WITH_CAVEAT,COMPARABLE_WITH_CAVEAT,1.0,1.8.0,1.0,cohort_expansion_gp,1.0
B0378,B0378|S05|E01|T01|002,S05,E01,T01,2,250.0,RTOE,R,1,1.02,0.168,5.613,4.486,85.61,0.425,4.578,93.6953010559082,133.93120574951172,82.02945709228516,629.1,accepted,OK,DIRECTLY_COMPARABLE,DIRECTLY_COMPARABLE,REQUIRES_NORMALIZATION,REQUIRES_NORMALIZATION,REQUIRES_NORMALIZATION,COMPARABLE_WITH_CAVEAT,REQUIRES_NORMALIZATION,COMPARABLE_WITH_CAVEAT,COMPARABLE_WITH_CAVEAT,COMPARABLE_WITH_CAVEAT,COMPARABLE_WITH_CAVEAT,1.0,1.8.0,1.0,cohort_expansion_gp,1.0
B0378,B0378|S05|E01|T01|003,S05,E01,T01,3,250.0,RTOE,R,3,1.152,0.568,7.004,4.442,71.23,0.137,5.117,118.0885009765625,86.10741424560547,76.39125442504883,629.1,accepted,OK,DIRECTLY_COMPARABLE,DIRECTLY_COMPARABLE,REQUIRES_NORMALIZATION,REQUIRES_NORMALIZATION,REQUIRES_NORMALIZATION,COMPARABLE_WITH_CAVEAT,REQUIRES_NORMALIZATION,COMPARABLE_WITH_CAVEAT,COMPARABLE_WITH_CAVEAT,COMPARABLE_WITH_CAVEAT,COMPARABLE_WITH_CAVEAT,1.0,1.8.0,1.0,cohort_expansion_gp,1.0
B0379,B0379|S02|E01|T01|001,S02,E01,T01,1,250.0,RTOE,R,0,0.964,0.304,7.6,3.851,129.79,0.061,3.711,66.3508071899414,167.4624900817871,87.4172420501709,207.2,accepted,OK,DIRECTLY_COMPARABLE,DIRECTLY_COMPARABLE,REQUIRES_NORMALIZATION,REQUIRES_NORMALIZATION,REQUIRES_NORMALIZATION,COMPARABLE_WITH_CAVEAT,REQUIRES_NORMALIZATION,COMPARABLE_WITH_CAVEAT,COMPARABLE_WITH_CAVEAT,COMPARABLE_WITH_CAVEAT,COMPARABLE_WITH_CAVEAT,1.0,1.8.0,1.0,cohort_expansion_gp,1.0
B0379,B0379|S02|E01|T01|002,S02,E01,T01,2,250.0,RTOE,R,2,0.972,0.304,6.484,3.941,105.43,0.022,3.831,104.33176040649414,178.64408493041992,64.75304794311523,207.2,accepted,OK,DIRECTLY_COMPARABLE,DIRECTLY_COMPARABLE,REQUIRES_NORMALIZATION,REQUIRES_NORMALIZATION,REQUIRES_NORMALIZATION,COMPARABLE_WITH_CAVEAT,REQUIRES_NORMALIZATION,COMPARABLE_WITH_CAVEAT,COMPARABLE_WITH_CAVEAT,COMPARABLE_WITH_CAVEAT,COMPARABLE_WITH_CAVEAT,1.0,1.8.0,1.0,cohort_expansion_gp,1.0
B0379,B0379|S02|E01|T01|003,S02,E01,T01,3,250.0,RTOE,R,3,0.968,0.284,6.758,3.969,109.94,0.027,3.843,102.48775100708008,179.9261245727539,63.37313461303711,207.2,accepted,OK,DIRECTLY_COMPARABLE,DIRECTLY_COMPARABLE,REQUIRES_NORMALIZATION,REQUIRES_NORMALIZATION,REQUIRES_NORMALIZATION,COMPARABLE_WITH_CAVEAT,REQUIRES_NORMALIZATION,COMPARABLE_WITH_CAVEAT,COMPARABLE_WITH_CAVEAT,COMPARABLE_WITH_CAVEAT,COMPARABLE_WITH_CAVEAT,1.0,1.8.0,1.0,cohort_expansion_gp,1.0
B0379,B0379|S02|E01|T01|004,S02,E01,T01,4,250.0,RTOE,R,4,0.976,0.272,7.672,3.739,132.57,0.334,3.65,99.36275100708008,173.9326286315918,58.78392601013184,207.2,accepted,OK,DIRECTLY_COMPARABLE,DIRECTLY_COMPARABLE,REQUIRES_NORMALIZATION,REQUIRES_NORMALIZATION,REQUIRES_NORMALIZATION,COMPARABLE_WITH_CAVEAT,REQUIRES_NORMALIZATION,COMPARABLE_WITH_CAVEAT,COMPARABLE_WITH_CAVEAT,COMPARABLE_WITH_CAVEAT,COMPARABLE_WITH_CAVEAT,1.0,1.8.0,1.0,cohort_expansion_gp,1.0
B0379,B0379|S03|E01|T01|001,S03,E01,T01,1,250.0,RTOE,R,0,0.932,0.24,8.921,4.241,168.17,0.141,3.953,91.25646591186523,172.52410125732422,82.10901832580566,263.4,accepted,OK,DIRECTLY_COMPARABLE,DIRECTLY_COMPARABLE,REQUIRES_NORMALIZATION,REQUIRES_NORMALIZATION,REQUIRES_NORMALIZATION,COMPARABLE_WITH_CAVEAT,REQUIRES_NORMALIZATION,COMPARABLE_WITH_CAVEAT,COMPARABLE_WITH_CAVEAT,COMPARABLE_WITH_CAVEAT,COMPARABLE_WITH_CAVEAT,1.0,1.8.0,1.0,cohort_expansion_gp,1.0
B0379,B0379|S03|E01|T01|002,S03,E01,T01,2,250.0,RTOE,R,1,0.916,0.264,9.142,3.987,178.11,0.065,3.652,78.05997848510742,170.08936309814453,86.35268783569336,263.4,accepted,OK,DIRECTLY_COMPARABLE,DIRECTLY_COMPARABLE,REQUIRES_NORMALIZATION,REQUIRES_NORMALIZATION,REQUIRES_NORMALIZATION,COMPARABLE_WITH_CAVEAT,REQUIRES_NORMALIZATION,COMPARABLE_WITH_CAVEAT,COMPARABLE_WITH_CAVEAT,COMPARABLE_WITH_CAVEAT,COMPARABLE_WITH_CAVEAT,1.0,1.8.0,1.0,cohort_expansion_gp,1.0
B0379,B0379|S03|E01|T01|003,S03,E01,T01,3,250.0,RTOE,R,2,1.028,0.336,8.263,3.416,137.35,0.322,3.51,90.65154647827148,181.36838912963867,96.36116790771484,263.4,accepted,OK,DIRECTLY_COMPARABLE,DIRECTLY_COMPARABLE,REQUIRES_NORMALIZATION,REQUIRES_NORMALIZATION,REQUIRES_NORMALIZATION,COMPARABLE_WITH_CAVEAT,REQUIRES_NORMALIZATION,COMPARABLE_WITH_CAVEAT,COMPARABLE_WITH_CAVEAT,COMPARABLE_WITH_CAVEAT,COMPARABLE_WITH_CAVEAT,1.0,1.8.0,1.0,cohort_expansion_gp,1.0
B0379,B0379|S04|E01|T01|001,S04,E01,T01,1,250.0,RTOE,R,0,0.828,0.264,7.002,5.112,64.3,0.396,4.235,121.7346076965332,91.15975570678712,78.50588989257812,453.0,accepted,OK,DIRECTLY_COMPARABLE,DIRECTLY_COMPARABLE,REQUIRES_NORMALIZATION,REQUIRES_NORMALIZATION,REQUIRES_NORMALIZATION,COMPARABLE_WITH_CAVEAT,REQUIRES_NORMALIZATION,COMPARABLE_WITH_CAVEAT,COMPARABLE_WITH_CAVEAT,COMPARABLE_WITH_CAVEAT,COMPARABLE_WITH_CAVEAT,1.0,1.8.0,1.0,cohort_expansion_gp,1.0
B0379,B0379|S04|E01|T01|002,S04,E01,T01,2,250.0,RTOE,R,2,0.792,0.412,6.204,4.627,50.49,0.63,3.665,105.7150421142578,121.85223007202148,62.06036949157715,453.0,accepted,OK,DIRECTLY_COMPARABLE,DIRECTLY_COMPARABLE,REQUIRES_NORMALIZATION,REQUIRES_NORMALIZATION,REQUIRES_NORMALIZATION,COMPARABLE_WITH_CAVEAT,REQUIRES_NORMALIZATION,COMPARABLE_WITH_CAVEAT,COMPARABLE_WITH_CAVEAT,COMPARABLE_WITH_CAVEAT,COMPARABLE_WITH_CAVEAT,1.0,1.8.0,1.0,cohort_expansion_gp,1.0
B0379,B0379|S04|E01|T01|003,S04,E01,T01,3,250.0,RTOE,R,4,1.02,0.348,7.995,4.246,159.25,0.155,4.33,97.95172119140624,183.135498046875,75.70221710205078,453.0,accepted,OK,DIRECTLY_COMPARABLE,DIRECTLY_COMPARABLE,REQUIRES_NORMALIZATION,REQUIRES_NORMALIZATION,REQUIRES_NORMALIZATION,COMPARABLE_WITH_CAVEAT,REQUIRES_NORMALIZATION,COMPARABLE_WITH_CAVEAT,COMPARABLE_WITH_CAVEAT,COMPARABLE_WITH_CAVEAT,COMPARABLE_WITH_CAVEAT,1.0,1.8.0,1.0,cohort_expansion_gp,1.0
B0379,B0379|S04|E01|T01|004,S04,E01,T01,4,250.0,RTOE,R,5,0.956,0.312,7.712,4.434,129.93,0.292,4.239,106.0402717590332,180.07523345947266,72.55542945861816,453.0,accepted,OK,DIRECTLY_COMPARABLE,DIRECTLY_COMPARABLE,REQUIRES_NORMALIZATION,REQUIRES_NORMALIZATION,REQUIRES_NORMALIZATION,COMPARABLE_WITH_CAVEAT,REQUIRES_NORMALIZATION,COMPARABLE_WITH_CAVEAT,COMPARABLE_WITH_CAVEAT,COMPARABLE_WITH_CAVEAT,COMPARABLE_WITH_CAVEAT,1.0,1.8.0,1.0,cohort_expansion_gp,1.0
B0379,B0379|S04|E01|T01|005,S04,E01,T01,5,250.0,RTOE,R,6,1.032,0.328,7.875,4.188,147.78,0.045,4.322,106.14957046508788,174.24179458618164,69.25598335266113,453.0,accepted,OK,DIRECTLY_COMPARABLE,DIRECTLY_COMPARABLE,REQUIRES_NORMALIZATION,REQUIRES_NORMALIZATION,REQUIRES_NORMALIZATION,COMPARABLE_WITH_CAVEAT,REQUIRES_NORMALIZATION,COMPARABLE_WITH_CAVEAT,COMPARABLE_WITH_CAVEAT,COMPARABLE_WITH_CAVEAT,COMPARABLE_WITH_CAVEAT,1.0,1.8.0,1.0,cohort_expansion_gp,1.0
B0379,B0379|S05|E01|T01|001,S05,E01,T01,1,250.0,RTOE,R,0,0.764,0.268,6.78,5.197,65.71,0.559,3.973,127.32843399047852,133.5983772277832,54.19825839996338,398.7,accepted,OK,DIRECTLY_COMPARABLE,DIRECTLY_COMPARABLE,REQUIRES_NORMALIZATION,REQUIRES_NORMALIZATION,REQUIRES_NORMALIZATION,COMPARABLE_WITH_CAVEAT,REQUIRES_NORMALIZATION,COMPARABLE_WITH_CAVEAT,COMPARABLE_WITH_CAVEAT,COMPARABLE_WITH_CAVEAT,COMPARABLE_WITH_CAVEAT,1.0,1.8.0,1.0,cohort_expansion_gp,1.0
B0379,B0379|S05|E01|T01|002,S05,E01,T01,2,250.0,RTOE,R,2,1.08,0.268,6.567,4.271,45.48,0.166,4.612,119.89852523803712,148.64060592651367,59.75351333618164,398.7,accepted,OK,DIRECTLY_COMPARABLE,DIRECTLY_COMPARABLE,REQUIRES_NORMALIZATION,REQUIRES_NORMALIZATION,REQUIRES_NORMALIZATION,COMPARABLE_WITH_CAVEAT,REQUIRES_NORMALIZATION,COMPARABLE_WITH_CAVEAT,COMPARABLE_WITH_CAVEAT,COMPARABLE_WITH_CAVEAT,COMPARABLE_WITH_CAVEAT,1.0,1.8.0,1.0,cohort_expansion_gp,1.0
B0379,B0379|S05|E01|T01|003,S05,E01,T01,3,250.0,RTOE,R,4,0.864,0.22,7.031,5.154,59.13,0.314,4.454,121.74397659301758,114.03778457641602,57.8316707611084,398.7,accepted,OK,DIRECTLY_COMPARABLE,DIRECTLY_COMPARABLE,REQUIRES_NORMALIZATION,REQUIRES_NORMALIZATION,REQUIRES_NORMALIZATION,COMPARABLE_WITH_CAVEAT,REQUIRES_NORMALIZATION,COMPARABLE_WITH_CAVEAT,COMPARABLE_WITH_CAVEAT,COMPARABLE_WITH_CAVEAT,COMPARABLE_WITH_CAVEAT,1.0,1.8.0,1.0,cohort_expansion_gp,1.0
B0381,B0381|S02|E01|T01|001,S02,E01,T01,1,250.0,RTOE,R,1,0.932,0.296,7.35,3.994,122.03,0.086,3.721,102.10622978210448,119.5350152850151,46.24474811553955,117.5,accepted,OK,DIRECTLY_COMPARABLE,DIRECTLY_COMPARABLE,REQUIRES_NORMALIZATION,REQUIRES_NORMALIZATION,REQUIRES_NORMALIZATION,COMPARABLE_WITH_CAVEAT,REQUIRES_NORMALIZATION,COMPARABLE_WITH_CAVEAT,COMPARABLE_WITH_CAVEAT,COMPARABLE_WITH_CAVEAT,COMPARABLE_WITH_CAVEAT,1.0,1.8.0,1.0,cohort_expansion_gp,1.0
B0381,B0381|S02|E01|T01|002,S02,E01,T01,2,250.0,RTOE,R,3,1.024,0.348,5.508,3.789,88.95,0.011,3.879,108.23157501220705,122.56882575154305,51.79888534545898,117.5,accepted,OK,DIRECTLY_COMPARABLE,DIRECTLY_COMPARABLE,REQUIRES_NORMALIZATION,REQUIRES_NORMALIZATION,REQUIRES_NORMALIZATION,COMPARABLE_WITH_CAVEAT,REQUIRES_NORMALIZATION,COMPARABLE_WITH_CAVEAT,COMPARABLE_WITH_CAVEAT,COMPARABLE_WITH_CAVEAT,COMPARABLE_WITH_CAVEAT,1.0,1.8.0,1.0,cohort_expansion_gp,1.0
B0381,B0381|S02|E01|T01|003,S02,E01,T01,3,250.0,RTOE,R,5,0.936,0.344,5.806,4.095,87.94,0.23,3.832,109.1904411315918,125.87751817703248,59.42378044128418,117.5,accepted,OK,DIRECTLY_COMPARABLE,DIRECTLY_COMPARABLE,REQUIRES_NORMALIZATION,REQUIRES_NORMALIZATION,REQUIRES_NORMALIZATION,COMPARABLE_WITH_CAVEAT,REQUIRES_NORMALIZATION,COMPARABLE_WITH_CAVEAT,COMPARABLE_WITH_CAVEAT,COMPARABLE_WITH_CAVEAT,COMPARABLE_WITH_CAVEAT,1.0,1.8.0,1.0,cohort_expansion_gp,1.0
B0381,B0381|S03|E01|T01|001,S03,E01,T01,1,250.0,RTOE,R,1,1.044,0.304,5.876,3.585,92.75,0.206,3.741,80.67766571044922,117.5763373374939,44.694546699523926,161.5,accepted,OK,DIRECTLY_COMPARABLE,DIRECTLY_COMPARABLE,REQUIRES_NORMALIZATION,REQUIRES_NORMALIZATION,REQUIRES_NORMALIZATION,COMPARABLE_WITH_CAVEAT,REQUIRES_NORMALIZATION,COMPARABLE_WITH_CAVEAT,COMPARABLE_WITH_CAVEAT,COMPARABLE_WITH_CAVEAT,COMPARABLE_WITH_CAVEAT,1.0,1.8.0,1.0,cohort_expansion_gp,1.0
B0381,B0381|S03|E01|T01|002,S03,E01,T01,2,250.0,RTOE,R,3,0.932,0.256,8.036,4.092,96.76,0.059,3.812,78.80347061157227,113.51711678504944,45.357778549194336,161.5,accepted,OK,DIRECTLY_COMPARABLE,DIRECTLY_COMPARABLE,REQUIRES_NORMALIZATION,REQUIRES_NORMALIZATION,REQUIRES_NORMALIZATION,COMPARABLE_WITH_CAVEAT,REQUIRES_NORMALIZATION,COMPARABLE_WITH_CAVEAT,COMPARABLE_WITH_CAVEAT,COMPARABLE_WITH_CAVEAT,COMPARABLE_WITH_CAVEAT,1.0,1.8.0,1.0,cohort_expansion_gp,1.0
B0381,B0381|S03|E01|T01|003,S03,E01,T01,3,250.0,RTOE,R,5,0.88,0.256,8.248,4.328,107.85,0.071,3.808,78.75480461120605,115.95387029647829,48.34123134613037,161.5,accepted,OK,DIRECTLY_COMPARABLE,DIRECTLY_COMPARABLE,REQUIRES_NORMALIZATION,REQUIRES_NORMALIZATION,REQUIRES_NORMALIZATION,COMPARABLE_WITH_CAVEAT,REQUIRES_NORMALIZATION,COMPARABLE_WITH_CAVEAT,COMPARABLE_WITH_CAVEAT,COMPARABLE_WITH_CAVEAT,COMPARABLE_WITH_CAVEAT,1.0,1.8.0,1.0,cohort_expansion_gp,1.0
B0381,B0381|S04|E01|T01|001,S04,E01,T01,1,250.0,RTOE,R,1,0.964,0.308,7.565,4.496,118.09,0.145,4.332,110.96504974365234,101.16176012158394,72.27938842773438,221.9,accepted,OK,DIRECTLY_COMPARABLE,DIRECTLY_COMPARABLE,REQUIRES_NORMALIZATION,REQUIRES_NORMALIZATION,REQUIRES_NORMALIZATION,COMPARABLE_WITH_CAVEAT,REQUIRES_NORMALIZATION,COMPARABLE_WITH_CAVEAT,COMPARABLE_WITH_CAVEAT,COMPARABLE_WITH_CAVEAT,COMPARABLE_WITH_CAVEAT,1.0,1.8.0,1.0,cohort_expansion_gp,1.0
B0381,B0381|S04|E01|T01|002,S04,E01,T01,2,250.0,RTOE,R,3,0.968,0.292,8.222,4.639,124.99,0.228,4.489,115.61095428466795,106.35772851109505,57.91204071044922,221.9,accepted,OK,DIRECTLY_COMPARABLE,DIRECTLY_COMPARABLE,REQUIRES_NORMALIZATION,REQUIRES_NORMALIZATION,REQUIRES_NORMALIZATION,COMPARABLE_WITH_CAVEAT,REQUIRES_NORMALIZATION,COMPARABLE_WITH_CAVEAT,COMPARABLE_WITH_CAVEAT,COMPARABLE_WITH_CAVEAT,COMPARABLE_WITH_CAVEAT,1.0,1.8.0,1.0,cohort_expansion_gp,1.0
B0381,B0381|S04|E01|T01|003,S04,E01,T01,3,250.0,RTOE,R,5,0.932,0.284,7.923,4.743,113.8,0.072,4.42,116.97478866577148,102.62131664156914,55.089149475097656,221.9,accepted,OK,DIRECTLY_COMPARABLE,DIRECTLY_COMPARABLE,REQUIRES_NORMALIZATION,REQUIRES_NORMALIZATION,REQUIRES_NORMALIZATION,COMPARABLE_WITH_CAVEAT,REQUIRES_NORMALIZATION,COMPARABLE_WITH_CAVEAT,COMPARABLE_WITH_CAVEAT,COMPARABLE_WITH_CAVEAT,COMPARABLE_WITH_CAVEAT,1.0,1.8.0,1.0,cohort_expansion_gp,1.0
B0381,B0381|S05|E01|T01|001,S05,E01,T01,1,250.0,LTOE,L,0,0.316,0.068,1.813,0.929,29.94,0.218,0.293,38.82195997238159,45.30046272277832,47.73576354980469,150.9,accepted,OK,DIRECTLY_COMPARABLE,DIRECTLY_COMPARABLE,REQUIRES_NORMALIZATION,REQUIRES_NORMALIZATION,REQUIRES_NORMALIZATION,COMPARABLE_WITH_CAVEAT,REQUIRES_NORMALIZATION,COMPARABLE_WITH_CAVEAT,COMPARABLE_WITH_CAVEAT,COMPARABLE_WITH_CAVEAT,COMPARABLE_WITH_CAVEAT,1.0,1.8.0,1.0,cohort_expansion_gp,1.0
B0381,B0381|S05|E01|T01|002,S05,E01,T01,2,250.0,LTOE,L,3,0.184,0.136,1.042,0.662,18.91,0.119,0.122,41.35719871520996,28.291051387786865,48.029648780822754,150.9,accepted,OK,DIRECTLY_COMPARABLE,DIRECTLY_COMPARABLE,REQUIRES_NORMALIZATION,REQUIRES_NORMALIZATION,REQUIRES_NORMALIZATION,COMPARABLE_WITH_CAVEAT,REQUIRES_NORMALIZATION,COMPARABLE_WITH_CAVEAT,COMPARABLE_WITH_CAVEAT,COMPARABLE_WITH_CAVEAT,COMPARABLE_WITH_CAVEAT,1.0,1.8.0,1.0,cohort_expansion_gp,1.0
B0381,B0381|S05|E01|T01|003,S05,E01,T01,3,250.0,LTOE,L,4,0.236,0.116,1.638,1.172,21.49,0.273,0.277,47.86202621459961,54.151010513305664,29.315896034240723,150.9,accepted,OK,DIRECTLY_COMPARABLE,DIRECTLY_COMPARABLE,REQUIRES_NORMALIZATION,REQUIRES_NORMALIZATION,REQUIRES_NORMALIZATION,COMPARABLE_WITH_CAVEAT,REQUIRES_NORMALIZATION,COMPARABLE_WITH_CAVEAT,COMPARABLE_WITH_CAVEAT,COMPARABLE_WITH_CAVEAT,COMPARABLE_WITH_CAVEAT,1.0,1.8.0,1.0,cohort_expansion_gp,1.0
B0381,B0381|S05|E01|T01|004,S05,E01,T01,4,250.0,LTOE,L,5,0.908,0.06,1.492,0.562,26.34,0.125,0.51,80.11568450927734,69.55055618286133,75.20653533935547,150.9,accepted,OK,DIRECTLY_COMPARABLE,DIRECTLY_COMPARABLE,REQUIRES_NORMALIZATION,REQUIRES_NORMALIZATION,REQUIRES_NORMALIZATION,COMPARABLE_WITH_CAVEAT,REQUIRES_NORMALIZATION,COMPARABLE_WITH_CAVEAT,COMPARABLE_WITH_CAVEAT,COMPARABLE_WITH_CAVEAT,COMPARABLE_WITH_CAVEAT,1.0,1.8.0,1.0,cohort_expansion_gp,1.0
B0381,B0381|S05|E01|T01|005,S05,E01,T01,5,250.0,LTOE,L,8,0.224,0.148,1.125,0.87,15.6,0.184,0.194,34.6737585067749,31.159140586853027,59.09336853027344,150.9,accepted,OK,DIRECTLY_COMPARABLE,DIRECTLY_COMPARABLE,REQUIRES_NORMALIZATION,REQUIRES_NORMALIZATION,REQUIRES_NORMALIZATION,COMPARABLE_WITH_CAVEAT,REQUIRES_NORMALIZATION,COMPARABLE_WITH_CAVEAT,COMPARABLE_WITH_CAVEAT,COMPARABLE_WITH_CAVEAT,COMPARABLE_WITH_CAVEAT,1.0,1.8.0,1.0,cohort_expansion_gp,1.0
B0381,B0381|S05|E01|T01|006,S05,E01,T01,6,250.0,LTOE,L,9,0.164,0.104,1.179,0.823,20.24,0.131,0.135,47.13334846496582,42.136627197265625,23.89081573486328,150.9,accepted,OK,DIRECTLY_COMPARABLE,DIRECTLY_COMPARABLE,REQUIRES_NORMALIZATION,REQUIRES_NORMALIZATION,REQUIRES_NORMALIZATION,COMPARABLE_WITH_CAVEAT,REQUIRES_NORMALIZATION,COMPARABLE_WITH_CAVEAT,COMPARABLE_WITH_CAVEAT,COMPARABLE_WITH_CAVEAT,COMPARABLE_WITH_CAVEAT,1.0,1.8.0,1.0,cohort_expansion_gp,1.0
B0381,B0381|S05|E01|T01|007,S05,E01,T01,7,250.0,LTOE,L,10,0.44,0.088,1.447,0.672,18.39,0.193,0.295,42.02900695800781,65.34436416625977,53.5676155090332,150.9,accepted,OK,DIRECTLY_COMPARABLE,DIRECTLY_COMPARABLE,REQUIRES_NORMALIZATION,REQUIRES_NORMALIZATION,REQUIRES_NORMALIZATION,COMPARABLE_WITH_CAVEAT,REQUIRES_NORMALIZATION,COMPARABLE_WITH_CAVEAT,COMPARABLE_WITH_CAVEAT,COMPARABLE_WITH_CAVEAT,COMPARABLE_WITH_CAVEAT,1.0,1.8.0,1.0,cohort_expansion_gp,1.0
B0381,B0381|S05|E01|T01|008,S05,E01,T01,8,250.0,LTOE,L,14,0.188,0.12,1.777,1.116,29.18,0.194,0.21,56.572845458984375,33.062804222106934,44.416805267333984,150.9,accepted,OK,DIRECTLY_COMPARABLE,DIRECTLY_COMPARABLE,REQUIRES_NORMALIZATION,REQUIRES_NORMALIZATION,REQUIRES_NORMALIZATION,COMPARABLE_WITH_CAVEAT,REQUIRES_NORMALIZATION,COMPARABLE_WITH_CAVEAT,COMPARABLE_WITH_CAVEAT,COMPARABLE_WITH_CAVEAT,COMPARABLE_WITH_CAVEAT,1.0,1.8.0,1.0,cohort_expansion_gp,1.0
B0381,B0381|S05|E01|T01|009,S05,E01,T01,9,250.0,LTOE,L,15,0.284,0.152,2.166,1.48,26.2,0.407,0.42,51.386417388916016,37.31667613983154,30.593360900878903,150.9,accepted,OK,DIRECTLY_COMPARABLE,DIRECTLY_COMPARABLE,REQUIRES_NORMALIZATION,REQUIRES_NORMALIZATION,REQUIRES_NORMALIZATION,COMPARABLE_WITH_CAVEAT,REQUIRES_NORMALIZATION,COMPARABLE_WITH_CAVEAT,COMPARABLE_WITH_CAVEAT,COMPARABLE_WITH_CAVEAT,COMPARABLE_WITH_CAVEAT,1.0,1.8.0,1.0,cohort_expansion_gp,1.0
B0382,B0382|S02|E01|T01|001,S02,E01,T01,1,250.0,RTOE,R,0,0.9,0.264,8.027,4.779,127.79,0.097,4.302,106.4608268737793,126.95129776000977,39.50344038009644,1149.5,accepted,OK,DIRECTLY_COMPARABLE,DIRECTLY_COMPARABLE,REQUIRES_NORMALIZATION,REQUIRES_NORMALIZATION,REQUIRES_NORMALIZATION,COMPARABLE_WITH_CAVEAT,REQUIRES_NORMALIZATION,COMPARABLE_WITH_CAVEAT,COMPARABLE_WITH_CAVEAT,COMPARABLE_WITH_CAVEAT,COMPARABLE_WITH_CAVEAT,1.0,1.8.0,1.0,cohort_expansion_gp,1.0
B0382,B0382|S02|E01|T01|002,S02,E01,T01,2,250.0,RTOE,R,2,0.884,0.292,7.5,4.909,119.27,0.099,4.34,103.77506256103516,123.57035541534424,41.39294147491455,1149.5,accepted,OK,DIRECTLY_COMPARABLE,DIRECTLY_COMPARABLE,REQUIRES_NORMALIZATION,REQUIRES_NORMALIZATION,REQUIRES_NORMALIZATION,COMPARABLE_WITH_CAVEAT,REQUIRES_NORMALIZATION,COMPARABLE_WITH_CAVEAT,COMPARABLE_WITH_CAVEAT,COMPARABLE_WITH_CAVEAT,COMPARABLE_WITH_CAVEAT,1.0,1.8.0,1.0,cohort_expansion_gp,1.0
B0382,B0382|S02|E01|T01|003,S02,E01,T01,3,250.0,RTOE,R,4,0.872,0.304,6.891,4.814,101.38,0.137,4.199,98.74860000610352,123.72520923614502,38.595139026641846,1149.5,accepted,OK,DIRECTLY_COMPARABLE,DIRECTLY_COMPARABLE,REQUIRES_NORMALIZATION,REQUIRES_NORMALIZATION,REQUIRES_NORMALIZATION,COMPARABLE_WITH_CAVEAT,REQUIRES_NORMALIZATION,COMPARABLE_WITH_CAVEAT,COMPARABLE_WITH_CAVEAT,COMPARABLE_WITH_CAVEAT,COMPARABLE_WITH_CAVEAT,1.0,1.8.0,1.0,cohort_expansion_gp,1.0
B0382,B0382|S03|E01|T01|001,S03,E01,T01,1,250.0,RTOE,R,0,0.84,0.208,7.251,4.524,61.18,0.103,3.801,89.0476541519165,113.5711784362793,34.01421546936035,364.4,accepted,OK,DIRECTLY_COMPARABLE,DIRECTLY_COMPARABLE,REQUIRES_NORMALIZATION,REQUIRES_NORMALIZATION,REQUIRES_NORMALIZATION,COMPARABLE_WITH_CAVEAT,REQUIRES_NORMALIZATION,COMPARABLE_WITH_CAVEAT,COMPARABLE_WITH_CAVEAT,COMPARABLE_WITH_CAVEAT,COMPARABLE_WITH_CAVEAT,1.0,1.8.0,1.0,cohort_expansion_gp,1.0
B0382,B0382|S03|E01|T01|002,S03,E01,T01,2,250.0,RTOE,R,1,0.848,0.216,8.047,4.617,66.82,0.098,3.916,91.7926139831543,116.55115413665771,29.38510799407959,364.4,accepted,OK,DIRECTLY_COMPARABLE,DIRECTLY_COMPARABLE,REQUIRES_NORMALIZATION,REQUIRES_NORMALIZATION,REQUIRES_NORMALIZATION,COMPARABLE_WITH_CAVEAT,REQUIRES_NORMALIZATION,COMPARABLE_WITH_CAVEAT,COMPARABLE_WITH_CAVEAT,COMPARABLE_WITH_CAVEAT,COMPARABLE_WITH_CAVEAT,1.0,1.8.0,1.0,cohort_expansion_gp,1.0
B0382,B0382|S03|E01|T01|003,S03,E01,T01,3,250.0,RTOE,R,2,0.824,0.208,8.339,4.766,69.9,0.119,3.927,95.93239402770996,129.98398971557617,32.658008098602295,364.4,accepted,OK,DIRECTLY_COMPARABLE,DIRECTLY_COMPARABLE,REQUIRES_NORMALIZATION,REQUIRES_NORMALIZATION,REQUIRES_NORMALIZATION,COMPARABLE_WITH_CAVEAT,REQUIRES_NORMALIZATION,COMPARABLE_WITH_CAVEAT,COMPARABLE_WITH_CAVEAT,COMPARABLE_WITH_CAVEAT,COMPARABLE_WITH_CAVEAT,1.0,1.8.0,1.0,cohort_expansion_gp,1.0
B0382,B0382|S04|E01|T01|001,S04,E01,T01,1,250.0,LTOE,L,1,0.772,0.172,8.442,5.664,108.11,0.554,4.372,143.8736114501953,118.39093017578124,70.45512580871582,4145.0,accepted,OK,DIRECTLY_COMPARABLE,DIRECTLY_COMPARABLE,REQUIRES_NORMALIZATION,REQUIRES_NORMALIZATION,REQUIRES_NORMALIZATION,COMPARABLE_WITH_CAVEAT,REQUIRES_NORMALIZATION,COMPARABLE_WITH_CAVEAT,COMPARABLE_WITH_CAVEAT,COMPARABLE_WITH_CAVEAT,COMPARABLE_WITH_CAVEAT,1.0,1.8.0,1.0,cohort_expansion_gp,1.0
B0382,B0382|S04|E01|T01|002,S04,E01,T01,2,250.0,LTOE,L,3,0.768,0.192,8.62,5.69,95.31,0.463,4.37,142.83405685424805,123.42376136779784,75.66866683959961,4145.0,accepted,OK,DIRECTLY_COMPARABLE,DIRECTLY_COMPARABLE,REQUIRES_NORMALIZATION,REQUIRES_NORMALIZATION,REQUIRES_NORMALIZATION,COMPARABLE_WITH_CAVEAT,REQUIRES_NORMALIZATION,COMPARABLE_WITH_CAVEAT,COMPARABLE_WITH_CAVEAT,COMPARABLE_WITH_CAVEAT,COMPARABLE_WITH_CAVEAT,1.0,1.8.0,1.0,cohort_expansion_gp,1.0
B0382,B0382|S04|E01|T01|003,S04,E01,T01,3,250.0,LTOE,L,6,0.788,0.196,8.863,5.933,100.99,0.413,4.675,146.7564468383789,124.31245231628418,75.24058151245117,4145.0,accepted,OK,DIRECTLY_COMPARABLE,DIRECTLY_COMPARABLE,REQUIRES_NORMALIZATION,REQUIRES_NORMALIZATION,REQUIRES_NORMALIZATION,COMPARABLE_WITH_CAVEAT,REQUIRES_NORMALIZATION,COMPARABLE_WITH_CAVEAT,COMPARABLE_WITH_CAVEAT,COMPARABLE_WITH_CAVEAT,COMPARABLE_WITH_CAVEAT,1.0,1.8.0,1.0,cohort_expansion_gp,1.0
B0382,B0382|S05|E01|T01|001,S05,E01,T01,1,250.0,RTOE,R,0,0.796,0.228,10.123,7.648,174.23,0.438,6.09,134.35274124145508,54.659088134765625,57.904245376586914,1966.9,accepted,OK,DIRECTLY_COMPARABLE,DIRECTLY_COMPARABLE,REQUIRES_NORMALIZATION,REQUIRES_NORMALIZATION,REQUIRES_NORMALIZATION,COMPARABLE_WITH_CAVEAT,REQUIRES_NORMALIZATION,COMPARABLE_WITH_CAVEAT,COMPARABLE_WITH_CAVEAT,COMPARABLE_WITH_CAVEAT,COMPARABLE_WITH_CAVEAT,1.0,1.8.0,1.0,cohort_expansion_gp,1.0
B0382,B0382|S05|E01|T01|002,S05,E01,T01,2,250.0,RTOE,R,2,0.86,0.324,9.93,7.142,142.47,0.437,6.144,141.11579513549805,51.11017608642578,60.19512176513672,1966.9,accepted,OK,DIRECTLY_COMPARABLE,DIRECTLY_COMPARABLE,REQUIRES_NORMALIZATION,REQUIRES_NORMALIZATION,REQUIRES_NORMALIZATION,COMPARABLE_WITH_CAVEAT,REQUIRES_NORMALIZATION,COMPARABLE_WITH_CAVEAT,COMPARABLE_WITH_CAVEAT,COMPARABLE_WITH_CAVEAT,COMPARABLE_WITH_CAVEAT,1.0,1.8.0,1.0,cohort_expansion_gp,1.0
B0382,B0382|S05|E01|T01|003,S05,E01,T01,3,250.0,RTOE,R,4,0.948,0.344,10.009,6.814,151.11,0.215,6.46,139.7175750732422,54.68524932861328,61.579708099365234,1966.9,accepted,OK,DIRECTLY_COMPARABLE,DIRECTLY_COMPARABLE,REQUIRES_NORMALIZATION,REQUIRES_NORMALIZATION,REQUIRES_NORMALIZATION,COMPARABLE_WITH_CAVEAT,REQUIRES_NORMALIZATION,COMPARABLE_WITH_CAVEAT,COMPARABLE_WITH_CAVEAT,COMPARABLE_WITH_CAVEAT,COMPARABLE_WITH_CAVEAT,1.0,1.8.0,1.0,cohort_expansion_gp,1.0
B0383,B0383|S02|E01|T01|001,S02,E01,T01,1,250.0,RTOE,R,0,0.936,0.312,6.144,3.959,92.83,0.136,3.706,106.08086204528809,154.9762544631958,73.44153213500977,66.4,accepted,OK,DIRECTLY_COMPARABLE,DIRECTLY_COMPARABLE,REQUIRES_NORMALIZATION,REQUIRES_NORMALIZATION,REQUIRES_NORMALIZATION,COMPARABLE_WITH_CAVEAT,REQUIRES_NORMALIZATION,COMPARABLE_WITH_CAVEAT,COMPARABLE_WITH_CAVEAT,COMPARABLE_WITH_CAVEAT,COMPARABLE_WITH_CAVEAT,1.0,1.8.0,1.0,cohort_expansion_gp,1.0
B0383,B0383|S02|E01|T01|002,S02,E01,T01,2,250.0,RTOE,R,3,0.88,0.304,6.23,3.922,101.9,0.138,3.451,114.81215286254884,149.18993949890137,78.52641296386719,66.4,accepted,OK,DIRECTLY_COMPARABLE,DIRECTLY_COMPARABLE,REQUIRES_NORMALIZATION,REQUIRES_NORMALIZATION,REQUIRES_NORMALIZATION,COMPARABLE_WITH_CAVEAT,REQUIRES_NORMALIZATION,COMPARABLE_WITH_CAVEAT,COMPARABLE_WITH_CAVEAT,COMPARABLE_WITH_CAVEAT,COMPARABLE_WITH_CAVEAT,1.0,1.8.0,1.0,cohort_expansion_gp,1.0
B0383,B0383|S02|E01|T01|003,S02,E01,T01,3,250.0,RTOE,R,5,0.968,0.548,5.954,3.942,94.9,0.139,3.816,128.15721893310547,161.59800720214844,81.5793342590332,66.4,accepted,OK,DIRECTLY_COMPARABLE,DIRECTLY_COMPARABLE,REQUIRES_NORMALIZATION,REQUIRES_NORMALIZATION,REQUIRES_NORMALIZATION,COMPARABLE_WITH_CAVEAT,REQUIRES_NORMALIZATION,COMPARABLE_WITH_CAVEAT,COMPARABLE_WITH_CAVEAT,COMPARABLE_WITH_CAVEAT,COMPARABLE_WITH_CAVEAT,1.0,1.8.0,1.0,cohort_expansion_gp,1.0
B0383,B0383|S03|E01|T01|001,S03,E01,T01,1,250.0,LTOE,L,0,0.252,0.144,2.772,1.912,33.19,0.478,0.482,69.5811653137207,52.6399712562561,37.35772228240967,46.6,accepted,OK,DIRECTLY_COMPARABLE,DIRECTLY_COMPARABLE,REQUIRES_NORMALIZATION,REQUIRES_NORMALIZATION,REQUIRES_NORMALIZATION,COMPARABLE_WITH_CAVEAT,REQUIRES_NORMALIZATION,COMPARABLE_WITH_CAVEAT,COMPARABLE_WITH_CAVEAT,COMPARABLE_WITH_CAVEAT,COMPARABLE_WITH_CAVEAT,1.0,1.8.0,1.0,cohort_expansion_gp,1.0
B0383,B0383|S03|E01|T01|002,S03,E01,T01,2,250.0,LTOE,L,1,0.208,0.116,2.239,1.551,27.24,0.314,0.322,57.13766717910767,45.138604164123535,30.657995223999023,46.6,accepted,OK,DIRECTLY_COMPARABLE,DIRECTLY_COMPARABLE,REQUIRES_NORMALIZATION,REQUIRES_NORMALIZATION,REQUIRES_NORMALIZATION,COMPARABLE_WITH_CAVEAT,REQUIRES_NORMALIZATION,COMPARABLE_WITH_CAVEAT,COMPARABLE_WITH_CAVEAT,COMPARABLE_WITH_CAVEAT,COMPARABLE_WITH_CAVEAT,1.0,1.8.0,1.0,cohort_expansion_gp,1.0
B0383,B0383|S03|E01|T01|003,S03,E01,T01,3,250.0,LTOE,L,2,0.308,0.144,2.347,1.629,20.52,0.472,0.501,72.45984077453613,51.07356548309326,27.421870231628414,46.6,accepted,OK,DIRECTLY_COMPARABLE,DIRECTLY_COMPARABLE,REQUIRES_NORMALIZATION,REQUIRES_NORMALIZATION,REQUIRES_NORMALIZATION,COMPARABLE_WITH_CAVEAT,REQUIRES_NORMALIZATION,COMPARABLE_WITH_CAVEAT,COMPARABLE_WITH_CAVEAT,COMPARABLE_WITH_CAVEAT,COMPARABLE_WITH_CAVEAT,1.0,1.8.0,1.0,cohort_expansion_gp,1.0
B0383,B0383|S03|E01|T01|004,S03,E01,T01,4,250.0,LTOE,L,3,0.632,0.12,1.987,1.075,16.94,0.122,0.679,60.84872817993164,51.05778503417969,33.21745204925537,46.6,accepted,OK,DIRECTLY_COMPARABLE,DIRECTLY_COMPARABLE,REQUIRES_NORMALIZATION,REQUIRES_NORMALIZATION,REQUIRES_NORMALIZATION,COMPARABLE_WITH_CAVEAT,REQUIRES_NORMALIZATION,COMPARABLE_WITH_CAVEAT,COMPARABLE_WITH_CAVEAT,COMPARABLE_WITH_CAVEAT,COMPARABLE_WITH_CAVEAT,1.0,1.8.0,1.0,cohort_expansion_gp,1.0
B0383,B0383|S03|E01|T01|005,S03,E01,T01,5,250.0,LTOE,L,5,0.324,0.144,2.008,1.418,17.99,0.452,0.459,52.297550201416016,37.6758041381836,41.67220115661621,46.6,accepted,OK,DIRECTLY_COMPARABLE,DIRECTLY_COMPARABLE,REQUIRES_NORMALIZATION,REQUIRES_NORMALIZATION,REQUIRES_NORMALIZATION,COMPARABLE_WITH_CAVEAT,REQUIRES_NORMALIZATION,COMPARABLE_WITH_CAVEAT,COMPARABLE_WITH_CAVEAT,COMPARABLE_WITH_CAVEAT,COMPARABLE_WITH_CAVEAT,1.0,1.8.0,1.0,cohort_expansion_gp,1.0
B0383,B0383|S04|E01|T01|001,S04,E01,T01,1,250.0,RTOE,R,0,0.92,0.284,7.421,4.307,113.79,0.106,3.964,140.27692794799805,151.4198455810547,65.27192115783691,3493.5,accepted,OK,DIRECTLY_COMPARABLE,DIRECTLY_COMPARABLE,REQUIRES_NORMALIZATION,REQUIRES_NORMALIZATION,REQUIRES_NORMALIZATION,COMPARABLE_WITH_CAVEAT,REQUIRES_NORMALIZATION,COMPARABLE_WITH_CAVEAT,COMPARABLE_WITH_CAVEAT,COMPARABLE_WITH_CAVEAT,COMPARABLE_WITH_CAVEAT,1.0,1.8.0,1.0,cohort_expansion_gp,1.0
B0383,B0383|S04|E01|T01|002,S04,E01,T01,2,250.0,RTOE,R,1,0.86,0.284,7.164,4.656,98.6,0.143,4.005,137.57233047485352,147.14908599853516,79.13706970214844,3493.5,accepted,OK,DIRECTLY_COMPARABLE,DIRECTLY_COMPARABLE,REQUIRES_NORMALIZATION,REQUIRES_NORMALIZATION,REQUIRES_NORMALIZATION,COMPARABLE_WITH_CAVEAT,REQUIRES_NORMALIZATION,COMPARABLE_WITH_CAVEAT,COMPARABLE_WITH_CAVEAT,COMPARABLE_WITH_CAVEAT,COMPARABLE_WITH_CAVEAT,1.0,1.8.0,1.0,cohort_expansion_gp,1.0
B0383,B0383|S04|E01|T01|003,S04,E01,T01,3,250.0,RTOE,R,3,0.804,0.296,7.76,4.874,131.54,0.341,3.92,136.14336395263672,156.42173385620117,70.74521446228027,3493.5,accepted,OK,DIRECTLY_COMPARABLE,DIRECTLY_COMPARABLE,REQUIRES_NORMALIZATION,REQUIRES_NORMALIZATION,REQUIRES_NORMALIZATION,COMPARABLE_WITH_CAVEAT,REQUIRES_NORMALIZATION,COMPARABLE_WITH_CAVEAT,COMPARABLE_WITH_CAVEAT,COMPARABLE_WITH_CAVEAT,COMPARABLE_WITH_CAVEAT,1.0,1.8.0,1.0,cohort_expansion_gp,1.0
B0383,B0383|S05|E01|T01|001,S05,E01,T01,1,250.0,RTOE,R,0,0.816,0.312,6.424,4.573,71.5,0.31,3.734,109.14608764648438,149.35970878601074,77.54901885986328,546.0,accepted,OK,DIRECTLY_COMPARABLE,DIRECTLY_COMPARABLE,REQUIRES_NORMALIZATION,REQUIRES_NORMALIZATION,REQUIRES_NORMALIZATION,COMPARABLE_WITH_CAVEAT,REQUIRES_NORMALIZATION,COMPARABLE_WITH_CAVEAT,COMPARABLE_WITH_CAVEAT,COMPARABLE_WITH_CAVEAT,COMPARABLE_WITH_CAVEAT,1.0,1.8.0,1.0,cohort_expansion_gp,1.0
B0383,B0383|S05|E01|T01|002,S05,E01,T01,2,250.0,RTOE,R,1,0.76,0.296,6.84,5.081,74.92,0.363,3.863,107.6294288635254,142.04483032226562,75.08037185668945,546.0,accepted,OK,DIRECTLY_COMPARABLE,DIRECTLY_COMPARABLE,REQUIRES_NORMALIZATION,REQUIRES_NORMALIZATION,REQUIRES_NORMALIZATION,COMPARABLE_WITH_CAVEAT,REQUIRES_NORMALIZATION,COMPARABLE_WITH_CAVEAT,COMPARABLE_WITH_CAVEAT,COMPARABLE_WITH_CAVEAT,COMPARABLE_WITH_CAVEAT,1.0,1.8.0,1.0,cohort_expansion_gp,1.0
B0383,B0383|S05|E01|T01|003,S05,E01,T01,3,250.0,RTOE,R,3,0.852,0.404,6.468,4.796,102.61,0.118,4.088,116.22575378417967,172.95447158813477,67.2241096496582,546.0,accepted,OK,DIRECTLY_COMPARABLE,DIRECTLY_COMPARABLE,REQUIRES_NORMALIZATION,REQUIRES_NORMALIZATION,REQUIRES_NORMALIZATION,COMPARABLE_WITH_CAVEAT,REQUIRES_NORMALIZATION,COMPARABLE_WITH_CAVEAT,COMPARABLE_WITH_CAVEAT,COMPARABLE_WITH_CAVEAT,COMPARABLE_WITH_CAVEAT,1.0,1.8.0,1.0,cohort_expansion_gp,1.0
B0384,B0384|S02|E01|T01|001,S02,E01,T01,1,250.0,RTOE,R,0,0.988,0.284,8.203,3.438,152.35,0.075,3.395,118.61184692382812,162.95645904541016,63.53635597229004,330.7,accepted,OK,DIRECTLY_COMPARABLE,DIRECTLY_COMPARABLE,REQUIRES_NORMALIZATION,REQUIRES_NORMALIZATION,REQUIRES_NORMALIZATION,COMPARABLE_WITH_CAVEAT,REQUIRES_NORMALIZATION,COMPARABLE_WITH_CAVEAT,COMPARABLE_WITH_CAVEAT,COMPARABLE_WITH_CAVEAT,COMPARABLE_WITH_CAVEAT,1.0,1.8.0,1.0,cohort_expansion_gp,1.0
B0384,B0384|S02|E01|T01|002,S02,E01,T01,2,250.0,RTOE,R,1,0.888,0.332,7.608,3.899,142.78,0.089,3.462,113.840087890625,155.09804153442383,63.57516670227051,330.7,accepted,OK,DIRECTLY_COMPARABLE,DIRECTLY_COMPARABLE,REQUIRES_NORMALIZATION,REQUIRES_NORMALIZATION,REQUIRES_NORMALIZATION,COMPARABLE_WITH_CAVEAT,REQUIRES_NORMALIZATION,COMPARABLE_WITH_CAVEAT,COMPARABLE_WITH_CAVEAT,COMPARABLE_WITH_CAVEAT,COMPARABLE_WITH_CAVEAT,1.0,1.8.0,1.0,cohort_expansion_gp,1.0
B0384,B0384|S02|E01|T01|003,S02,E01,T01,3,250.0,RTOE,R,2,1.044,0.352,7.68,3.438,121.26,0.105,3.589,116.98261642456056,164.3644256591797,83.49918556213379,330.7,accepted,OK,DIRECTLY_COMPARABLE,DIRECTLY_COMPARABLE,REQUIRES_NORMALIZATION,REQUIRES_NORMALIZATION,REQUIRES_NORMALIZATION,COMPARABLE_WITH_CAVEAT,REQUIRES_NORMALIZATION,COMPARABLE_WITH_CAVEAT,COMPARABLE_WITH_CAVEAT,COMPARABLE_WITH_CAVEAT,COMPARABLE_WITH_CAVEAT,1.0,1.8.0,1.0,cohort_expansion_gp,1.0
B0384,B0384|S03|E01|T01|001,S03,E01,T01,1,250.0,RTOE,R,0,1.076,0.28,7.547,3.303,102.63,0.102,3.551,93.39496612548828,148.1003456115723,78.19864463806152,177.1,accepted,OK,DIRECTLY_COMPARABLE,DIRECTLY_COMPARABLE,REQUIRES_NORMALIZATION,REQUIRES_NORMALIZATION,REQUIRES_NORMALIZATION,COMPARABLE_WITH_CAVEAT,REQUIRES_NORMALIZATION,COMPARABLE_WITH_CAVEAT,COMPARABLE_WITH_CAVEAT,COMPARABLE_WITH_CAVEAT,COMPARABLE_WITH_CAVEAT,1.0,1.8.0,1.0,cohort_expansion_gp,1.0
B0384,B0384|S03|E01|T01|002,S03,E01,T01,2,250.0,RTOE,R,2,0.952,0.256,8.801,3.525,127.58,0.074,3.354,94.60142707824708,158.14656829833984,72.13931179046631,177.1,accepted,OK,DIRECTLY_COMPARABLE,DIRECTLY_COMPARABLE,REQUIRES_NORMALIZATION,REQUIRES_NORMALIZATION,REQUIRES_NORMALIZATION,COMPARABLE_WITH_CAVEAT,REQUIRES_NORMALIZATION,COMPARABLE_WITH_CAVEAT,COMPARABLE_WITH_CAVEAT,COMPARABLE_WITH_CAVEAT,COMPARABLE_WITH_CAVEAT,1.0,1.8.0,1.0,cohort_expansion_gp,1.0
B0384,B0384|S03|E01|T01|003,S03,E01,T01,3,250.0,RTOE,R,3,1.036,0.284,8.349,3.591,145.76,0.045,3.72,93.18285369873048,149.79774475097656,67.8078441619873,177.1,accepted,OK,DIRECTLY_COMPARABLE,DIRECTLY_COMPARABLE,REQUIRES_NORMALIZATION,REQUIRES_NORMALIZATION,REQUIRES_NORMALIZATION,COMPARABLE_WITH_CAVEAT,REQUIRES_NORMALIZATION,COMPARABLE_WITH_CAVEAT,COMPARABLE_WITH_CAVEAT,COMPARABLE_WITH_CAVEAT,COMPARABLE_WITH_CAVEAT,1.0,1.8.0,1.0,cohort_expansion_gp,1.0
B0384,B0384|S04|E01|T01|001,S04,E01,T01,1,250.0,RTOE,R,0,1.056,0.328,6.961,3.677,115.55,0.097,3.88,154.92254257202148,149.7286834716797,84.01007843017578,181.4,accepted,OK,DIRECTLY_COMPARABLE,DIRECTLY_COMPARABLE,REQUIRES_NORMALIZATION,REQUIRES_NORMALIZATION,REQUIRES_NORMALIZATION,COMPARABLE_WITH_CAVEAT,REQUIRES_NORMALIZATION,COMPARABLE_WITH_CAVEAT,COMPARABLE_WITH_CAVEAT,COMPARABLE_WITH_CAVEAT,COMPARABLE_WITH_CAVEAT,1.0,1.8.0,1.0,cohort_expansion_gp,1.0
B0384,B0384|S04|E01|T01|002,S04,E01,T01,2,250.0,RTOE,R,2,1.224,0.292,8.152,3.189,123.13,0.078,3.902,138.3771743774414,163.60844612121582,64.09222984313965,181.4,accepted,OK,DIRECTLY_COMPARABLE,DIRECTLY_COMPARABLE,REQUIRES_NORMALIZATION,REQUIRES_NORMALIZATION,REQUIRES_NORMALIZATION,COMPARABLE_WITH_CAVEAT,REQUIRES_NORMALIZATION,COMPARABLE_WITH_CAVEAT,COMPARABLE_WITH_CAVEAT,COMPARABLE_WITH_CAVEAT,COMPARABLE_WITH_CAVEAT,1.0,1.8.0,1.0,cohort_expansion_gp,1.0
B0384,B0384|S04|E01|T01|003,S04,E01,T01,3,250.0,RTOE,R,4,0.836,0.316,8.071,4.188,137.95,0.565,3.501,125.10461044311523,147.31416511535645,65.48515796661377,181.4,accepted,OK,DIRECTLY_COMPARABLE,DIRECTLY_COMPARABLE,REQUIRES_NORMALIZATION,REQUIRES_NORMALIZATION,REQUIRES_NORMALIZATION,COMPARABLE_WITH_CAVEAT,REQUIRES_NORMALIZATION,COMPARABLE_WITH_CAVEAT,COMPARABLE_WITH_CAVEAT,COMPARABLE_WITH_CAVEAT,COMPARABLE_WITH_CAVEAT,1.0,1.8.0,1.0,cohort_expansion_gp,1.0
B0384,B0384|S05|E01|T01|001,S05,E01,T01,1,250.0,RTOE,R,1,0.804,0.564,6.791,5.047,57.43,0.644,4.058,129.61762619018555,102.15001583099364,52.64782524108887,312.7,accepted,OK,DIRECTLY_COMPARABLE,DIRECTLY_COMPARABLE,REQUIRES_NORMALIZATION,REQUIRES_NORMALIZATION,REQUIRES_NORMALIZATION,COMPARABLE_WITH_CAVEAT,REQUIRES_NORMALIZATION,COMPARABLE_WITH_CAVEAT,COMPARABLE_WITH_CAVEAT,COMPARABLE_WITH_CAVEAT,COMPARABLE_WITH_CAVEAT,1.0,1.8.0,1.0,cohort_expansion_gp,1.0
B0384,B0384|S05|E01|T01|002,S05,E01,T01,2,250.0,RTOE,R,3,0.984,0.796,5.216,4.356,55.86,0.426,4.286,127.07873153686523,122.79015350341795,42.688602447509766,312.7,accepted,OK,DIRECTLY_COMPARABLE,DIRECTLY_COMPARABLE,REQUIRES_NORMALIZATION,REQUIRES_NORMALIZATION,REQUIRES_NORMALIZATION,COMPARABLE_WITH_CAVEAT,REQUIRES_NORMALIZATION,COMPARABLE_WITH_CAVEAT,COMPARABLE_WITH_CAVEAT,COMPARABLE_WITH_CAVEAT,COMPARABLE_WITH_CAVEAT,1.0,1.8.0,1.0,cohort_expansion_gp,1.0
B0384,B0384|S05|E01|T01|003,S05,E01,T01,3,250.0,RTOE,R,6,1.172,0.936,5.384,3.735,49.83,0.311,4.377,115.40396499633788,104.61359024047852,56.92237091064453,312.7,accepted,OK,DIRECTLY_COMPARABLE,DIRECTLY_COMPARABLE,REQUIRES_NORMALIZATION,REQUIRES_NORMALIZATION,REQUIRES_NORMALIZATION,COMPARABLE_WITH_CAVEAT,REQUIRES_NORMALIZATION,COMPARABLE_WITH_CAVEAT,COMPARABLE_WITH_CAVEAT,COMPARABLE_WITH_CAVEAT,COMPARABLE_WITH_CAVEAT,1.0,1.8.0,1.0,cohort_expansion_gp,1.0
B0385,B0385|S02|E01|T01|001,S02,E01,T01,1,250.0,RTOE,R,0,0.912,0.304,7.328,4.155,131.69,0.259,3.79,158.2928466796875,173.0131950378418,88.65860366821289,487.4,accepted,OK,DIRECTLY_COMPARABLE,DIRECTLY_COMPARABLE,REQUIRES_NORMALIZATION,REQUIRES_NORMALIZATION,REQUIRES_NORMALIZATION,COMPARABLE_WITH_CAVEAT,REQUIRES_NORMALIZATION,COMPARABLE_WITH_CAVEAT,COMPARABLE_WITH_CAVEAT,COMPARABLE_WITH_CAVEAT,COMPARABLE_WITH_CAVEAT,1.0,1.8.0,1.0,cohort_expansion_gp,1.0
B0385,B0385|S02|E01|T01|002,S02,E01,T01,2,250.0,RTOE,R,1,0.984,0.36,6.795,4.108,118.19,0.097,4.043,146.7820816040039,167.50483512878418,85.17207717895508,487.4,accepted,OK,DIRECTLY_COMPARABLE,DIRECTLY_COMPARABLE,REQUIRES_NORMALIZATION,REQUIRES_NORMALIZATION,REQUIRES_NORMALIZATION,COMPARABLE_WITH_CAVEAT,REQUIRES_NORMALIZATION,COMPARABLE_WITH_CAVEAT,COMPARABLE_WITH_CAVEAT,COMPARABLE_WITH_CAVEAT,COMPARABLE_WITH_CAVEAT,1.0,1.8.0,1.0,cohort_expansion_gp,1.0
B0385,B0385|S02|E01|T01|003,S02,E01,T01,3,250.0,RTOE,R,3,1.012,0.344,7.988,4.044,118.75,0.047,4.094,145.9742202758789,174.48906707763672,100.99313545227052,487.4,accepted,OK,DIRECTLY_COMPARABLE,DIRECTLY_COMPARABLE,REQUIRES_NORMALIZATION,REQUIRES_NORMALIZATION,REQUIRES_NORMALIZATION,COMPARABLE_WITH_CAVEAT,REQUIRES_NORMALIZATION,COMPARABLE_WITH_CAVEAT,COMPARABLE_WITH_CAVEAT,COMPARABLE_WITH_CAVEAT,COMPARABLE_WITH_CAVEAT,1.0,1.8.0,1.0,cohort_expansion_gp,1.0
B0385,B0385|S03|E01|T01|001,S03,E01,T01,1,250.0,RTOE,R,1,1.14,0.416,6.779,3.475,97.44,0.134,3.961,127.92085647583008,184.623291015625,116.43865585327148,185.3,accepted,OK,DIRECTLY_COMPARABLE,DIRECTLY_COMPARABLE,REQUIRES_NORMALIZATION,REQUIRES_NORMALIZATION,REQUIRES_NORMALIZATION,COMPARABLE_WITH_CAVEAT,REQUIRES_NORMALIZATION,COMPARABLE_WITH_CAVEAT,COMPARABLE_WITH_CAVEAT,COMPARABLE_WITH_CAVEAT,COMPARABLE_WITH_CAVEAT,1.0,1.8.0,1.0,cohort_expansion_gp,1.0
B0385,B0385|S03|E01|T01|002,S03,E01,T01,2,250.0,RTOE,R,2,1.132,0.492,7.906,3.463,137.46,0.149,3.92,125.12094116210938,173.55541801452637,104.256929397583,185.3,accepted,OK,DIRECTLY_COMPARABLE,DIRECTLY_COMPARABLE,REQUIRES_NORMALIZATION,REQUIRES_NORMALIZATION,REQUIRES_NORMALIZATION,COMPARABLE_WITH_CAVEAT,REQUIRES_NORMALIZATION,COMPARABLE_WITH_CAVEAT,COMPARABLE_WITH_CAVEAT,COMPARABLE_WITH_CAVEAT,COMPARABLE_WITH_CAVEAT,1.0,1.8.0,1.0,cohort_expansion_gp,1.0
B0385,B0385|S03|E01|T01|003,S03,E01,T01,3,250.0,RTOE,R,4,1.088,0.472,7.431,3.61,116.8,0.373,3.928,125.92194747924805,169.13791847229004,112.61513900756836,185.3,accepted,OK,DIRECTLY_COMPARABLE,DIRECTLY_COMPARABLE,REQUIRES_NORMALIZATION,REQUIRES_NORMALIZATION,REQUIRES_NORMALIZATION,COMPARABLE_WITH_CAVEAT,REQUIRES_NORMALIZATION,COMPARABLE_WITH_CAVEAT,COMPARABLE_WITH_CAVEAT,COMPARABLE_WITH_CAVEAT,COMPARABLE_WITH_CAVEAT,1.0,1.8.0,1.0,cohort_expansion_gp,1.0
B0385,B0385|S04|E01|T01|001,S04,E01,T01,1,250.0,RTOE,R,0,1.084,0.3,9.169,3.871,125.05,0.189,4.195,162.0276222229004,162.08138465881348,99.55862045288086,334.5,accepted,OK,DIRECTLY_COMPARABLE,DIRECTLY_COMPARABLE,REQUIRES_NORMALIZATION,REQUIRES_NORMALIZATION,REQUIRES_NORMALIZATION,COMPARABLE_WITH_CAVEAT,REQUIRES_NORMALIZATION,COMPARABLE_WITH_CAVEAT,COMPARABLE_WITH_CAVEAT,COMPARABLE_WITH_CAVEAT,COMPARABLE_WITH_CAVEAT,1.0,1.8.0,1.0,cohort_expansion_gp,1.0
B0385,B0385|S04|E01|T01|002,S04,E01,T01,2,250.0,RTOE,R,2,0.736,0.312,10.203,4.671,144.49,0.886,3.437,169.02376556396484,163.48229026794434,103.68074226379396,334.5,accepted,OK,DIRECTLY_COMPARABLE,DIRECTLY_COMPARABLE,REQUIRES_NORMALIZATION,REQUIRES_NORMALIZATION,REQUIRES_NORMALIZATION,COMPARABLE_WITH_CAVEAT,REQUIRES_NORMALIZATION,COMPARABLE_WITH_CAVEAT,COMPARABLE_WITH_CAVEAT,COMPARABLE_WITH_CAVEAT,COMPARABLE_WITH_CAVEAT,1.0,1.8.0,1.0,cohort_expansion_gp,1.0
B0385,B0385|S04|E01|T01|003,S04,E01,T01,3,250.0,RTOE,R,5,1.064,0.32,10.146,4.127,152.78,0.062,4.391,164.6956672668457,159.35455894470215,102.56632804870604,334.5,accepted,OK,DIRECTLY_COMPARABLE,DIRECTLY_COMPARABLE,REQUIRES_NORMALIZATION,REQUIRES_NORMALIZATION,REQUIRES_NORMALIZATION,COMPARABLE_WITH_CAVEAT,REQUIRES_NORMALIZATION,COMPARABLE_WITH_CAVEAT,COMPARABLE_WITH_CAVEAT,COMPARABLE_WITH_CAVEAT,COMPARABLE_WITH_CAVEAT,1.0,1.8.0,1.0,cohort_expansion_gp,1.0
B0385,B0385|S05|E01|T01|001,S05,E01,T01,1,250.0,RTOE,R,0,1.032,0.844,6.321,3.423,84.78,1.07,3.534,143.8527069091797,166.2790641784668,106.26443099975586,705.0,accepted,OK,DIRECTLY_COMPARABLE,DIRECTLY_COMPARABLE,REQUIRES_NORMALIZATION,REQUIRES_NORMALIZATION,REQUIRES_NORMALIZATION,COMPARABLE_WITH_CAVEAT,REQUIRES_NORMALIZATION,COMPARABLE_WITH_CAVEAT,COMPARABLE_WITH_CAVEAT,COMPARABLE_WITH_CAVEAT,COMPARABLE_WITH_CAVEAT,1.0,1.8.0,1.0,cohort_expansion_gp,1.0
B0385,B0385|S05|E01|T01|002,S05,E01,T01,2,250.0,RTOE,R,2,1.028,0.852,6.34,3.763,45.49,0.427,3.869,150.77268981933594,153.17225646972656,93.52833557128906,705.0,accepted,OK,DIRECTLY_COMPARABLE,DIRECTLY_COMPARABLE,REQUIRES_NORMALIZATION,REQUIRES_NORMALIZATION,REQUIRES_NORMALIZATION,COMPARABLE_WITH_CAVEAT,REQUIRES_NORMALIZATION,COMPARABLE_WITH_CAVEAT,COMPARABLE_WITH_CAVEAT,COMPARABLE_WITH_CAVEAT,COMPARABLE_WITH_CAVEAT,1.0,1.8.0,1.0,cohort_expansion_gp,1.0
B0385,B0385|S05|E01|T01|003,S05,E01,T01,3,250.0,RTOE,R,4,1.228,0.876,5.473,3.314,45.34,0.106,4.069,157.34829330444336,166.00669479370117,130.47270584106445,705.0,accepted,OK,DIRECTLY_COMPARABLE,DIRECTLY_COMPARABLE,REQUIRES_NORMALIZATION,REQUIRES_NORMALIZATION,REQUIRES_NORMALIZATION,COMPARABLE_WITH_CAVEAT,REQUIRES_NORMALIZATION,COMPARABLE_WITH_CAVEAT,COMPARABLE_WITH_CAVEAT,COMPARABLE_WITH_CAVEAT,COMPARABLE_WITH_CAVEAT,1.0,1.8.0,1.0,cohort_expansion_gp,1.0
B0386,B0386|S02|E01|T01|001,S02,E01,T01,1,250.0,LTOE,L,0,0.96,0.296,7.468,3.765,146.3,0.036,3.614,147.45221710205078,177.49728393554688,86.50408935546875,421.4,accepted,OK,DIRECTLY_COMPARABLE,DIRECTLY_COMPARABLE,REQUIRES_NORMALIZATION,REQUIRES_NORMALIZATION,REQUIRES_NORMALIZATION,COMPARABLE_WITH_CAVEAT,REQUIRES_NORMALIZATION,COMPARABLE_WITH_CAVEAT,COMPARABLE_WITH_CAVEAT,COMPARABLE_WITH_CAVEAT,COMPARABLE_WITH_CAVEAT,1.0,1.8.0,1.0,cohort_expansion_gp,1.0
B0386,B0386|S02|E01|T01|002,S02,E01,T01,2,250.0,LTOE,L,1,0.896,0.304,7.851,4.13,153.38,0.17,3.701,131.96210479736328,167.09200286865234,71.85430145263672,421.4,accepted,OK,DIRECTLY_COMPARABLE,DIRECTLY_COMPARABLE,REQUIRES_NORMALIZATION,REQUIRES_NORMALIZATION,REQUIRES_NORMALIZATION,COMPARABLE_WITH_CAVEAT,REQUIRES_NORMALIZATION,COMPARABLE_WITH_CAVEAT,COMPARABLE_WITH_CAVEAT,COMPARABLE_WITH_CAVEAT,COMPARABLE_WITH_CAVEAT,1.0,1.8.0,1.0,cohort_expansion_gp,1.0
B0386,B0386|S02|E01|T01|003,S02,E01,T01,3,250.0,LTOE,L,2,0.88,0.292,7.309,4.444,148.06,0.04,3.912,150.5783920288086,165.5996131896973,84.93135070800781,421.4,accepted,OK,DIRECTLY_COMPARABLE,DIRECTLY_COMPARABLE,REQUIRES_NORMALIZATION,REQUIRES_NORMALIZATION,REQUIRES_NORMALIZATION,COMPARABLE_WITH_CAVEAT,REQUIRES_NORMALIZATION,COMPARABLE_WITH_CAVEAT,COMPARABLE_WITH_CAVEAT,COMPARABLE_WITH_CAVEAT,COMPARABLE_WITH_CAVEAT,1.0,1.8.0,1.0,cohort_expansion_gp,1.0
B0386,B0386|S03|E01|T01|001,S03,E01,T01,1,250.0,RTOE,R,0,0.844,0.256,8.336,3.634,163.54,0.147,3.066,82.06497192382812,126.23882675170898,86.27597236633301,2523.0,accepted,OK,DIRECTLY_COMPARABLE,DIRECTLY_COMPARABLE,REQUIRES_NORMALIZATION,REQUIRES_NORMALIZATION,REQUIRES_NORMALIZATION,COMPARABLE_WITH_CAVEAT,REQUIRES_NORMALIZATION,COMPARABLE_WITH_CAVEAT,COMPARABLE_WITH_CAVEAT,COMPARABLE_WITH_CAVEAT,COMPARABLE_WITH_CAVEAT,1.0,1.8.0,1.0,cohort_expansion_gp,1.0
B0386,B0386|S03|E01|T01|002,S03,E01,T01,2,250.0,RTOE,R,1,0.988,0.3,8.431,3.553,153.07,0.192,3.509,79.51448440551758,140.48288536071777,100.99199295043944,2523.0,accepted,OK,DIRECTLY_COMPARABLE,DIRECTLY_COMPARABLE,REQUIRES_NORMALIZATION,REQUIRES_NORMALIZATION,REQUIRES_NORMALIZATION,COMPARABLE_WITH_CAVEAT,REQUIRES_NORMALIZATION,COMPARABLE_WITH_CAVEAT,COMPARABLE_WITH_CAVEAT,COMPARABLE_WITH_CAVEAT,COMPARABLE_WITH_CAVEAT,1.0,1.8.0,1.0,cohort_expansion_gp,1.0
B0386,B0386|S03|E01|T01|003,S03,E01,T01,3,250.0,RTOE,R,2,0.976,0.308,8.302,3.554,134.01,0.328,3.467,102.82948112487792,128.7233371734619,93.90140914916992,2523.0,accepted,OK,DIRECTLY_COMPARABLE,DIRECTLY_COMPARABLE,REQUIRES_NORMALIZATION,REQUIRES_NORMALIZATION,REQUIRES_NORMALIZATION,COMPARABLE_WITH_CAVEAT,REQUIRES_NORMALIZATION,COMPARABLE_WITH_CAVEAT,COMPARABLE_WITH_CAVEAT,COMPARABLE_WITH_CAVEAT,COMPARABLE_WITH_CAVEAT,1.0,1.8.0,1.0,cohort_expansion_gp,1.0
B0386,B0386|S04|E01|T01|001,S04,E01,T01,1,250.0,RTOE,R,1,1.184,0.34,8.134,3.849,160.74,0.258,4.556,149.70215606689453,136.20203590393066,64.90460968017578,166.7,accepted,OK,DIRECTLY_COMPARABLE,DIRECTLY_COMPARABLE,REQUIRES_NORMALIZATION,REQUIRES_NORMALIZATION,REQUIRES_NORMALIZATION,COMPARABLE_WITH_CAVEAT,REQUIRES_NORMALIZATION,COMPARABLE_WITH_CAVEAT,COMPARABLE_WITH_CAVEAT,COMPARABLE_WITH_CAVEAT,COMPARABLE_WITH_CAVEAT,1.0,1.8.0,1.0,cohort_expansion_gp,1.0
B0386,B0386|S04|E01|T01|002,S04,E01,T01,2,250.0,RTOE,R,3,1.028,0.344,9.288,4.117,172.66,0.483,4.23,134.20959091186523,141.74870109558103,90.73136520385742,166.7,accepted,OK,DIRECTLY_COMPARABLE,DIRECTLY_COMPARABLE,REQUIRES_NORMALIZATION,REQUIRES_NORMALIZATION,REQUIRES_NORMALIZATION,COMPARABLE_WITH_CAVEAT,REQUIRES_NORMALIZATION,COMPARABLE_WITH_CAVEAT,COMPARABLE_WITH_CAVEAT,COMPARABLE_WITH_CAVEAT,COMPARABLE_WITH_CAVEAT,1.0,1.8.0,1.0,cohort_expansion_gp,1.0
B0386,B0386|S04|E01|T01|003,S04,E01,T01,3,250.0,RTOE,R,4,0.996,0.292,9.491,4.05,173.66,0.324,4.032,144.75913619995117,149.81167221069336,86.23130416870117,166.7,accepted,OK,DIRECTLY_COMPARABLE,DIRECTLY_COMPARABLE,REQUIRES_NORMALIZATION,REQUIRES_NORMALIZATION,REQUIRES_NORMALIZATION,COMPARABLE_WITH_CAVEAT,REQUIRES_NORMALIZATION,COMPARABLE_WITH_CAVEAT,COMPARABLE_WITH_CAVEAT,COMPARABLE_WITH_CAVEAT,COMPARABLE_WITH_CAVEAT,1.0,1.8.0,1.0,cohort_expansion_gp,1.0
B0386,B0386|S05|E01|T01|001,S05,E01,T01,1,250.0,RTOE,R,1,0.948,0.68,7.363,4.764,89.1,0.767,4.519,148.8444938659668,144.23695373535156,79.63136672973633,1051.0,accepted,OK,DIRECTLY_COMPARABLE,DIRECTLY_COMPARABLE,REQUIRES_NORMALIZATION,REQUIRES_NORMALIZATION,REQUIRES_NORMALIZATION,COMPARABLE_WITH_CAVEAT,REQUIRES_NORMALIZATION,COMPARABLE_WITH_CAVEAT,COMPARABLE_WITH_CAVEAT,COMPARABLE_WITH_CAVEAT,COMPARABLE_WITH_CAVEAT,1.0,1.8.0,1.0,cohort_expansion_gp,1.0
B0386,B0386|S05|E01|T01|002,S05,E01,T01,2,250.0,RTOE,R,3,0.92,0.356,7.436,4.86,98.04,0.6,4.473,154.64392471313477,146.39273071289062,83.4394645690918,1051.0,accepted,OK,DIRECTLY_COMPARABLE,DIRECTLY_COMPARABLE,REQUIRES_NORMALIZATION,REQUIRES_NORMALIZATION,REQUIRES_NORMALIZATION,COMPARABLE_WITH_CAVEAT,REQUIRES_NORMALIZATION,COMPARABLE_WITH_CAVEAT,COMPARABLE_WITH_CAVEAT,COMPARABLE_WITH_CAVEAT,COMPARABLE_WITH_CAVEAT,1.0,1.8.0,1.0,cohort_expansion_gp,1.0
B0386,B0386|S05|E01|T01|003,S05,E01,T01,3,250.0,RTOE,R,5,1.084,0.504,8.61,4.416,184.85,0.248,4.789,164.76981735229492,153.16681289672852,76.46694946289062,1051.0,accepted,OK,DIRECTLY_COMPARABLE,DIRECTLY_COMPARABLE,REQUIRES_NORMALIZATION,REQUIRES_NORMALIZATION,REQUIRES_NORMALIZATION,COMPARABLE_WITH_CAVEAT,REQUIRES_NORMALIZATION,COMPARABLE_WITH_CAVEAT,COMPARABLE_WITH_CAVEAT,COMPARABLE_WITH_CAVEAT,COMPARABLE_WITH_CAVEAT,1.0,1.8.0,1.0,cohort_expansion_gp,1.0
B0387,B0387|S02|E01|T01|001,S02,E01,T01,1,250.0,RTOE,R,0,0.892,0.324,6.947,4.012,110.28,0.186,3.578,127.43457412719728,162.33082008361816,67.90406036376953,602.4,accepted,OK,DIRECTLY_COMPARABLE,DIRECTLY_COMPARABLE,REQUIRES_NORMALIZATION,REQUIRES_NORMALIZATION,REQUIRES_NORMALIZATION,COMPARABLE_WITH_CAVEAT,REQUIRES_NORMALIZATION,COMPARABLE_WITH_CAVEAT,COMPARABLE_WITH_CAVEAT,COMPARABLE_WITH_CAVEAT,COMPARABLE_WITH_CAVEAT,1.0,1.8.0,1.0,cohort_expansion_gp,1.0
B0387,B0387|S02|E01|T01|002,S02,E01,T01,2,250.0,RTOE,R,1,0.92,0.316,7.593,4.419,116.6,0.043,4.066,125.55243301391602,163.3154067993164,55.30406951904297,602.4,accepted,OK,DIRECTLY_COMPARABLE,DIRECTLY_COMPARABLE,REQUIRES_NORMALIZATION,REQUIRES_NORMALIZATION,REQUIRES_NORMALIZATION,COMPARABLE_WITH_CAVEAT,REQUIRES_NORMALIZATION,COMPARABLE_WITH_CAVEAT,COMPARABLE_WITH_CAVEAT,COMPARABLE_WITH_CAVEAT,COMPARABLE_WITH_CAVEAT,1.0,1.8.0,1.0,cohort_expansion_gp,1.0
B0387,B0387|S02|E01|T01|003,S02,E01,T01,3,250.0,RTOE,R,2,0.908,0.292,7.527,4.106,106.94,0.183,3.73,116.4614372253418,149.0236530303955,69.62982559204102,602.4,accepted,OK,DIRECTLY_COMPARABLE,DIRECTLY_COMPARABLE,REQUIRES_NORMALIZATION,REQUIRES_NORMALIZATION,REQUIRES_NORMALIZATION,COMPARABLE_WITH_CAVEAT,REQUIRES_NORMALIZATION,COMPARABLE_WITH_CAVEAT,COMPARABLE_WITH_CAVEAT,COMPARABLE_WITH_CAVEAT,COMPARABLE_WITH_CAVEAT,1.0,1.8.0,1.0,cohort_expansion_gp,1.0
B0387,B0387|S03|E01|T01|001,S03,E01,T01,1,250.0,RTOE,R,0,0.916,0.272,7.588,3.784,140.76,0.138,3.464,116.93577575683594,170.03418731689453,102.16754913330078,390.5,accepted,OK,DIRECTLY_COMPARABLE,DIRECTLY_COMPARABLE,REQUIRES_NORMALIZATION,REQUIRES_NORMALIZATION,REQUIRES_NORMALIZATION,COMPARABLE_WITH_CAVEAT,REQUIRES_NORMALIZATION,COMPARABLE_WITH_CAVEAT,COMPARABLE_WITH_CAVEAT,COMPARABLE_WITH_CAVEAT,COMPARABLE_WITH_CAVEAT,1.0,1.8.0,1.0,cohort_expansion_gp,1.0
B0387,B0387|S03|E01|T01|002,S03,E01,T01,2,250.0,RTOE,R,1,0.744,0.24,10.576,4.448,207.76,0.283,3.307,117.76054763793944,155.86677360534668,86.07023239135742,390.5,accepted,OK,DIRECTLY_COMPARABLE,DIRECTLY_COMPARABLE,REQUIRES_NORMALIZATION,REQUIRES_NORMALIZATION,REQUIRES_NORMALIZATION,COMPARABLE_WITH_CAVEAT,REQUIRES_NORMALIZATION,COMPARABLE_WITH_CAVEAT,COMPARABLE_WITH_CAVEAT,COMPARABLE_WITH_CAVEAT,COMPARABLE_WITH_CAVEAT,1.0,1.8.0,1.0,cohort_expansion_gp,1.0
B0387,B0387|S03|E01|T01|003,S03,E01,T01,3,250.0,RTOE,R,3,0.784,0.232,9.931,4.154,173.35,0.359,3.255,115.54904556274414,155.2794189453125,78.18459892272949,390.5,accepted,OK,DIRECTLY_COMPARABLE,DIRECTLY_COMPARABLE,REQUIRES_NORMALIZATION,REQUIRES_NORMALIZATION,REQUIRES_NORMALIZATION,COMPARABLE_WITH_CAVEAT,REQUIRES_NORMALIZATION,COMPARABLE_WITH_CAVEAT,COMPARABLE_WITH_CAVEAT,COMPARABLE_WITH_CAVEAT,COMPARABLE_WITH_CAVEAT,1.0,1.8.0,1.0,cohort_expansion_gp,1.0
B0387,B0387|S04|E01|T01|001,S04,E01,T01,1,250.0,RTOE,R,0,0.992,0.32,9.697,4.606,174.68,0.182,4.568,164.44861221313477,152.3475685119629,69.72185707092285,1877.6,accepted,OK,DIRECTLY_COMPARABLE,DIRECTLY_COMPARABLE,REQUIRES_NORMALIZATION,REQUIRES_NORMALIZATION,REQUIRES_NORMALIZATION,COMPARABLE_WITH_CAVEAT,REQUIRES_NORMALIZATION,COMPARABLE_WITH_CAVEAT,COMPARABLE_WITH_CAVEAT,COMPARABLE_WITH_CAVEAT,COMPARABLE_WITH_CAVEAT,1.0,1.8.0,1.0,cohort_expansion_gp,1.0
B0387,B0387|S04|E01|T01|002,S04,E01,T01,2,250.0,RTOE,R,2,1.024,0.324,9.876,4.262,152.74,0.026,4.363,172.6402473449707,149.44722938537598,80.5503158569336,1877.6,accepted,OK,DIRECTLY_COMPARABLE,DIRECTLY_COMPARABLE,REQUIRES_NORMALIZATION,REQUIRES_NORMALIZATION,REQUIRES_NORMALIZATION,COMPARABLE_WITH_CAVEAT,REQUIRES_NORMALIZATION,COMPARABLE_WITH_CAVEAT,COMPARABLE_WITH_CAVEAT,COMPARABLE_WITH_CAVEAT,COMPARABLE_WITH_CAVEAT,1.0,1.8.0,1.0,cohort_expansion_gp,1.0
B0387,B0387|S04|E01|T01|003,S04,E01,T01,3,250.0,RTOE,R,4,1.004,0.316,8.029,4.341,142.97,0.152,4.358,162.31409454345703,147.14019775390625,55.40336322784424,1877.6,accepted,OK,DIRECTLY_COMPARABLE,DIRECTLY_COMPARABLE,REQUIRES_NORMALIZATION,REQUIRES_NORMALIZATION,REQUIRES_NORMALIZATION,COMPARABLE_WITH_CAVEAT,REQUIRES_NORMALIZATION,COMPARABLE_WITH_CAVEAT,COMPARABLE_WITH_CAVEAT,COMPARABLE_WITH_CAVEAT,COMPARABLE_WITH_CAVEAT,1.0,1.8.0,1.0,cohort_expansion_gp,1.0
B0387,B0387|S05|E01|T01|001,S05,E01,T01,1,250.0,RTOE,R,0,0.94,0.696,7.284,5.048,46.66,0.472,4.745,121.72140693664552,98.04119110107422,60.162086486816406,361.9,accepted,OK,DIRECTLY_COMPARABLE,DIRECTLY_COMPARABLE,REQUIRES_NORMALIZATION,REQUIRES_NORMALIZATION,REQUIRES_NORMALIZATION,COMPARABLE_WITH_CAVEAT,REQUIRES_NORMALIZATION,COMPARABLE_WITH_CAVEAT,COMPARABLE_WITH_CAVEAT,COMPARABLE_WITH_CAVEAT,COMPARABLE_WITH_CAVEAT,1.0,1.8.0,1.0,cohort_expansion_gp,1.0
B0387,B0387|S05|E01|T01|002,S05,E01,T01,2,250.0,RTOE,R,1,0.992,0.704,6.383,4.308,41.08,0.466,4.272,115.12272262573242,86.58279228210449,82.34094047546387,361.9,accepted,OK,DIRECTLY_COMPARABLE,DIRECTLY_COMPARABLE,REQUIRES_NORMALIZATION,REQUIRES_NORMALIZATION,REQUIRES_NORMALIZATION,COMPARABLE_WITH_CAVEAT,REQUIRES_NORMALIZATION,COMPARABLE_WITH_CAVEAT,COMPARABLE_WITH_CAVEAT,COMPARABLE_WITH_CAVEAT,COMPARABLE_WITH_CAVEAT,1.0,1.8.0,1.0,cohort_expansion_gp,1.0
B0387,B0387|S05|E01|T01|003,S05,E01,T01,3,250.0,RTOE,R,2,0.992,0.272,6.196,3.995,24.11,0.643,3.961,130.5676498413086,46.9887752532959,87.55145645141602,361.9,accepted,OK,DIRECTLY_COMPARABLE,DIRECTLY_COMPARABLE,REQUIRES_NORMALIZATION,REQUIRES_NORMALIZATION,REQUIRES_NORMALIZATION,COMPARABLE_WITH_CAVEAT,REQUIRES_NORMALIZATION,COMPARABLE_WITH_CAVEAT,COMPARABLE_WITH_CAVEAT,COMPARABLE_WITH_CAVEAT,COMPARABLE_WITH_CAVEAT,1.0,1.8.0,1.0,cohort_expansion_gp,1.0
B0388,B0388|S02|E01|T01|001,S02,E01,T01,1,250.0,RTOE,R,1,0.916,0.332,7.853,4.713,116.12,0.136,4.318,152.55613708496094,155.32637786865234,63.51677513122559,294.9,accepted,OK,DIRECTLY_COMPARABLE,DIRECTLY_COMPARABLE,REQUIRES_NORMALIZATION,REQUIRES_NORMALIZATION,REQUIRES_NORMALIZATION,COMPARABLE_WITH_CAVEAT,REQUIRES_NORMALIZATION,COMPARABLE_WITH_CAVEAT,COMPARABLE_WITH_CAVEAT,COMPARABLE_WITH_CAVEAT,COMPARABLE_WITH_CAVEAT,1.0,1.8.0,1.0,cohort_expansion_gp,1.0
B0388,B0388|S02|E01|T01|002,S02,E01,T01,2,250.0,RTOE,R,2,0.96,0.336,7.888,4.582,124.42,0.142,4.399,159.1395378112793,149.59237003326416,64.0667495727539,294.9,accepted,OK,DIRECTLY_COMPARABLE,DIRECTLY_COMPARABLE,REQUIRES_NORMALIZATION,REQUIRES_NORMALIZATION,REQUIRES_NORMALIZATION,COMPARABLE_WITH_CAVEAT,REQUIRES_NORMALIZATION,COMPARABLE_WITH_CAVEAT,COMPARABLE_WITH_CAVEAT,COMPARABLE_WITH_CAVEAT,COMPARABLE_WITH_CAVEAT,1.0,1.8.0,1.0,cohort_expansion_gp,1.0
B0388,B0388|S02|E01|T01|003,S02,E01,T01,3,250.0,RTOE,R,3,0.888,0.352,7.945,4.81,120.99,0.422,4.271,149.24407577514648,143.1140537261963,58.64719200134277,294.9,accepted,OK,DIRECTLY_COMPARABLE,DIRECTLY_COMPARABLE,REQUIRES_NORMALIZATION,REQUIRES_NORMALIZATION,REQUIRES_NORMALIZATION,COMPARABLE_WITH_CAVEAT,REQUIRES_NORMALIZATION,COMPARABLE_WITH_CAVEAT,COMPARABLE_WITH_CAVEAT,COMPARABLE_WITH_CAVEAT,COMPARABLE_WITH_CAVEAT,1.0,1.8.0,1.0,cohort_expansion_gp,1.0
B0388,B0388|S03|E01|T01|001,S03,E01,T01,1,250.0,LTOE,L,0,0.376,0.088,0.823,0.406,9.57,0.119,0.153,42.61518096923828,43.11640167236328,84.1480598449707,14.6,accepted,OK,DIRECTLY_COMPARABLE,DIRECTLY_COMPARABLE,REQUIRES_NORMALIZATION,REQUIRES_NORMALIZATION,REQUIRES_NORMALIZATION,COMPARABLE_WITH_CAVEAT,REQUIRES_NORMALIZATION,COMPARABLE_WITH_CAVEAT,COMPARABLE_WITH_CAVEAT,COMPARABLE_WITH_CAVEAT,COMPARABLE_WITH_CAVEAT,1.0,1.8.0,1.0,cohort_expansion_gp,1.0
B0388,B0388|S03|E01|T01|002,S03,E01,T01,2,250.0,LTOE,L,2,0.172,0.08,0.513,0.411,5.65,0.061,0.07,74.71662521362305,22.577194951474667,33.085933685302734,14.6,accepted,OK,DIRECTLY_COMPARABLE,DIRECTLY_COMPARABLE,REQUIRES_NORMALIZATION,REQUIRES_NORMALIZATION,REQUIRES_NORMALIZATION,COMPARABLE_WITH_CAVEAT,REQUIRES_NORMALIZATION,COMPARABLE_WITH_CAVEAT,COMPARABLE_WITH_CAVEAT,COMPARABLE_WITH_CAVEAT,COMPARABLE_WITH_CAVEAT,1.0,1.8.0,1.0,cohort_expansion_gp,1.0
B0388,B0388|S03|E01|T01|003,S03,E01,T01,3,250.0,LTOE,L,3,0.332,0.18,1.075,0.694,7.62,0.218,0.23,59.27154922485352,58.87600898742676,62.45074081420898,14.6,accepted,OK,DIRECTLY_COMPARABLE,DIRECTLY_COMPARABLE,REQUIRES_NORMALIZATION,REQUIRES_NORMALIZATION,REQUIRES_NORMALIZATION,COMPARABLE_WITH_CAVEAT,REQUIRES_NORMALIZATION,COMPARABLE_WITH_CAVEAT,COMPARABLE_WITH_CAVEAT,COMPARABLE_WITH_CAVEAT,COMPARABLE_WITH_CAVEAT,1.0,1.8.0,1.0,cohort_expansion_gp,1.0
B0388,B0388|S03|E01|T01|004,S03,E01,T01,4,250.0,LTOE,L,7,0.2,0.128,0.952,0.617,13.61,0.12,0.123,42.46649670600891,23.41246747970581,50.64352989196777,14.6,accepted,OK,DIRECTLY_COMPARABLE,DIRECTLY_COMPARABLE,REQUIRES_NORMALIZATION,REQUIRES_NORMALIZATION,REQUIRES_NORMALIZATION,COMPARABLE_WITH_CAVEAT,REQUIRES_NORMALIZATION,COMPARABLE_WITH_CAVEAT,COMPARABLE_WITH_CAVEAT,COMPARABLE_WITH_CAVEAT,COMPARABLE_WITH_CAVEAT,1.0,1.8.0,1.0,cohort_expansion_gp,1.0
B0388,B0388|S03|E01|T01|005,S03,E01,T01,5,250.0,LTOE,L,8,0.456,0.1,0.935,0.32,13.66,0.114,0.146,58.487003326416016,47.31586265563965,76.41403579711914,14.6,accepted,OK,DIRECTLY_COMPARABLE,DIRECTLY_COMPARABLE,REQUIRES_NORMALIZATION,REQUIRES_NORMALIZATION,REQUIRES_NORMALIZATION,COMPARABLE_WITH_CAVEAT,REQUIRES_NORMALIZATION,COMPARABLE_WITH_CAVEAT,COMPARABLE_WITH_CAVEAT,COMPARABLE_WITH_CAVEAT,COMPARABLE_WITH_CAVEAT,1.0,1.8.0,1.0,cohort_expansion_gp,1.0
B0388,B0388|S03|E01|T01|006,S03,E01,T01,6,250.0,LTOE,L,12,0.296,0.148,0.727,0.563,7.13,0.15,0.166,31.603538513183597,20.968887090682983,22.085591316223145,14.6,accepted,OK,DIRECTLY_COMPARABLE,DIRECTLY_COMPARABLE,REQUIRES_NORMALIZATION,REQUIRES_NORMALIZATION,REQUIRES_NORMALIZATION,COMPARABLE_WITH_CAVEAT,REQUIRES_NORMALIZATION,COMPARABLE_WITH_CAVEAT,COMPARABLE_WITH_CAVEAT,COMPARABLE_WITH_CAVEAT,COMPARABLE_WITH_CAVEAT,1.0,1.8.0,1.0,cohort_expansion_gp,1.0
B0388,B0388|S05|E01|T01|001,S05,E01,T01,1,250.0,RTOE,R,0,1.352,0.364,5.312,3.715,37.09,0.117,5.022,147.00033950805664,132.34021186828613,88.09555053710938,63.3,accepted,OK,DIRECTLY_COMPARABLE,DIRECTLY_COMPARABLE,REQUIRES_NORMALIZATION,REQUIRES_NORMALIZATION,REQUIRES_NORMALIZATION,COMPARABLE_WITH_CAVEAT,REQUIRES_NORMALIZATION,COMPARABLE_WITH_CAVEAT,COMPARABLE_WITH_CAVEAT,COMPARABLE_WITH_CAVEAT,COMPARABLE_WITH_CAVEAT,1.0,1.8.0,1.0,cohort_expansion_gp,1.0
B0388,B0388|S05|E01|T01|002,S05,E01,T01,2,250.0,RTOE,R,1,1.348,0.688,5.664,3.922,41.4,0.01,5.286,150.68884658813477,101.18489265441896,50.56840133666992,63.3,accepted,OK,DIRECTLY_COMPARABLE,DIRECTLY_COMPARABLE,REQUIRES_NORMALIZATION,REQUIRES_NORMALIZATION,REQUIRES_NORMALIZATION,COMPARABLE_WITH_CAVEAT,REQUIRES_NORMALIZATION,COMPARABLE_WITH_CAVEAT,COMPARABLE_WITH_CAVEAT,COMPARABLE_WITH_CAVEAT,COMPARABLE_WITH_CAVEAT,1.0,1.8.0,1.0,cohort_expansion_gp,1.0
B0388,B0388|S05|E01|T01|003,S05,E01,T01,3,250.0,RTOE,R,2,1.344,0.368,4.905,3.625,31.2,0.351,4.872,144.36530685424805,95.42255592346191,60.98134803771973,63.3,accepted,OK,DIRECTLY_COMPARABLE,DIRECTLY_COMPARABLE,REQUIRES_NORMALIZATION,REQUIRES_NORMALIZATION,REQUIRES_NORMALIZATION,COMPARABLE_WITH_CAVEAT,REQUIRES_NORMALIZATION,COMPARABLE_WITH_CAVEAT,COMPARABLE_WITH_CAVEAT,COMPARABLE_WITH_CAVEAT,COMPARABLE_WITH_CAVEAT,1.0,1.8.0,1.0,cohort_expansion_gp,1.0
B0389,B0389|S02|E01|T01|001,S02,E01,T01,1,250.0,RTOE,R,0,0.848,0.268,9.343,4.635,191.47,0.24,3.931,118.86760330200195,145.93109798431396,41.40916633605957,203.7,accepted,OK,DIRECTLY_COMPARABLE,DIRECTLY_COMPARABLE,REQUIRES_NORMALIZATION,REQUIRES_NORMALIZATION,REQUIRES_NORMALIZATION,COMPARABLE_WITH_CAVEAT,REQUIRES_NORMALIZATION,COMPARABLE_WITH_CAVEAT,COMPARABLE_WITH_CAVEAT,COMPARABLE_WITH_CAVEAT,COMPARABLE_WITH_CAVEAT,1.0,1.8.0,1.0,cohort_expansion_gp,1.0
B0389,B0389|S02|E01|T01|002,S02,E01,T01,2,250.0,RTOE,R,1,0.936,0.34,8.447,4.362,170.68,0.033,4.082,111.21250915527344,148.37926578521729,47.83422374725342,203.7,accepted,OK,DIRECTLY_COMPARABLE,DIRECTLY_COMPARABLE,REQUIRES_NORMALIZATION,REQUIRES_NORMALIZATION,REQUIRES_NORMALIZATION,COMPARABLE_WITH_CAVEAT,REQUIRES_NORMALIZATION,COMPARABLE_WITH_CAVEAT,COMPARABLE_WITH_CAVEAT,COMPARABLE_WITH_CAVEAT,COMPARABLE_WITH_CAVEAT,1.0,1.8.0,1.0,cohort_expansion_gp,1.0
B0389,B0389|S02|E01|T01|003,S02,E01,T01,3,250.0,RTOE,R,2,0.924,0.316,8.193,4.213,166.5,0.196,3.892,107.29453659057616,141.4667453765869,49.47031021118164,203.7,accepted,OK,DIRECTLY_COMPARABLE,DIRECTLY_COMPARABLE,REQUIRES_NORMALIZATION,REQUIRES_NORMALIZATION,REQUIRES_NORMALIZATION,COMPARABLE_WITH_CAVEAT,REQUIRES_NORMALIZATION,COMPARABLE_WITH_CAVEAT,COMPARABLE_WITH_CAVEAT,COMPARABLE_WITH_CAVEAT,COMPARABLE_WITH_CAVEAT,1.0,1.8.0,1.0,cohort_expansion_gp,1.0
B0389,B0389|S03|E01|T01|001,S03,E01,T01,1,250.0,RTOE,R,0,0.848,0.28,8.478,4.182,186.83,0.277,3.545,97.83806610107422,147.8393268585205,49.435513496398926,377.3,accepted,OK,DIRECTLY_COMPARABLE,DIRECTLY_COMPARABLE,REQUIRES_NORMALIZATION,REQUIRES_NORMALIZATION,REQUIRES_NORMALIZATION,COMPARABLE_WITH_CAVEAT,REQUIRES_NORMALIZATION,COMPARABLE_WITH_CAVEAT,COMPARABLE_WITH_CAVEAT,COMPARABLE_WITH_CAVEAT,COMPARABLE_WITH_CAVEAT,1.0,1.8.0,1.0,cohort_expansion_gp,1.0
B0389,B0389|S03|E01|T01|002,S03,E01,T01,2,250.0,RTOE,R,1,0.988,0.32,9.462,3.912,209.33,0.18,3.864,84.33730506896973,154.4308681488037,52.59323692321777,377.3,accepted,OK,DIRECTLY_COMPARABLE,DIRECTLY_COMPARABLE,REQUIRES_NORMALIZATION,REQUIRES_NORMALIZATION,REQUIRES_NORMALIZATION,COMPARABLE_WITH_CAVEAT,REQUIRES_NORMALIZATION,COMPARABLE_WITH_CAVEAT,COMPARABLE_WITH_CAVEAT,COMPARABLE_WITH_CAVEAT,COMPARABLE_WITH_CAVEAT,1.0,1.8.0,1.0,cohort_expansion_gp,1.0
B0389,B0389|S03|E01|T01|003,S03,E01,T01,3,250.0,RTOE,R,2,1.048,0.32,8.865,3.751,200.91,0.322,3.932,97.52073669433594,163.75921630859375,56.9454517364502,377.3,accepted,OK,DIRECTLY_COMPARABLE,DIRECTLY_COMPARABLE,REQUIRES_NORMALIZATION,REQUIRES_NORMALIZATION,REQUIRES_NORMALIZATION,COMPARABLE_WITH_CAVEAT,REQUIRES_NORMALIZATION,COMPARABLE_WITH_CAVEAT,COMPARABLE_WITH_CAVEAT,COMPARABLE_WITH_CAVEAT,COMPARABLE_WITH_CAVEAT,1.0,1.8.0,1.0,cohort_expansion_gp,1.0
B0389,B0389|S04|E01|T01|001,S04,E01,T01,1,250.0,RTOE,R,0,0.9,0.284,9.66,5.006,210.0,0.32,4.504,137.90401458740234,132.95205974578855,45.96829605102539,562.2,accepted,OK,DIRECTLY_COMPARABLE,DIRECTLY_COMPARABLE,REQUIRES_NORMALIZATION,REQUIRES_NORMALIZATION,REQUIRES_NORMALIZATION,COMPARABLE_WITH_CAVEAT,REQUIRES_NORMALIZATION,COMPARABLE_WITH_CAVEAT,COMPARABLE_WITH_CAVEAT,COMPARABLE_WITH_CAVEAT,COMPARABLE_WITH_CAVEAT,1.0,1.8.0,1.0,cohort_expansion_gp,1.0
B0389,B0389|S04|E01|T01|002,S04,E01,T01,2,250.0,RTOE,R,1,0.976,0.3,9.941,4.789,208.81,0.1,4.673,124.4902229309082,130.94623279571533,47.35727691650391,562.2,accepted,OK,DIRECTLY_COMPARABLE,DIRECTLY_COMPARABLE,REQUIRES_NORMALIZATION,REQUIRES_NORMALIZATION,REQUIRES_NORMALIZATION,COMPARABLE_WITH_CAVEAT,REQUIRES_NORMALIZATION,COMPARABLE_WITH_CAVEAT,COMPARABLE_WITH_CAVEAT,COMPARABLE_WITH_CAVEAT,COMPARABLE_WITH_CAVEAT,1.0,1.8.0,1.0,cohort_expansion_gp,1.0
B0389,B0389|S04|E01|T01|003,S04,E01,T01,3,250.0,RTOE,R,2,0.864,0.316,9.167,4.726,170.18,0.668,4.082,122.7752799987793,129.9259157180786,46.982056617736816,562.2,accepted,OK,DIRECTLY_COMPARABLE,DIRECTLY_COMPARABLE,REQUIRES_NORMALIZATION,REQUIRES_NORMALIZATION,REQUIRES_NORMALIZATION,COMPARABLE_WITH_CAVEAT,REQUIRES_NORMALIZATION,COMPARABLE_WITH_CAVEAT,COMPARABLE_WITH_CAVEAT,COMPARABLE_WITH_CAVEAT,COMPARABLE_WITH_CAVEAT,1.0,1.8.0,1.0,cohort_expansion_gp,1.0
B0389,B0389|S05|E01|T01|001,S05,E01,T01,1,250.0,LANK,L,0,0.432,0.148,2.602,1.349,29.39,0.372,0.583,46.34973430633545,80.05489253997803,59.45895290374756,71.9,accepted,OK,DIRECTLY_COMPARABLE,DIRECTLY_COMPARABLE,REQUIRES_NORMALIZATION,REQUIRES_NORMALIZATION,REQUIRES_NORMALIZATION,COMPARABLE_WITH_CAVEAT,REQUIRES_NORMALIZATION,COMPARABLE_WITH_CAVEAT,COMPARABLE_WITH_CAVEAT,COMPARABLE_WITH_CAVEAT,COMPARABLE_WITH_CAVEAT,1.0,1.8.0,1.0,cohort_expansion_gp,1.0
B0389,B0389|S05|E01|T01|002,S05,E01,T01,2,250.0,LANK,L,3,0.484,0.092,1.618,0.894,20.58,0.198,0.433,35.25177001953125,76.8739013671875,64.2182388305664,71.9,accepted,OK,DIRECTLY_COMPARABLE,DIRECTLY_COMPARABLE,REQUIRES_NORMALIZATION,REQUIRES_NORMALIZATION,REQUIRES_NORMALIZATION,COMPARABLE_WITH_CAVEAT,REQUIRES_NORMALIZATION,COMPARABLE_WITH_CAVEAT,COMPARABLE_WITH_CAVEAT,COMPARABLE_WITH_CAVEAT,COMPARABLE_WITH_CAVEAT,1.0,1.8.0,1.0,cohort_expansion_gp,1.0
B0389,B0389|S05|E01|T01|003,S05,E01,T01,3,250.0,LANK,L,5,0.696,0.12,3.114,1.802,34.47,0.781,1.254,104.13815689086914,72.3954963684082,67.63214492797852,71.9,accepted,OK,DIRECTLY_COMPARABLE,DIRECTLY_COMPARABLE,REQUIRES_NORMALIZATION,REQUIRES_NORMALIZATION,REQUIRES_NORMALIZATION,COMPARABLE_WITH_CAVEAT,REQUIRES_NORMALIZATION,COMPARABLE_WITH_CAVEAT,COMPARABLE_WITH_CAVEAT,COMPARABLE_WITH_CAVEAT,COMPARABLE_WITH_CAVEAT,1.0,1.8.0,1.0,cohort_expansion_gp,1.0
B0391,B0391|S02|E01|T01|001,S02,E01,T01,1,250.0,RTOE,R,0,1.116,0.376,7.425,4.274,133.58,0.132,4.77,130.79290771484375,120.82510471343994,55.61830711364746,1042.6,accepted,OK,DIRECTLY_COMPARABLE,DIRECTLY_COMPARABLE,REQUIRES_NORMALIZATION,REQUIRES_NORMALIZATION,REQUIRES_NORMALIZATION,COMPARABLE_WITH_CAVEAT,REQUIRES_NORMALIZATION,COMPARABLE_WITH_CAVEAT,COMPARABLE_WITH_CAVEAT,COMPARABLE_WITH_CAVEAT,COMPARABLE_WITH_CAVEAT,1.0,1.8.0,1.0,cohort_expansion_gp,1.0
B0391,B0391|S02|E01|T01|002,S02,E01,T01,2,250.0,RTOE,R,2,1.076,0.356,8.407,4.611,155.42,0.11,4.962,138.02413940429688,143.25390625,57.272268295288086,1042.6,accepted,OK,DIRECTLY_COMPARABLE,DIRECTLY_COMPARABLE,REQUIRES_NORMALIZATION,REQUIRES_NORMALIZATION,REQUIRES_NORMALIZATION,COMPARABLE_WITH_CAVEAT,REQUIRES_NORMALIZATION,COMPARABLE_WITH_CAVEAT,COMPARABLE_WITH_CAVEAT,COMPARABLE_WITH_CAVEAT,COMPARABLE_WITH_CAVEAT,1.0,1.8.0,1.0,cohort_expansion_gp,1.0
B0391,B0391|S02|E01|T01|003,S02,E01,T01,3,250.0,RTOE,R,3,1.144,0.36,8.04,4.34,134.38,0.213,4.965,134.33718872070312,139.06357288360596,53.4815845489502,1042.6,accepted,OK,DIRECTLY_COMPARABLE,DIRECTLY_COMPARABLE,REQUIRES_NORMALIZATION,REQUIRES_NORMALIZATION,REQUIRES_NORMALIZATION,COMPARABLE_WITH_CAVEAT,REQUIRES_NORMALIZATION,COMPARABLE_WITH_CAVEAT,COMPARABLE_WITH_CAVEAT,COMPARABLE_WITH_CAVEAT,COMPARABLE_WITH_CAVEAT,1.0,1.8.0,1.0,cohort_expansion_gp,1.0
B0391,B0391|S03|E01|T01|001,S03,E01,T01,1,250.0,RTOE,R,1,1.4,0.364,10.522,3.553,169.15,0.16,4.973,122.20720291137695,159.68313026428223,51.84725856781006,1033.0,accepted,OK,DIRECTLY_COMPARABLE,DIRECTLY_COMPARABLE,REQUIRES_NORMALIZATION,REQUIRES_NORMALIZATION,REQUIRES_NORMALIZATION,COMPARABLE_WITH_CAVEAT,REQUIRES_NORMALIZATION,COMPARABLE_WITH_CAVEAT,COMPARABLE_WITH_CAVEAT,COMPARABLE_WITH_CAVEAT,COMPARABLE_WITH_CAVEAT,1.0,1.8.0,1.0,cohort_expansion_gp,1.0
B0391,B0391|S03|E01|T01|002,S03,E01,T01,2,250.0,RTOE,R,3,0.808,0.348,9.387,4.319,153.75,1.196,3.487,112.73666000366212,158.41298389434814,47.67942237854004,1033.0,accepted,OK,DIRECTLY_COMPARABLE,DIRECTLY_COMPARABLE,REQUIRES_NORMALIZATION,REQUIRES_NORMALIZATION,REQUIRES_NORMALIZATION,COMPARABLE_WITH_CAVEAT,REQUIRES_NORMALIZATION,COMPARABLE_WITH_CAVEAT,COMPARABLE_WITH_CAVEAT,COMPARABLE_WITH_CAVEAT,COMPARABLE_WITH_CAVEAT,1.0,1.8.0,1.0,cohort_expansion_gp,1.0
B0391,B0391|S03|E01|T01|003,S03,E01,T01,3,250.0,RTOE,R,6,1.328,0.396,9.283,3.55,144.4,0.237,4.712,114.48500061035156,151.5889549255371,51.40295600891113,1033.0,accepted,OK,DIRECTLY_COMPARABLE,DIRECTLY_COMPARABLE,REQUIRES_NORMALIZATION,REQUIRES_NORMALIZATION,REQUIRES_NORMALIZATION,COMPARABLE_WITH_CAVEAT,REQUIRES_NORMALIZATION,COMPARABLE_WITH_CAVEAT,COMPARABLE_WITH_CAVEAT,COMPARABLE_WITH_CAVEAT,COMPARABLE_WITH_CAVEAT,1.0,1.8.0,1.0,cohort_expansion_gp,1.0
B0391,B0391|S04|E01|T01|001,S04,E01,T01,1,250.0,RTOE,R,1,1.516,0.408,8.663,3.73,125.94,0.097,5.656,137.73072052001953,139.40916538238525,52.21108055114746,4134.5,accepted,OK,DIRECTLY_COMPARABLE,DIRECTLY_COMPARABLE,REQUIRES_NORMALIZATION,REQUIRES_NORMALIZATION,REQUIRES_NORMALIZATION,COMPARABLE_WITH_CAVEAT,REQUIRES_NORMALIZATION,COMPARABLE_WITH_CAVEAT,COMPARABLE_WITH_CAVEAT,COMPARABLE_WITH_CAVEAT,COMPARABLE_WITH_CAVEAT,1.0,1.8.0,1.0,cohort_expansion_gp,1.0
B0391,B0391|S04|E01|T01|002,S04,E01,T01,2,250.0,RTOE,R,3,1.584,0.392,8.301,3.535,111.88,0.199,5.6,138.1487693786621,137.46597051620483,55.924622535705566,4134.5,accepted,OK,DIRECTLY_COMPARABLE,DIRECTLY_COMPARABLE,REQUIRES_NORMALIZATION,REQUIRES_NORMALIZATION,REQUIRES_NORMALIZATION,COMPARABLE_WITH_CAVEAT,REQUIRES_NORMALIZATION,COMPARABLE_WITH_CAVEAT,COMPARABLE_WITH_CAVEAT,COMPARABLE_WITH_CAVEAT,COMPARABLE_WITH_CAVEAT,1.0,1.8.0,1.0,cohort_expansion_gp,1.0
B0391,B0391|S04|E01|T01|003,S04,E01,T01,3,250.0,RTOE,R,4,1.68,0.42,7.768,3.344,98.86,0.293,5.617,136.29412078857422,136.14319229125977,52.790438652038574,4134.5,accepted,OK,DIRECTLY_COMPARABLE,DIRECTLY_COMPARABLE,REQUIRES_NORMALIZATION,REQUIRES_NORMALIZATION,REQUIRES_NORMALIZATION,COMPARABLE_WITH_CAVEAT,REQUIRES_NORMALIZATION,COMPARABLE_WITH_CAVEAT,COMPARABLE_WITH_CAVEAT,COMPARABLE_WITH_CAVEAT,COMPARABLE_WITH_CAVEAT,1.0,1.8.0,1.0,cohort_expansion_gp,1.0
B0391,B0391|S05|E01|T01|001,S05,E01,T01,1,250.0,RTOE,R,1,0.872,0.328,9.073,6.416,68.46,0.61,5.596,141.63588333129883,145.0197715759277,52.5983190536499,1498.9,accepted,OK,DIRECTLY_COMPARABLE,DIRECTLY_COMPARABLE,REQUIRES_NORMALIZATION,REQUIRES_NORMALIZATION,REQUIRES_NORMALIZATION,COMPARABLE_WITH_CAVEAT,REQUIRES_NORMALIZATION,COMPARABLE_WITH_CAVEAT,COMPARABLE_WITH_CAVEAT,COMPARABLE_WITH_CAVEAT,COMPARABLE_WITH_CAVEAT,1.0,1.8.0,1.0,cohort_expansion_gp,1.0
B0391,B0391|S05|E01|T01|002,S05,E01,T01,2,250.0,RTOE,R,4,1.024,0.308,9.573,5.823,70.62,0.297,5.963,135.906494140625,132.86429595947266,39.811964988708496,1498.9,accepted,OK,DIRECTLY_COMPARABLE,DIRECTLY_COMPARABLE,REQUIRES_NORMALIZATION,REQUIRES_NORMALIZATION,REQUIRES_NORMALIZATION,COMPARABLE_WITH_CAVEAT,REQUIRES_NORMALIZATION,COMPARABLE_WITH_CAVEAT,COMPARABLE_WITH_CAVEAT,COMPARABLE_WITH_CAVEAT,COMPARABLE_WITH_CAVEAT,1.0,1.8.0,1.0,cohort_expansion_gp,1.0
B0391,B0391|S05|E01|T01|003,S05,E01,T01,3,250.0,RTOE,R,5,0.18,0.12,5.965,4.033,103.44,0.581,0.728,73.37171602249146,63.82723009586334,50.87064075469971,1498.9,accepted,OK,DIRECTLY_COMPARABLE,DIRECTLY_COMPARABLE,REQUIRES_NORMALIZATION,REQUIRES_NORMALIZATION,REQUIRES_NORMALIZATION,COMPARABLE_WITH_CAVEAT,REQUIRES_NORMALIZATION,COMPARABLE_WITH_CAVEAT,COMPARABLE_WITH_CAVEAT,COMPARABLE_WITH_CAVEAT,COMPARABLE_WITH_CAVEAT,1.0,1.8.0,1.0,cohort_expansion_gp,1.0
B0391,B0391|S05|E01|T01|004,S05,E01,T01,4,250.0,RTOE,R,6,0.932,0.288,8.509,5.669,62.71,0.81,5.283,125.25354766845705,139.4332389831543,49.40770530700684,1498.9,accepted,OK,DIRECTLY_COMPARABLE,DIRECTLY_COMPARABLE,REQUIRES_NORMALIZATION,REQUIRES_NORMALIZATION,REQUIRES_NORMALIZATION,COMPARABLE_WITH_CAVEAT,REQUIRES_NORMALIZATION,COMPARABLE_WITH_CAVEAT,COMPARABLE_WITH_CAVEAT,COMPARABLE_WITH_CAVEAT,COMPARABLE_WITH_CAVEAT,1.0,1.8.0,1.0,cohort_expansion_gp,1.0
B0392,B0392|S02|E01|T01|001,S02,E01,T01,1,250.0,RTOE,R,0,1.044,0.3,9.941,5.425,186.91,0.189,5.663,118.23249816894533,141.3385820388794,29.583996772766117,315.9,accepted,OK,DIRECTLY_COMPARABLE,DIRECTLY_COMPARABLE,REQUIRES_NORMALIZATION,REQUIRES_NORMALIZATION,REQUIRES_NORMALIZATION,COMPARABLE_WITH_CAVEAT,REQUIRES_NORMALIZATION,COMPARABLE_WITH_CAVEAT,COMPARABLE_WITH_CAVEAT,COMPARABLE_WITH_CAVEAT,COMPARABLE_WITH_CAVEAT,1.0,1.8.0,1.0,cohort_expansion_gp,1.0
B0392,B0392|S02|E01|T01|002,S02,E01,T01,2,250.0,RTOE,R,1,1.032,0.328,9.224,4.863,169.96,0.139,5.017,120.64751434326172,161.811861038208,36.07665824890137,315.9,accepted,OK,DIRECTLY_COMPARABLE,DIRECTLY_COMPARABLE,REQUIRES_NORMALIZATION,REQUIRES_NORMALIZATION,REQUIRES_NORMALIZATION,COMPARABLE_WITH_CAVEAT,REQUIRES_NORMALIZATION,COMPARABLE_WITH_CAVEAT,COMPARABLE_WITH_CAVEAT,COMPARABLE_WITH_CAVEAT,COMPARABLE_WITH_CAVEAT,1.0,1.8.0,1.0,cohort_expansion_gp,1.0
B0392,B0392|S02|E01|T01|003,S02,E01,T01,3,250.0,RTOE,R,3,1.156,0.308,10.01,4.524,185.94,0.262,5.228,116.32774543762208,152.77661323547363,25.365508556365967,315.9,accepted,OK,DIRECTLY_COMPARABLE,DIRECTLY_COMPARABLE,REQUIRES_NORMALIZATION,REQUIRES_NORMALIZATION,REQUIRES_NORMALIZATION,COMPARABLE_WITH_CAVEAT,REQUIRES_NORMALIZATION,COMPARABLE_WITH_CAVEAT,COMPARABLE_WITH_CAVEAT,COMPARABLE_WITH_CAVEAT,COMPARABLE_WITH_CAVEAT,1.0,1.8.0,1.0,cohort_expansion_gp,1.0
B0392,B0392|S03|E01|T01|001,S03,E01,T01,1,250.0,RTOE,R,1,0.44,0.24,14.138,7.04,243.12,1.925,3.095,108.33882331848145,122.21123313903809,47.61800479888916,1749.8,accepted,OK,DIRECTLY_COMPARABLE,DIRECTLY_COMPARABLE,REQUIRES_NORMALIZATION,REQUIRES_NORMALIZATION,REQUIRES_NORMALIZATION,COMPARABLE_WITH_CAVEAT,REQUIRES_NORMALIZATION,COMPARABLE_WITH_CAVEAT,COMPARABLE_WITH_CAVEAT,COMPARABLE_WITH_CAVEAT,COMPARABLE_WITH_CAVEAT,1.0,1.8.0,1.0,cohort_expansion_gp,1.0
B0392,B0392|S03|E01|T01|002,S03,E01,T01,2,250.0,RTOE,R,4,1.032,0.256,13.524,4.827,252.54,0.249,4.978,114.71542739868164,135.01253986358645,48.03820657730103,1749.8,accepted,OK,DIRECTLY_COMPARABLE,DIRECTLY_COMPARABLE,REQUIRES_NORMALIZATION,REQUIRES_NORMALIZATION,REQUIRES_NORMALIZATION,COMPARABLE_WITH_CAVEAT,REQUIRES_NORMALIZATION,COMPARABLE_WITH_CAVEAT,COMPARABLE_WITH_CAVEAT,COMPARABLE_WITH_CAVEAT,COMPARABLE_WITH_CAVEAT,1.0,1.8.0,1.0,cohort_expansion_gp,1.0
B0392,B0392|S03|E01|T01|003,S03,E01,T01,3,250.0,RTOE,R,6,1.016,0.26,13.56,4.755,229.72,0.405,4.828,114.9924774169922,135.98444747924805,49.58045291900635,1749.8,accepted,OK,DIRECTLY_COMPARABLE,DIRECTLY_COMPARABLE,REQUIRES_NORMALIZATION,REQUIRES_NORMALIZATION,REQUIRES_NORMALIZATION,COMPARABLE_WITH_CAVEAT,REQUIRES_NORMALIZATION,COMPARABLE_WITH_CAVEAT,COMPARABLE_WITH_CAVEAT,COMPARABLE_WITH_CAVEAT,COMPARABLE_WITH_CAVEAT,1.0,1.8.0,1.0,cohort_expansion_gp,1.0
B0392,B0392|S04|E01|T01|001,S04,E01,T01,1,250.0,RTOE,R,0,1.152,0.348,10.159,4.985,193.64,0.268,5.74,122.46624755859376,129.25682640075684,49.283568382263184,1025.9,accepted,OK,DIRECTLY_COMPARABLE,DIRECTLY_COMPARABLE,REQUIRES_NORMALIZATION,REQUIRES_NORMALIZATION,REQUIRES_NORMALIZATION,COMPARABLE_WITH_CAVEAT,REQUIRES_NORMALIZATION,COMPARABLE_WITH_CAVEAT,COMPARABLE_WITH_CAVEAT,COMPARABLE_WITH_CAVEAT,COMPARABLE_WITH_CAVEAT,1.0,1.8.0,1.0,cohort_expansion_gp,1.0
B0392,B0392|S04|E01|T01|002,S04,E01,T01,2,250.0,RTOE,R,1,1.148,0.316,10.767,4.979,205.61,0.22,5.714,121.22347259521484,132.80016899108887,50.1956672668457,1025.9,accepted,OK,DIRECTLY_COMPARABLE,DIRECTLY_COMPARABLE,REQUIRES_NORMALIZATION,REQUIRES_NORMALIZATION,REQUIRES_NORMALIZATION,COMPARABLE_WITH_CAVEAT,REQUIRES_NORMALIZATION,COMPARABLE_WITH_CAVEAT,COMPARABLE_WITH_CAVEAT,COMPARABLE_WITH_CAVEAT,COMPARABLE_WITH_CAVEAT,1.0,1.8.0,1.0,cohort_expansion_gp,1.0
B0392,B0392|S04|E01|T01|003,S04,E01,T01,3,250.0,RTOE,R,2,1.064,0.34,10.963,4.908,207.22,0.535,5.219,136.44739151000977,128.83522987365723,48.01294422149658,1025.9,accepted,OK,DIRECTLY_COMPARABLE,DIRECTLY_COMPARABLE,REQUIRES_NORMALIZATION,REQUIRES_NORMALIZATION,REQUIRES_NORMALIZATION,COMPARABLE_WITH_CAVEAT,REQUIRES_NORMALIZATION,COMPARABLE_WITH_CAVEAT,COMPARABLE_WITH_CAVEAT,COMPARABLE_WITH_CAVEAT,COMPARABLE_WITH_CAVEAT,1.0,1.8.0,1.0,cohort_expansion_gp,1.0
B0392,B0392|S05|E01|T01|001,S05,E01,T01,1,250.0,RTOE,R,1,1.172,0.428,9.459,5.602,125.03,0.26,6.563,139.14812088012695,122.44808578491212,40.02878189086914,2760.6,accepted,OK,DIRECTLY_COMPARABLE,DIRECTLY_COMPARABLE,REQUIRES_NORMALIZATION,REQUIRES_NORMALIZATION,REQUIRES_NORMALIZATION,COMPARABLE_WITH_CAVEAT,REQUIRES_NORMALIZATION,COMPARABLE_WITH_CAVEAT,COMPARABLE_WITH_CAVEAT,COMPARABLE_WITH_CAVEAT,COMPARABLE_WITH_CAVEAT,1.0,1.8.0,1.0,cohort_expansion_gp,1.0
B0392,B0392|S05|E01|T01|002,S05,E01,T01,2,250.0,RTOE,R,2,1.02,0.408,10.479,6.118,161.25,0.47,6.24,150.9732666015625,136.09874153137207,44.68116188049317,2760.6,accepted,OK,DIRECTLY_COMPARABLE,DIRECTLY_COMPARABLE,REQUIRES_NORMALIZATION,REQUIRES_NORMALIZATION,REQUIRES_NORMALIZATION,COMPARABLE_WITH_CAVEAT,REQUIRES_NORMALIZATION,COMPARABLE_WITH_CAVEAT,COMPARABLE_WITH_CAVEAT,COMPARABLE_WITH_CAVEAT,COMPARABLE_WITH_CAVEAT,1.0,1.8.0,1.0,cohort_expansion_gp,1.0
B0392,B0392|S05|E01|T01|003,S05,E01,T01,3,250.0,RTOE,R,4,0.94,0.376,10.417,6.725,101.55,0.517,6.321,142.77960968017578,114.95936012268066,42.330074310302734,2760.6,accepted,OK,DIRECTLY_COMPARABLE,DIRECTLY_COMPARABLE,REQUIRES_NORMALIZATION,REQUIRES_NORMALIZATION,REQUIRES_NORMALIZATION,COMPARABLE_WITH_CAVEAT,REQUIRES_NORMALIZATION,COMPARABLE_WITH_CAVEAT,COMPARABLE_WITH_CAVEAT,COMPARABLE_WITH_CAVEAT,COMPARABLE_WITH_CAVEAT,1.0,1.8.0,1.0,cohort_expansion_gp,1.0
B0393,B0393|S02|E01|T01|001,S02,E01,T01,1,250.0,RTOE,R,0,0.812,0.248,8.611,4.283,144.85,0.132,3.476,125.2087745666504,159.2725429534912,61.823951721191406,262.5,accepted,OK,DIRECTLY_COMPARABLE,DIRECTLY_COMPARABLE,REQUIRES_NORMALIZATION,REQUIRES_NORMALIZATION,REQUIRES_NORMALIZATION,COMPARABLE_WITH_CAVEAT,REQUIRES_NORMALIZATION,COMPARABLE_WITH_CAVEAT,COMPARABLE_WITH_CAVEAT,COMPARABLE_WITH_CAVEAT,COMPARABLE_WITH_CAVEAT,1.0,1.8.0,1.0,cohort_expansion_gp,1.0
B0393,B0393|S02|E01|T01|002,S02,E01,T01,2,250.0,RTOE,R,2,0.828,0.264,7.891,4.3,123.48,0.121,3.559,122.84256744384766,161.96839714050293,56.23893356323242,262.5,accepted,OK,DIRECTLY_COMPARABLE,DIRECTLY_COMPARABLE,REQUIRES_NORMALIZATION,REQUIRES_NORMALIZATION,REQUIRES_NORMALIZATION,COMPARABLE_WITH_CAVEAT,REQUIRES_NORMALIZATION,COMPARABLE_WITH_CAVEAT,COMPARABLE_WITH_CAVEAT,COMPARABLE_WITH_CAVEAT,COMPARABLE_WITH_CAVEAT,1.0,1.8.0,1.0,cohort_expansion_gp,1.0
B0393,B0393|S02|E01|T01|003,S02,E01,T01,3,250.0,RTOE,R,4,0.804,0.28,7.972,4.496,140.09,0.089,3.614,117.86011505126952,148.8116855621338,52.251980781555176,262.5,accepted,OK,DIRECTLY_COMPARABLE,DIRECTLY_COMPARABLE,REQUIRES_NORMALIZATION,REQUIRES_NORMALIZATION,REQUIRES_NORMALIZATION,COMPARABLE_WITH_CAVEAT,REQUIRES_NORMALIZATION,COMPARABLE_WITH_CAVEAT,COMPARABLE_WITH_CAVEAT,COMPARABLE_WITH_CAVEAT,COMPARABLE_WITH_CAVEAT,1.0,1.8.0,1.0,cohort_expansion_gp,1.0
B0393,B0393|S02|E01|T01|004,S02,E01,T01,4,250.0,RTOE,R,5,0.82,0.284,8.452,4.487,145.68,0.157,3.678,118.78064727783205,158.51820945739746,56.26998901367188,262.5,accepted,OK,DIRECTLY_COMPARABLE,DIRECTLY_COMPARABLE,REQUIRES_NORMALIZATION,REQUIRES_NORMALIZATION,REQUIRES_NORMALIZATION,COMPARABLE_WITH_CAVEAT,REQUIRES_NORMALIZATION,COMPARABLE_WITH_CAVEAT,COMPARABLE_WITH_CAVEAT,COMPARABLE_WITH_CAVEAT,COMPARABLE_WITH_CAVEAT,1.0,1.8.0,1.0,cohort_expansion_gp,1.0
B0393,B0393|S03|E01|T01|001,S03,E01,T01,1,250.0,RTOE,R,0,0.868,0.268,8.987,4.244,158.84,0.166,3.683,102.83060455322266,156.74527263641355,68.25324249267578,223.2,accepted,OK,DIRECTLY_COMPARABLE,DIRECTLY_COMPARABLE,REQUIRES_NORMALIZATION,REQUIRES_NORMALIZATION,REQUIRES_NORMALIZATION,COMPARABLE_WITH_CAVEAT,REQUIRES_NORMALIZATION,COMPARABLE_WITH_CAVEAT,COMPARABLE_WITH_CAVEAT,COMPARABLE_WITH_CAVEAT,COMPARABLE_WITH_CAVEAT,1.0,1.8.0,1.0,cohort_expansion_gp,1.0
B0393,B0393|S03|E01|T01|002,S03,E01,T01,2,250.0,RTOE,R,2,0.98,0.3,8.439,3.703,149.04,0.047,3.627,114.82366943359376,166.5232219696045,65.98430633544922,223.2,accepted,OK,DIRECTLY_COMPARABLE,DIRECTLY_COMPARABLE,REQUIRES_NORMALIZATION,REQUIRES_NORMALIZATION,REQUIRES_NORMALIZATION,COMPARABLE_WITH_CAVEAT,REQUIRES_NORMALIZATION,COMPARABLE_WITH_CAVEAT,COMPARABLE_WITH_CAVEAT,COMPARABLE_WITH_CAVEAT,COMPARABLE_WITH_CAVEAT,1.0,1.8.0,1.0,cohort_expansion_gp,1.0
B0393,B0393|S03|E01|T01|003,S03,E01,T01,3,250.0,RTOE,R,3,0.892,0.284,7.694,3.963,138.18,0.349,3.533,110.6801872253418,167.3027629852295,65.09802436828613,223.2,accepted,OK,DIRECTLY_COMPARABLE,DIRECTLY_COMPARABLE,REQUIRES_NORMALIZATION,REQUIRES_NORMALIZATION,REQUIRES_NORMALIZATION,COMPARABLE_WITH_CAVEAT,REQUIRES_NORMALIZATION,COMPARABLE_WITH_CAVEAT,COMPARABLE_WITH_CAVEAT,COMPARABLE_WITH_CAVEAT,COMPARABLE_WITH_CAVEAT,1.0,1.8.0,1.0,cohort_expansion_gp,1.0
B0393,B0393|S04|E01|T01|001,S04,E01,T01,1,250.0,RTOE,R,0,0.888,0.28,7.826,4.38,142.24,0.078,3.888,143.27862167358398,143.32661294937134,63.82985305786133,227.1,accepted,OK,DIRECTLY_COMPARABLE,DIRECTLY_COMPARABLE,REQUIRES_NORMALIZATION,REQUIRES_NORMALIZATION,REQUIRES_NORMALIZATION,COMPARABLE_WITH_CAVEAT,REQUIRES_NORMALIZATION,COMPARABLE_WITH_CAVEAT,COMPARABLE_WITH_CAVEAT,COMPARABLE_WITH_CAVEAT,COMPARABLE_WITH_CAVEAT,1.0,1.8.0,1.0,cohort_expansion_gp,1.0
B0393,B0393|S04|E01|T01|002,S04,E01,T01,2,250.0,RTOE,R,2,0.904,0.288,8.153,4.332,140.4,0.222,3.916,149.52678298950195,146.09087467193604,63.589622497558594,227.1,accepted,OK,DIRECTLY_COMPARABLE,DIRECTLY_COMPARABLE,REQUIRES_NORMALIZATION,REQUIRES_NORMALIZATION,REQUIRES_NORMALIZATION,COMPARABLE_WITH_CAVEAT,REQUIRES_NORMALIZATION,COMPARABLE_WITH_CAVEAT,COMPARABLE_WITH_CAVEAT,COMPARABLE_WITH_CAVEAT,COMPARABLE_WITH_CAVEAT,1.0,1.8.0,1.0,cohort_expansion_gp,1.0
B0393,B0393|S04|E01|T01|003,S04,E01,T01,3,250.0,RTOE,R,3,0.908,0.324,8.1,4.285,139.87,0.209,3.889,155.7532501220703,145.48861408233645,62.869258880615234,227.1,accepted,OK,DIRECTLY_COMPARABLE,DIRECTLY_COMPARABLE,REQUIRES_NORMALIZATION,REQUIRES_NORMALIZATION,REQUIRES_NORMALIZATION,COMPARABLE_WITH_CAVEAT,REQUIRES_NORMALIZATION,COMPARABLE_WITH_CAVEAT,COMPARABLE_WITH_CAVEAT,COMPARABLE_WITH_CAVEAT,COMPARABLE_WITH_CAVEAT,1.0,1.8.0,1.0,cohort_expansion_gp,1.0
B0393,B0393|S05|E01|T01|001,S05,E01,T01,1,250.0,RTOE,R,1,1.004,0.248,6.195,4.51,50.33,0.339,4.529,122.8615264892578,92.6429796218872,43.93017768859863,2547.7,accepted,OK,DIRECTLY_COMPARABLE,DIRECTLY_COMPARABLE,REQUIRES_NORMALIZATION,REQUIRES_NORMALIZATION,REQUIRES_NORMALIZATION,COMPARABLE_WITH_CAVEAT,REQUIRES_NORMALIZATION,COMPARABLE_WITH_CAVEAT,COMPARABLE_WITH_CAVEAT,COMPARABLE_WITH_CAVEAT,COMPARABLE_WITH_CAVEAT,1.0,1.8.0,1.0,cohort_expansion_gp,1.0
B0393,B0393|S05|E01|T01|002,S05,E01,T01,2,250.0,RTOE,R,2,1.06,0.304,5.791,3.843,41.91,0.294,4.074,110.79716873168944,146.02609062194824,82.30764770507812,2547.7,accepted,OK,DIRECTLY_COMPARABLE,DIRECTLY_COMPARABLE,REQUIRES_NORMALIZATION,REQUIRES_NORMALIZATION,REQUIRES_NORMALIZATION,COMPARABLE_WITH_CAVEAT,REQUIRES_NORMALIZATION,COMPARABLE_WITH_CAVEAT,COMPARABLE_WITH_CAVEAT,COMPARABLE_WITH_CAVEAT,COMPARABLE_WITH_CAVEAT,1.0,1.8.0,1.0,cohort_expansion_gp,1.0
B0393,B0393|S05|E01|T01|003,S05,E01,T01,3,250.0,RTOE,R,4,1.004,0.336,6.235,4.265,44.71,0.103,4.283,119.16546630859376,133.72097778320312,64.00217819213867,2547.7,accepted,OK,DIRECTLY_COMPARABLE,DIRECTLY_COMPARABLE,REQUIRES_NORMALIZATION,REQUIRES_NORMALIZATION,REQUIRES_NORMALIZATION,COMPARABLE_WITH_CAVEAT,REQUIRES_NORMALIZATION,COMPARABLE_WITH_CAVEAT,COMPARABLE_WITH_CAVEAT,COMPARABLE_WITH_CAVEAT,COMPARABLE_WITH_CAVEAT,1.0,1.8.0,1.0,cohort_expansion_gp,1.0
B0394,B0394|S02|E01|T01|001,S02,E01,T01,1,250.0,RTOE,R,0,0.868,0.296,8.459,4.662,152.16,0.032,4.046,117.5102195739746,130.0461883544922,61.426849365234375,383.8,accepted,OK,DIRECTLY_COMPARABLE,DIRECTLY_COMPARABLE,REQUIRES_NORMALIZATION,REQUIRES_NORMALIZATION,REQUIRES_NORMALIZATION,COMPARABLE_WITH_CAVEAT,REQUIRES_NORMALIZATION,COMPARABLE_WITH_CAVEAT,COMPARABLE_WITH_CAVEAT,COMPARABLE_WITH_CAVEAT,COMPARABLE_WITH_CAVEAT,1.0,1.8.0,1.0,cohort_expansion_gp,1.0
B0394,B0394|S02|E01|T01|002,S02,E01,T01,2,250.0,RTOE,R,2,0.924,0.332,7.965,4.361,142.25,0.088,4.028,108.79478454589844,139.4905309677124,58.87719345092773,383.8,accepted,OK,DIRECTLY_COMPARABLE,DIRECTLY_COMPARABLE,REQUIRES_NORMALIZATION,REQUIRES_NORMALIZATION,REQUIRES_NORMALIZATION,COMPARABLE_WITH_CAVEAT,REQUIRES_NORMALIZATION,COMPARABLE_WITH_CAVEAT,COMPARABLE_WITH_CAVEAT,COMPARABLE_WITH_CAVEAT,COMPARABLE_WITH_CAVEAT,1.0,1.8.0,1.0,cohort_expansion_gp,1.0
B0394,B0394|S02|E01|T01|003,S02,E01,T01,3,250.0,RTOE,R,4,0.924,0.316,9.271,4.482,167.44,0.09,4.139,104.73000526428224,134.39988327026367,53.079264640808105,383.8,accepted,OK,DIRECTLY_COMPARABLE,DIRECTLY_COMPARABLE,REQUIRES_NORMALIZATION,REQUIRES_NORMALIZATION,REQUIRES_NORMALIZATION,COMPARABLE_WITH_CAVEAT,REQUIRES_NORMALIZATION,COMPARABLE_WITH_CAVEAT,COMPARABLE_WITH_CAVEAT,COMPARABLE_WITH_CAVEAT,COMPARABLE_WITH_CAVEAT,1.0,1.8.0,1.0,cohort_expansion_gp,1.0
B0394,B0394|S03|E01|T01|001,S03,E01,T01,1,250.0,RTOE,R,0,0.956,0.268,9.402,3.954,164.95,0.035,3.779,79.30722427368164,132.59313297271729,44.42144584655762,3800.2,accepted,OK,DIRECTLY_COMPARABLE,DIRECTLY_COMPARABLE,REQUIRES_NORMALIZATION,REQUIRES_NORMALIZATION,REQUIRES_NORMALIZATION,COMPARABLE_WITH_CAVEAT,REQUIRES_NORMALIZATION,COMPARABLE_WITH_CAVEAT,COMPARABLE_WITH_CAVEAT,COMPARABLE_WITH_CAVEAT,COMPARABLE_WITH_CAVEAT,1.0,1.8.0,1.0,cohort_expansion_gp,1.0
B0394,B0394|S03|E01|T01|002,S03,E01,T01,2,250.0,RTOE,R,1,0.82,0.272,9.072,4.43,161.77,0.148,3.631,81.61277770996094,135.4759817123413,46.40762042999268,3800.2,accepted,OK,DIRECTLY_COMPARABLE,DIRECTLY_COMPARABLE,REQUIRES_NORMALIZATION,REQUIRES_NORMALIZATION,REQUIRES_NORMALIZATION,COMPARABLE_WITH_CAVEAT,REQUIRES_NORMALIZATION,COMPARABLE_WITH_CAVEAT,COMPARABLE_WITH_CAVEAT,COMPARABLE_WITH_CAVEAT,COMPARABLE_WITH_CAVEAT,1.0,1.8.0,1.0,cohort_expansion_gp,1.0
B0394,B0394|S03|E01|T01|003,S03,E01,T01,3,250.0,RTOE,R,2,1.0,0.304,9.194,3.829,166.5,0.236,3.828,77.20544052124023,138.07586288452148,45.68304443359375,3800.2,accepted,OK,DIRECTLY_COMPARABLE,DIRECTLY_COMPARABLE,REQUIRES_NORMALIZATION,REQUIRES_NORMALIZATION,REQUIRES_NORMALIZATION,COMPARABLE_WITH_CAVEAT,REQUIRES_NORMALIZATION,COMPARABLE_WITH_CAVEAT,COMPARABLE_WITH_CAVEAT,COMPARABLE_WITH_CAVEAT,COMPARABLE_WITH_CAVEAT,1.0,1.8.0,1.0,cohort_expansion_gp,1.0
B0394,B0394|S04|E01|T01|001,S04,E01,T01,1,250.0,RTOE,R,0,0.864,0.284,9.458,4.825,173.6,0.11,4.167,129.57712173461914,129.29910373687744,47.32321739196777,715.3,accepted,OK,DIRECTLY_COMPARABLE,DIRECTLY_COMPARABLE,REQUIRES_NORMALIZATION,REQUIRES_NORMALIZATION,REQUIRES_NORMALIZATION,COMPARABLE_WITH_CAVEAT,REQUIRES_NORMALIZATION,COMPARABLE_WITH_CAVEAT,COMPARABLE_WITH_CAVEAT,COMPARABLE_WITH_CAVEAT,COMPARABLE_WITH_CAVEAT,1.0,1.8.0,1.0,cohort_expansion_gp,1.0
B0394,B0394|S04|E01|T01|002,S04,E01,T01,2,250.0,RTOE,R,2,1.004,0.3,9.729,4.515,166.13,0.174,4.532,124.37811660766602,133.35241031646729,72.6545181274414,715.3,accepted,OK,DIRECTLY_COMPARABLE,DIRECTLY_COMPARABLE,REQUIRES_NORMALIZATION,REQUIRES_NORMALIZATION,REQUIRES_NORMALIZATION,COMPARABLE_WITH_CAVEAT,REQUIRES_NORMALIZATION,COMPARABLE_WITH_CAVEAT,COMPARABLE_WITH_CAVEAT,COMPARABLE_WITH_CAVEAT,COMPARABLE_WITH_CAVEAT,1.0,1.8.0,1.0,cohort_expansion_gp,1.0
B0394,B0394|S04|E01|T01|003,S04,E01,T01,3,250.0,RTOE,R,5,0.976,0.328,8.97,4.376,151.51,0.294,4.269,118.18402862548828,139.85499668121338,50.08845233917236,715.3,accepted,OK,DIRECTLY_COMPARABLE,DIRECTLY_COMPARABLE,REQUIRES_NORMALIZATION,REQUIRES_NORMALIZATION,REQUIRES_NORMALIZATION,COMPARABLE_WITH_CAVEAT,REQUIRES_NORMALIZATION,COMPARABLE_WITH_CAVEAT,COMPARABLE_WITH_CAVEAT,COMPARABLE_WITH_CAVEAT,COMPARABLE_WITH_CAVEAT,1.0,1.8.0,1.0,cohort_expansion_gp,1.0
B0394,B0394|S05|E01|T01|001,S05,E01,T01,1,250.0,RTOE,R,1,1.064,0.672,7.512,4.717,39.91,0.211,5.017,128.79257202148438,94.0032262802124,60.90055084228516,3888.9,accepted,OK,DIRECTLY_COMPARABLE,DIRECTLY_COMPARABLE,REQUIRES_NORMALIZATION,REQUIRES_NORMALIZATION,REQUIRES_NORMALIZATION,COMPARABLE_WITH_CAVEAT,REQUIRES_NORMALIZATION,COMPARABLE_WITH_CAVEAT,COMPARABLE_WITH_CAVEAT,COMPARABLE_WITH_CAVEAT,COMPARABLE_WITH_CAVEAT,1.0,1.8.0,1.0,cohort_expansion_gp,1.0
B0394,B0394|S05|E01|T01|002,S05,E01,T01,2,250.0,RTOE,R,2,0.928,0.384,7.652,5.329,51.17,0.588,4.944,128.4470672607422,93.62623405456544,66.11066246032715,3888.9,accepted,OK,DIRECTLY_COMPARABLE,DIRECTLY_COMPARABLE,REQUIRES_NORMALIZATION,REQUIRES_NORMALIZATION,REQUIRES_NORMALIZATION,COMPARABLE_WITH_CAVEAT,REQUIRES_NORMALIZATION,COMPARABLE_WITH_CAVEAT,COMPARABLE_WITH_CAVEAT,COMPARABLE_WITH_CAVEAT,COMPARABLE_WITH_CAVEAT,1.0,1.8.0,1.0,cohort_expansion_gp,1.0
B0394,B0394|S05|E01|T01|003,S05,E01,T01,3,250.0,RTOE,R,3,1.012,0.304,7.67,5.211,35.12,0.525,5.272,127.95404052734376,72.5150728225708,68.66067123413086,3888.9,accepted,OK,DIRECTLY_COMPARABLE,DIRECTLY_COMPARABLE,REQUIRES_NORMALIZATION,REQUIRES_NORMALIZATION,REQUIRES_NORMALIZATION,COMPARABLE_WITH_CAVEAT,REQUIRES_NORMALIZATION,COMPARABLE_WITH_CAVEAT,COMPARABLE_WITH_CAVEAT,COMPARABLE_WITH_CAVEAT,COMPARABLE_WITH_CAVEAT,1.0,1.8.0,1.0,cohort_expansion_gp,1.0
B0395,B0395|S02|E01|T01|001,S02,E01,T01,1,250.0,RTOE,R,0,0.848,0.276,7.047,4.415,118.03,0.138,3.744,127.84986114501952,134.46911811828613,76.4512825012207,160.2,accepted,OK,DIRECTLY_COMPARABLE,DIRECTLY_COMPARABLE,REQUIRES_NORMALIZATION,REQUIRES_NORMALIZATION,REQUIRES_NORMALIZATION,COMPARABLE_WITH_CAVEAT,REQUIRES_NORMALIZATION,COMPARABLE_WITH_CAVEAT,COMPARABLE_WITH_CAVEAT,COMPARABLE_WITH_CAVEAT,COMPARABLE_WITH_CAVEAT,1.0,1.8.0,1.0,cohort_expansion_gp,1.0
B0395,B0395|S02|E01|T01|002,S02,E01,T01,2,250.0,RTOE,R,2,0.86,0.288,7.298,4.563,122.13,0.102,3.924,125.36251068115234,147.7844200134277,64.60728073120117,160.2,accepted,OK,DIRECTLY_COMPARABLE,DIRECTLY_COMPARABLE,REQUIRES_NORMALIZATION,REQUIRES_NORMALIZATION,REQUIRES_NORMALIZATION,COMPARABLE_WITH_CAVEAT,REQUIRES_NORMALIZATION,COMPARABLE_WITH_CAVEAT,COMPARABLE_WITH_CAVEAT,COMPARABLE_WITH_CAVEAT,COMPARABLE_WITH_CAVEAT,1.0,1.8.0,1.0,cohort_expansion_gp,1.0
B0395,B0395|S02|E01|T01|003,S02,E01,T01,3,250.0,RTOE,R,4,0.872,0.3,7.529,4.377,128.69,0.228,3.818,121.59720993041992,145.92970657348633,70.57960510253906,160.2,accepted,OK,DIRECTLY_COMPARABLE,DIRECTLY_COMPARABLE,REQUIRES_NORMALIZATION,REQUIRES_NORMALIZATION,REQUIRES_NORMALIZATION,COMPARABLE_WITH_CAVEAT,REQUIRES_NORMALIZATION,COMPARABLE_WITH_CAVEAT,COMPARABLE_WITH_CAVEAT,COMPARABLE_WITH_CAVEAT,COMPARABLE_WITH_CAVEAT,1.0,1.8.0,1.0,cohort_expansion_gp,1.0
B0395,B0395|S03|E01|T01|001,S03,E01,T01,1,250.0,RTOE,R,0,0.88,0.24,6.576,3.915,69.58,0.197,3.445,86.08036041259766,165.21120834350586,88.12257766723633,181.9,accepted,OK,DIRECTLY_COMPARABLE,DIRECTLY_COMPARABLE,REQUIRES_NORMALIZATION,REQUIRES_NORMALIZATION,REQUIRES_NORMALIZATION,COMPARABLE_WITH_CAVEAT,REQUIRES_NORMALIZATION,COMPARABLE_WITH_CAVEAT,COMPARABLE_WITH_CAVEAT,COMPARABLE_WITH_CAVEAT,COMPARABLE_WITH_CAVEAT,1.0,1.8.0,1.0,cohort_expansion_gp,1.0
B0395,B0395|S03|E01|T01|002,S03,E01,T01,2,250.0,RTOE,R,2,0.808,0.252,6.469,4.209,66.21,0.238,3.401,90.55220794677734,153.2378692626953,87.29787635803223,181.9,accepted,OK,DIRECTLY_COMPARABLE,DIRECTLY_COMPARABLE,REQUIRES_NORMALIZATION,REQUIRES_NORMALIZATION,REQUIRES_NORMALIZATION,COMPARABLE_WITH_CAVEAT,REQUIRES_NORMALIZATION,COMPARABLE_WITH_CAVEAT,COMPARABLE_WITH_CAVEAT,COMPARABLE_WITH_CAVEAT,COMPARABLE_WITH_CAVEAT,1.0,1.8.0,1.0,cohort_expansion_gp,1.0
B0395,B0395|S03|E01|T01|003,S03,E01,T01,3,250.0,RTOE,R,3,0.988,0.244,5.925,3.413,64.59,0.221,3.37,90.03550720214844,157.57947540283203,86.74860572814941,181.9,accepted,OK,DIRECTLY_COMPARABLE,DIRECTLY_COMPARABLE,REQUIRES_NORMALIZATION,REQUIRES_NORMALIZATION,REQUIRES_NORMALIZATION,COMPARABLE_WITH_CAVEAT,REQUIRES_NORMALIZATION,COMPARABLE_WITH_CAVEAT,COMPARABLE_WITH_CAVEAT,COMPARABLE_WITH_CAVEAT,COMPARABLE_WITH_CAVEAT,1.0,1.8.0,1.0,cohort_expansion_gp,1.0
B0395,B0395|S04|E01|T01|001,S04,E01,T01,1,250.0,RTOE,R,1,0.844,0.256,8.925,4.827,142.75,0.075,4.073,122.70660781860352,140.50196647644043,55.25050926208496,222.2,accepted,OK,DIRECTLY_COMPARABLE,DIRECTLY_COMPARABLE,REQUIRES_NORMALIZATION,REQUIRES_NORMALIZATION,REQUIRES_NORMALIZATION,COMPARABLE_WITH_CAVEAT,REQUIRES_NORMALIZATION,COMPARABLE_WITH_CAVEAT,COMPARABLE_WITH_CAVEAT,COMPARABLE_WITH_CAVEAT,COMPARABLE_WITH_CAVEAT,1.0,1.8.0,1.0,cohort_expansion_gp,1.0
B0395,B0395|S04|E01|T01|002,S04,E01,T01,2,250.0,RTOE,R,3,0.884,0.248,9.437,4.697,139.8,0.078,4.151,129.17571640014648,137.59317588806152,81.56232643127441,222.2,accepted,OK,DIRECTLY_COMPARABLE,DIRECTLY_COMPARABLE,REQUIRES_NORMALIZATION,REQUIRES_NORMALIZATION,REQUIRES_NORMALIZATION,COMPARABLE_WITH_CAVEAT,REQUIRES_NORMALIZATION,COMPARABLE_WITH_CAVEAT,COMPARABLE_WITH_CAVEAT,COMPARABLE_WITH_CAVEAT,COMPARABLE_WITH_CAVEAT,1.0,1.8.0,1.0,cohort_expansion_gp,1.0
B0395,B0395|S04|E01|T01|003,S04,E01,T01,3,250.0,RTOE,R,5,0.872,0.264,8.948,4.477,133.9,0.45,3.902,125.38925170898438,144.20601272583008,87.3895320892334,222.2,accepted,OK,DIRECTLY_COMPARABLE,DIRECTLY_COMPARABLE,REQUIRES_NORMALIZATION,REQUIRES_NORMALIZATION,REQUIRES_NORMALIZATION,COMPARABLE_WITH_CAVEAT,REQUIRES_NORMALIZATION,COMPARABLE_WITH_CAVEAT,COMPARABLE_WITH_CAVEAT,COMPARABLE_WITH_CAVEAT,COMPARABLE_WITH_CAVEAT,1.0,1.8.0,1.0,cohort_expansion_gp,1.0
B0395,B0395|S05|E01|T01|001,S05,E01,T01,1,250.0,RTOE,R,0,1.384,0.316,7.588,3.819,81.42,0.34,5.285,132.45411682128906,74.78849792480469,86.02667999267578,143.3,accepted,OK,DIRECTLY_COMPARABLE,DIRECTLY_COMPARABLE,REQUIRES_NORMALIZATION,REQUIRES_NORMALIZATION,REQUIRES_NORMALIZATION,COMPARABLE_WITH_CAVEAT,REQUIRES_NORMALIZATION,COMPARABLE_WITH_CAVEAT,COMPARABLE_WITH_CAVEAT,COMPARABLE_WITH_CAVEAT,COMPARABLE_WITH_CAVEAT,1.0,1.8.0,1.0,cohort_expansion_gp,1.0
B0395,B0395|S05|E01|T01|002,S05,E01,T01,2,250.0,RTOE,R,2,0.74,0.564,8.177,6.116,81.44,0.963,4.526,131.25790405273438,65.3965950012207,84.97396469116211,143.3,accepted,OK,DIRECTLY_COMPARABLE,DIRECTLY_COMPARABLE,REQUIRES_NORMALIZATION,REQUIRES_NORMALIZATION,REQUIRES_NORMALIZATION,COMPARABLE_WITH_CAVEAT,REQUIRES_NORMALIZATION,COMPARABLE_WITH_CAVEAT,COMPARABLE_WITH_CAVEAT,COMPARABLE_WITH_CAVEAT,COMPARABLE_WITH_CAVEAT,1.0,1.8.0,1.0,cohort_expansion_gp,1.0
B0395,B0395|S05|E01|T01|003,S05,E01,T01,3,250.0,RTOE,R,5,0.704,0.512,7.884,6.05,91.51,0.909,4.26,134.68933868408203,69.5393238067627,56.31055068969727,143.3,accepted,OK,DIRECTLY_COMPARABLE,DIRECTLY_COMPARABLE,REQUIRES_NORMALIZATION,REQUIRES_NORMALIZATION,REQUIRES_NORMALIZATION,COMPARABLE_WITH_CAVEAT,REQUIRES_NORMALIZATION,COMPARABLE_WITH_CAVEAT,COMPARABLE_WITH_CAVEAT,COMPARABLE_WITH_CAVEAT,COMPARABLE_WITH_CAVEAT,1.0,1.8.0,1.0,cohort_expansion_gp,1.0
B0396,B0396|S02|E01|T01|001,S02,E01,T01,1,250.0,RTOE,R,1,1.028,0.256,6.92,3.709,102.84,0.237,3.813,111.96026420593262,153.5757007598877,40.70417881011963,126.4,accepted,OK,DIRECTLY_COMPARABLE,DIRECTLY_COMPARABLE,REQUIRES_NORMALIZATION,REQUIRES_NORMALIZATION,REQUIRES_NORMALIZATION,COMPARABLE_WITH_CAVEAT,REQUIRES_NORMALIZATION,COMPARABLE_WITH_CAVEAT,COMPARABLE_WITH_CAVEAT,COMPARABLE_WITH_CAVEAT,COMPARABLE_WITH_CAVEAT,1.0,1.8.0,1.0,cohort_expansion_gp,1.0
B0396,B0396|S02|E01|T01|002,S02,E01,T01,2,250.0,RTOE,R,3,1.128,0.312,6.281,3.574,91.91,0.023,4.031,112.94833755493164,152.9068841934204,47.95108127593994,126.4,accepted,OK,DIRECTLY_COMPARABLE,DIRECTLY_COMPARABLE,REQUIRES_NORMALIZATION,REQUIRES_NORMALIZATION,REQUIRES_NORMALIZATION,COMPARABLE_WITH_CAVEAT,REQUIRES_NORMALIZATION,COMPARABLE_WITH_CAVEAT,COMPARABLE_WITH_CAVEAT,COMPARABLE_WITH_CAVEAT,COMPARABLE_WITH_CAVEAT,1.0,1.8.0,1.0,cohort_expansion_gp,1.0
B0396,B0396|S02|E01|T01|003,S02,E01,T01,3,250.0,RTOE,R,5,1.112,0.3,6.412,3.645,88.59,0.147,4.052,124.76007461547852,164.1492214202881,54.01535987854004,126.4,accepted,OK,DIRECTLY_COMPARABLE,DIRECTLY_COMPARABLE,REQUIRES_NORMALIZATION,REQUIRES_NORMALIZATION,REQUIRES_NORMALIZATION,COMPARABLE_WITH_CAVEAT,REQUIRES_NORMALIZATION,COMPARABLE_WITH_CAVEAT,COMPARABLE_WITH_CAVEAT,COMPARABLE_WITH_CAVEAT,COMPARABLE_WITH_CAVEAT,1.0,1.8.0,1.0,cohort_expansion_gp,1.0
B0396,B0396|S03|E01|T01|001,S03,E01,T01,1,250.0,RTOE,R,1,1.2,0.28,5.84,3.114,74.43,0.233,3.736,101.17942810058594,136.28117752075195,74.34330749511719,1132.0,accepted,OK,DIRECTLY_COMPARABLE,DIRECTLY_COMPARABLE,REQUIRES_NORMALIZATION,REQUIRES_NORMALIZATION,REQUIRES_NORMALIZATION,COMPARABLE_WITH_CAVEAT,REQUIRES_NORMALIZATION,COMPARABLE_WITH_CAVEAT,COMPARABLE_WITH_CAVEAT,COMPARABLE_WITH_CAVEAT,COMPARABLE_WITH_CAVEAT,1.0,1.8.0,1.0,cohort_expansion_gp,1.0
B0396,B0396|S03|E01|T01|002,S03,E01,T01,2,250.0,RTOE,R,3,1.224,0.344,5.531,3.362,65.31,0.098,4.113,93.11881637573242,138.14505195617676,68.17929458618164,1132.0,accepted,OK,DIRECTLY_COMPARABLE,DIRECTLY_COMPARABLE,REQUIRES_NORMALIZATION,REQUIRES_NORMALIZATION,REQUIRES_NORMALIZATION,COMPARABLE_WITH_CAVEAT,REQUIRES_NORMALIZATION,COMPARABLE_WITH_CAVEAT,COMPARABLE_WITH_CAVEAT,COMPARABLE_WITH_CAVEAT,COMPARABLE_WITH_CAVEAT,1.0,1.8.0,1.0,cohort_expansion_gp,1.0
B0396,B0396|S03|E01|T01|003,S03,E01,T01,3,250.0,RTOE,R,5,1.248,0.352,5.465,3.261,59.16,0.046,4.068,96.16020584106444,141.9841194152832,71.1312427520752,1132.0,accepted,OK,DIRECTLY_COMPARABLE,DIRECTLY_COMPARABLE,REQUIRES_NORMALIZATION,REQUIRES_NORMALIZATION,REQUIRES_NORMALIZATION,COMPARABLE_WITH_CAVEAT,REQUIRES_NORMALIZATION,COMPARABLE_WITH_CAVEAT,COMPARABLE_WITH_CAVEAT,COMPARABLE_WITH_CAVEAT,COMPARABLE_WITH_CAVEAT,1.0,1.8.0,1.0,cohort_expansion_gp,1.0
B0396,B0396|S04|E01|T01|001,S04,E01,T01,1,250.0,RTOE,R,1,1.16,0.284,7.74,3.874,93.79,0.486,4.491,141.69161987304688,132.46659660339355,70.48339462280273,265.6,accepted,OK,DIRECTLY_COMPARABLE,DIRECTLY_COMPARABLE,REQUIRES_NORMALIZATION,REQUIRES_NORMALIZATION,REQUIRES_NORMALIZATION,COMPARABLE_WITH_CAVEAT,REQUIRES_NORMALIZATION,COMPARABLE_WITH_CAVEAT,COMPARABLE_WITH_CAVEAT,COMPARABLE_WITH_CAVEAT,COMPARABLE_WITH_CAVEAT,1.0,1.8.0,1.0,cohort_expansion_gp,1.0
B0396,B0396|S04|E01|T01|002,S04,E01,T01,2,250.0,RTOE,R,3,1.128,0.324,8.519,4.283,106.55,0.147,4.829,132.4796371459961,145.98069381713867,67.85778903961182,265.6,accepted,OK,DIRECTLY_COMPARABLE,DIRECTLY_COMPARABLE,REQUIRES_NORMALIZATION,REQUIRES_NORMALIZATION,REQUIRES_NORMALIZATION,COMPARABLE_WITH_CAVEAT,REQUIRES_NORMALIZATION,COMPARABLE_WITH_CAVEAT,COMPARABLE_WITH_CAVEAT,COMPARABLE_WITH_CAVEAT,COMPARABLE_WITH_CAVEAT,1.0,1.8.0,1.0,cohort_expansion_gp,1.0
B0396,B0396|S04|E01|T01|003,S04,E01,T01,3,250.0,RTOE,R,4,1.2,0.328,8.543,4.122,98.94,0.048,4.945,136.1236801147461,147.77566814422607,64.80410766601562,265.6,accepted,OK,DIRECTLY_COMPARABLE,DIRECTLY_COMPARABLE,REQUIRES_NORMALIZATION,REQUIRES_NORMALIZATION,REQUIRES_NORMALIZATION,COMPARABLE_WITH_CAVEAT,REQUIRES_NORMALIZATION,COMPARABLE_WITH_CAVEAT,COMPARABLE_WITH_CAVEAT,COMPARABLE_WITH_CAVEAT,COMPARABLE_WITH_CAVEAT,1.0,1.8.0,1.0,cohort_expansion_gp,1.0
B0396,B0396|S05|E01|T01|001,S05,E01,T01,1,250.0,RTOE,R,1,0.928,0.34,7.406,4.818,41.31,0.55,4.47,127.71091842651369,101.92074584960938,51.63889122009277,316.6,accepted,OK,DIRECTLY_COMPARABLE,DIRECTLY_COMPARABLE,REQUIRES_NORMALIZATION,REQUIRES_NORMALIZATION,REQUIRES_NORMALIZATION,COMPARABLE_WITH_CAVEAT,REQUIRES_NORMALIZATION,COMPARABLE_WITH_CAVEAT,COMPARABLE_WITH_CAVEAT,COMPARABLE_WITH_CAVEAT,COMPARABLE_WITH_CAVEAT,1.0,1.8.0,1.0,cohort_expansion_gp,1.0
B0396,B0396|S05|E01|T01|002,S05,E01,T01,2,250.0,RTOE,R,2,0.9,0.296,7.84,5.467,74.48,0.187,4.922,138.1781768798828,79.78859519958496,53.53254890441895,316.6,accepted,OK,DIRECTLY_COMPARABLE,DIRECTLY_COMPARABLE,REQUIRES_NORMALIZATION,REQUIRES_NORMALIZATION,REQUIRES_NORMALIZATION,COMPARABLE_WITH_CAVEAT,REQUIRES_NORMALIZATION,COMPARABLE_WITH_CAVEAT,COMPARABLE_WITH_CAVEAT,COMPARABLE_WITH_CAVEAT,COMPARABLE_WITH_CAVEAT,1.0,1.8.0,1.0,cohort_expansion_gp,1.0
B0396,B0396|S05|E01|T01|003,S05,E01,T01,3,250.0,RTOE,R,4,0.912,0.308,8.314,5.331,49.05,0.256,4.861,132.55263137817383,84.68360710144043,47.20089721679688,316.6,accepted,OK,DIRECTLY_COMPARABLE,DIRECTLY_COMPARABLE,REQUIRES_NORMALIZATION,REQUIRES_NORMALIZATION,REQUIRES_NORMALIZATION,COMPARABLE_WITH_CAVEAT,REQUIRES_NORMALIZATION,COMPARABLE_WITH_CAVEAT,COMPARABLE_WITH_CAVEAT,COMPARABLE_WITH_CAVEAT,COMPARABLE_WITH_CAVEAT,1.0,1.8.0,1.0,cohort_expansion_gp,1.0
B0398,B0398|S02|E01|T01|001,S02,E01,T01,1,250.0,RTOE,R,0,0.732,0.264,11.184,6.011,236.41,0.182,4.399,116.81768035888672,136.14610481262207,57.64780807495117,401.5,accepted,OK,DIRECTLY_COMPARABLE,DIRECTLY_COMPARABLE,REQUIRES_NORMALIZATION,REQUIRES_NORMALIZATION,REQUIRES_NORMALIZATION,COMPARABLE_WITH_CAVEAT,REQUIRES_NORMALIZATION,COMPARABLE_WITH_CAVEAT,COMPARABLE_WITH_CAVEAT,COMPARABLE_WITH_CAVEAT,COMPARABLE_WITH_CAVEAT,1.0,1.8.0,1.0,cohort_expansion_gp,1.0
B0398,B0398|S02|E01|T01|002,S02,E01,T01,2,250.0,RTOE,R,1,0.9,0.336,11.485,5.586,256.79,0.083,5.025,135.18900299072266,143.73968505859375,58.78885364532471,401.5,accepted,OK,DIRECTLY_COMPARABLE,DIRECTLY_COMPARABLE,REQUIRES_NORMALIZATION,REQUIRES_NORMALIZATION,REQUIRES_NORMALIZATION,COMPARABLE_WITH_CAVEAT,REQUIRES_NORMALIZATION,COMPARABLE_WITH_CAVEAT,COMPARABLE_WITH_CAVEAT,COMPARABLE_WITH_CAVEAT,COMPARABLE_WITH_CAVEAT,1.0,1.8.0,1.0,cohort_expansion_gp,1.0
B0398,B0398|S02|E01|T01|003,S02,E01,T01,3,250.0,RTOE,R,3,0.872,0.372,11.316,5.779,249.59,0.276,5.038,144.0536346435547,147.56365776062012,59.77411651611328,401.5,accepted,OK,DIRECTLY_COMPARABLE,DIRECTLY_COMPARABLE,REQUIRES_NORMALIZATION,REQUIRES_NORMALIZATION,REQUIRES_NORMALIZATION,COMPARABLE_WITH_CAVEAT,REQUIRES_NORMALIZATION,COMPARABLE_WITH_CAVEAT,COMPARABLE_WITH_CAVEAT,COMPARABLE_WITH_CAVEAT,COMPARABLE_WITH_CAVEAT,1.0,1.8.0,1.0,cohort_expansion_gp,1.0
B0398,B0398|S03|E01|T01|001,S03,E01,T01,1,250.0,LTOE,L,1,0.668,0.248,10.335,6.079,239.66,0.195,4.062,142.96893310546875,187.47171783447263,90.9098777770996,279.4,accepted,OK,DIRECTLY_COMPARABLE,DIRECTLY_COMPARABLE,REQUIRES_NORMALIZATION,REQUIRES_NORMALIZATION,REQUIRES_NORMALIZATION,COMPARABLE_WITH_CAVEAT,REQUIRES_NORMALIZATION,COMPARABLE_WITH_CAVEAT,COMPARABLE_WITH_CAVEAT,COMPARABLE_WITH_CAVEAT,COMPARABLE_WITH_CAVEAT,1.0,1.8.0,1.0,cohort_expansion_gp,1.0
B0398,B0398|S03|E01|T01|002,S03,E01,T01,2,250.0,LTOE,L,2,0.752,0.232,11.144,5.45,260.48,0.119,4.099,135.3116569519043,173.7570343017578,82.968505859375,279.4,accepted,OK,DIRECTLY_COMPARABLE,DIRECTLY_COMPARABLE,REQUIRES_NORMALIZATION,REQUIRES_NORMALIZATION,REQUIRES_NORMALIZATION,COMPARABLE_WITH_CAVEAT,REQUIRES_NORMALIZATION,COMPARABLE_WITH_CAVEAT,COMPARABLE_WITH_CAVEAT,COMPARABLE_WITH_CAVEAT,COMPARABLE_WITH_CAVEAT,1.0,1.8.0,1.0,cohort_expansion_gp,1.0
B0398,B0398|S03|E01|T01|003,S03,E01,T01,3,250.0,LTOE,L,3,0.756,0.252,11.028,5.491,262.12,0.136,4.152,133.91068649291992,179.8473777770996,78.16433143615723,279.4,accepted,OK,DIRECTLY_COMPARABLE,DIRECTLY_COMPARABLE,REQUIRES_NORMALIZATION,REQUIRES_NORMALIZATION,REQUIRES_NORMALIZATION,COMPARABLE_WITH_CAVEAT,REQUIRES_NORMALIZATION,COMPARABLE_WITH_CAVEAT,COMPARABLE_WITH_CAVEAT,COMPARABLE_WITH_CAVEAT,COMPARABLE_WITH_CAVEAT,1.0,1.8.0,1.0,cohort_expansion_gp,1.0
B0398,B0398|S04|E01|T01|001,S04,E01,T01,1,250.0,LTOE,L,2,0.696,0.284,11.193,6.215,254.1,0.124,4.325,139.87428283691406,150.34773445129397,80.0411319732666,1286.9,accepted,OK,DIRECTLY_COMPARABLE,DIRECTLY_COMPARABLE,REQUIRES_NORMALIZATION,REQUIRES_NORMALIZATION,REQUIRES_NORMALIZATION,COMPARABLE_WITH_CAVEAT,REQUIRES_NORMALIZATION,COMPARABLE_WITH_CAVEAT,COMPARABLE_WITH_CAVEAT,COMPARABLE_WITH_CAVEAT,COMPARABLE_WITH_CAVEAT,1.0,1.8.0,1.0,cohort_expansion_gp,1.0
B0398,B0398|S04|E01|T01|002,S04,E01,T01,2,250.0,LTOE,L,3,1.196,0.276,11.811,4.196,247.94,0.019,5.018,146.26242065429688,147.38864135742188,79.70696640014648,1286.9,accepted,OK,DIRECTLY_COMPARABLE,DIRECTLY_COMPARABLE,REQUIRES_NORMALIZATION,REQUIRES_NORMALIZATION,REQUIRES_NORMALIZATION,COMPARABLE_WITH_CAVEAT,REQUIRES_NORMALIZATION,COMPARABLE_WITH_CAVEAT,COMPARABLE_WITH_CAVEAT,COMPARABLE_WITH_CAVEAT,COMPARABLE_WITH_CAVEAT,1.0,1.8.0,1.0,cohort_expansion_gp,1.0
B0398,B0398|S04|E01|T01|003,S04,E01,T01,3,250.0,LTOE,L,5,0.932,0.308,11.182,4.955,239.82,0.286,4.618,146.49800491333008,166.28208541870117,77.99800491333008,1286.9,accepted,OK,DIRECTLY_COMPARABLE,DIRECTLY_COMPARABLE,REQUIRES_NORMALIZATION,REQUIRES_NORMALIZATION,REQUIRES_NORMALIZATION,COMPARABLE_WITH_CAVEAT,REQUIRES_NORMALIZATION,COMPARABLE_WITH_CAVEAT,COMPARABLE_WITH_CAVEAT,COMPARABLE_WITH_CAVEAT,COMPARABLE_WITH_CAVEAT,1.0,1.8.0,1.0,cohort_expansion_gp,1.0
B0398,B0398|S05|E01|T01|001,S05,E01,T01,1,250.0,RTOE,R,2,0.748,0.444,10.717,6.964,100.32,0.803,5.212,156.24792098999023,176.26488494873047,89.18993377685547,389.9,accepted,OK,DIRECTLY_COMPARABLE,DIRECTLY_COMPARABLE,REQUIRES_NORMALIZATION,REQUIRES_NORMALIZATION,REQUIRES_NORMALIZATION,COMPARABLE_WITH_CAVEAT,REQUIRES_NORMALIZATION,COMPARABLE_WITH_CAVEAT,COMPARABLE_WITH_CAVEAT,COMPARABLE_WITH_CAVEAT,COMPARABLE_WITH_CAVEAT,1.0,1.8.0,1.0,cohort_expansion_gp,1.0
B0398,B0398|S05|E01|T01|002,S05,E01,T01,2,250.0,RTOE,R,4,0.804,0.476,9.609,7.105,86.82,0.165,5.714,165.26558303833008,165.2858428955078,90.41257095336914,389.9,accepted,OK,DIRECTLY_COMPARABLE,DIRECTLY_COMPARABLE,REQUIRES_NORMALIZATION,REQUIRES_NORMALIZATION,REQUIRES_NORMALIZATION,COMPARABLE_WITH_CAVEAT,REQUIRES_NORMALIZATION,COMPARABLE_WITH_CAVEAT,COMPARABLE_WITH_CAVEAT,COMPARABLE_WITH_CAVEAT,COMPARABLE_WITH_CAVEAT,1.0,1.8.0,1.0,cohort_expansion_gp,1.0
B0398,B0398|S05|E01|T01|003,S05,E01,T01,3,250.0,RTOE,R,6,0.688,0.392,10.531,7.473,102.12,0.754,5.146,153.42176055908203,170.89299392700195,97.99955368041992,389.9,accepted,OK,DIRECTLY_COMPARABLE,DIRECTLY_COMPARABLE,REQUIRES_NORMALIZATION,REQUIRES_NORMALIZATION,REQUIRES_NORMALIZATION,COMPARABLE_WITH_CAVEAT,REQUIRES_NORMALIZATION,COMPARABLE_WITH_CAVEAT,COMPARABLE_WITH_CAVEAT,COMPARABLE_WITH_CAVEAT,COMPARABLE_WITH_CAVEAT,1.0,1.8.0,1.0,cohort_expansion_gp,1.0
B0399,B0399|S02|E01|T01|001,S02,E01,T01,1,250.0,RTOE,R,0,0.896,0.272,10.035,4.791,184.63,0.079,4.294,96.15260696411131,166.33065795898438,53.783935546875,538.8,accepted,OK,DIRECTLY_COMPARABLE,DIRECTLY_COMPARABLE,REQUIRES_NORMALIZATION,REQUIRES_NORMALIZATION,REQUIRES_NORMALIZATION,COMPARABLE_WITH_CAVEAT,REQUIRES_NORMALIZATION,COMPARABLE_WITH_CAVEAT,COMPARABLE_WITH_CAVEAT,COMPARABLE_WITH_CAVEAT,COMPARABLE_WITH_CAVEAT,1.0,1.8.0,1.0,cohort_expansion_gp,1.0
B0399,B0399|S02|E01|T01|002,S02,E01,T01,2,250.0,RTOE,R,2,0.9,0.296,9.633,4.909,175.91,0.047,4.419,97.23834228515624,163.83494186401367,54.84313678741455,538.8,accepted,OK,DIRECTLY_COMPARABLE,DIRECTLY_COMPARABLE,REQUIRES_NORMALIZATION,REQUIRES_NORMALIZATION,REQUIRES_NORMALIZATION,COMPARABLE_WITH_CAVEAT,REQUIRES_NORMALIZATION,COMPARABLE_WITH_CAVEAT,COMPARABLE_WITH_CAVEAT,COMPARABLE_WITH_CAVEAT,COMPARABLE_WITH_CAVEAT,1.0,1.8.0,1.0,cohort_expansion_gp,1.0
B0399,B0399|S02|E01|T01|003,S02,E01,T01,3,250.0,RTOE,R,4,0.96,0.308,9.087,4.567,158.38,0.113,4.384,90.382568359375,170.13311767578125,55.45901107788086,538.8,accepted,OK,DIRECTLY_COMPARABLE,DIRECTLY_COMPARABLE,REQUIRES_NORMALIZATION,REQUIRES_NORMALIZATION,REQUIRES_NORMALIZATION,COMPARABLE_WITH_CAVEAT,REQUIRES_NORMALIZATION,COMPARABLE_WITH_CAVEAT,COMPARABLE_WITH_CAVEAT,COMPARABLE_WITH_CAVEAT,COMPARABLE_WITH_CAVEAT,1.0,1.8.0,1.0,cohort_expansion_gp,1.0
B0399,B0399|S03|E01|T01|001,S03,E01,T01,1,250.0,RTOE,R,0,1.064,0.26,8.845,4.501,151.57,0.099,4.79,89.24855422973633,163.17061233520508,60.08053874969482,323.7,accepted,OK,DIRECTLY_COMPARABLE,DIRECTLY_COMPARABLE,REQUIRES_NORMALIZATION,REQUIRES_NORMALIZATION,REQUIRES_NORMALIZATION,COMPARABLE_WITH_CAVEAT,REQUIRES_NORMALIZATION,COMPARABLE_WITH_CAVEAT,COMPARABLE_WITH_CAVEAT,COMPARABLE_WITH_CAVEAT,COMPARABLE_WITH_CAVEAT,1.0,1.8.0,1.0,cohort_expansion_gp,1.0
B0399,B0399|S03|E01|T01|002,S03,E01,T01,2,250.0,RTOE,R,1,1.016,0.28,8.777,4.685,156.47,0.032,4.761,94.03574752807616,157.7766237258911,56.793665409088135,323.7,accepted,OK,DIRECTLY_COMPARABLE,DIRECTLY_COMPARABLE,REQUIRES_NORMALIZATION,REQUIRES_NORMALIZATION,REQUIRES_NORMALIZATION,COMPARABLE_WITH_CAVEAT,REQUIRES_NORMALIZATION,COMPARABLE_WITH_CAVEAT,COMPARABLE_WITH_CAVEAT,COMPARABLE_WITH_CAVEAT,COMPARABLE_WITH_CAVEAT,1.0,1.8.0,1.0,cohort_expansion_gp,1.0
B0399,B0399|S03|E01|T01|003,S03,E01,T01,3,250.0,RTOE,R,2,1.104,0.344,8.013,4.29,164.83,0.095,4.737,92.12628936767578,156.30508422851562,55.94609308242798,323.7,accepted,OK,DIRECTLY_COMPARABLE,DIRECTLY_COMPARABLE,REQUIRES_NORMALIZATION,REQUIRES_NORMALIZATION,REQUIRES_NORMALIZATION,COMPARABLE_WITH_CAVEAT,REQUIRES_NORMALIZATION,COMPARABLE_WITH_CAVEAT,COMPARABLE_WITH_CAVEAT,COMPARABLE_WITH_CAVEAT,COMPARABLE_WITH_CAVEAT,1.0,1.8.0,1.0,cohort_expansion_gp,1.0
B0399,B0399|S04|E01|T01|001,S04,E01,T01,1,250.0,RTOE,R,0,1.02,0.296,9.59,4.862,162.9,0.117,4.958,119.11816024780272,157.0489902496338,52.388190269470215,437.8,accepted,OK,DIRECTLY_COMPARABLE,DIRECTLY_COMPARABLE,REQUIRES_NORMALIZATION,REQUIRES_NORMALIZATION,REQUIRES_NORMALIZATION,COMPARABLE_WITH_CAVEAT,REQUIRES_NORMALIZATION,COMPARABLE_WITH_CAVEAT,COMPARABLE_WITH_CAVEAT,COMPARABLE_WITH_CAVEAT,COMPARABLE_WITH_CAVEAT,1.0,1.8.0,1.0,cohort_expansion_gp,1.0
B0399,B0399|S04|E01|T01|002,S04,E01,T01,2,250.0,RTOE,R,2,0.952,0.292,8.709,5.012,123.32,0.033,4.77,125.4975814819336,159.22945404052734,44.22812223434448,437.8,accepted,OK,DIRECTLY_COMPARABLE,DIRECTLY_COMPARABLE,REQUIRES_NORMALIZATION,REQUIRES_NORMALIZATION,REQUIRES_NORMALIZATION,COMPARABLE_WITH_CAVEAT,REQUIRES_NORMALIZATION,COMPARABLE_WITH_CAVEAT,COMPARABLE_WITH_CAVEAT,COMPARABLE_WITH_CAVEAT,COMPARABLE_WITH_CAVEAT,1.0,1.8.0,1.0,cohort_expansion_gp,1.0
B0399,B0399|S04|E01|T01|003,S04,E01,T01,3,250.0,RTOE,R,3,1.004,0.324,8.803,4.802,133.86,0.058,4.821,128.52528762817383,158.52802276611328,50.93279075622559,437.8,accepted,OK,DIRECTLY_COMPARABLE,DIRECTLY_COMPARABLE,REQUIRES_NORMALIZATION,REQUIRES_NORMALIZATION,REQUIRES_NORMALIZATION,COMPARABLE_WITH_CAVEAT,REQUIRES_NORMALIZATION,COMPARABLE_WITH_CAVEAT,COMPARABLE_WITH_CAVEAT,COMPARABLE_WITH_CAVEAT,COMPARABLE_WITH_CAVEAT,1.0,1.8.0,1.0,cohort_expansion_gp,1.0
B0399,B0399|S05|E01|T01|001,S05,E01,T01,1,250.0,RANK,R,1,0.864,0.18,6.836,5.251,43.09,0.262,4.537,122.59817123413086,110.6962776184082,79.6668930053711,203.2,accepted,OK,DIRECTLY_COMPARABLE,DIRECTLY_COMPARABLE,REQUIRES_NORMALIZATION,REQUIRES_NORMALIZATION,REQUIRES_NORMALIZATION,COMPARABLE_WITH_CAVEAT,REQUIRES_NORMALIZATION,COMPARABLE_WITH_CAVEAT,COMPARABLE_WITH_CAVEAT,COMPARABLE_WITH_CAVEAT,COMPARABLE_WITH_CAVEAT,1.0,1.8.0,1.0,cohort_expansion_gp,1.0
B0399,B0399|S05|E01|T01|002,S05,E01,T01,2,250.0,RANK,R,3,0.852,0.304,6.955,5.422,49.91,0.339,4.62,124.96730422973631,104.2581901550293,67.90175437927246,203.2,accepted,OK,DIRECTLY_COMPARABLE,DIRECTLY_COMPARABLE,REQUIRES_NORMALIZATION,REQUIRES_NORMALIZATION,REQUIRES_NORMALIZATION,COMPARABLE_WITH_CAVEAT,REQUIRES_NORMALIZATION,COMPARABLE_WITH_CAVEAT,COMPARABLE_WITH_CAVEAT,COMPARABLE_WITH_CAVEAT,COMPARABLE_WITH_CAVEAT,1.0,1.8.0,1.0,cohort_expansion_gp,1.0
B0399,B0399|S05|E01|T01|003,S05,E01,T01,3,250.0,RANK,R,5,0.892,0.304,7.118,5.241,50.25,0.259,4.676,121.3262825012207,105.80912971496582,67.0412769317627,203.2,accepted,OK,DIRECTLY_COMPARABLE,DIRECTLY_COMPARABLE,REQUIRES_NORMALIZATION,REQUIRES_NORMALIZATION,REQUIRES_NORMALIZATION,COMPARABLE_WITH_CAVEAT,REQUIRES_NORMALIZATION,COMPARABLE_WITH_CAVEAT,COMPARABLE_WITH_CAVEAT,COMPARABLE_WITH_CAVEAT,COMPARABLE_WITH_CAVEAT,1.0,1.8.0,1.0,cohort_expansion_gp,1.0
B0401,B0401|S02|E01|T01|001,S02,E01,T01,1,250.0,RTOE,R,0,0.804,0.26,8.404,4.693,133.18,0.162,3.774,126.71554565429688,146.13620376586914,56.13075065612793,118.2,accepted,OK,DIRECTLY_COMPARABLE,DIRECTLY_COMPARABLE,REQUIRES_NORMALIZATION,REQUIRES_NORMALIZATION,REQUIRES_NORMALIZATION,COMPARABLE_WITH_CAVEAT,REQUIRES_NORMALIZATION,COMPARABLE_WITH_CAVEAT,COMPARABLE_WITH_CAVEAT,COMPARABLE_WITH_CAVEAT,COMPARABLE_WITH_CAVEAT,1.0,1.8.0,1.0,cohort_expansion_gp,1.0
B0401,B0401|S02|E01|T01|002,S02,E01,T01,2,250.0,RTOE,R,2,0.824,0.292,9.114,4.591,152.87,0.096,3.783,108.90741157531738,153.84802627563477,78.79252624511719,118.2,accepted,OK,DIRECTLY_COMPARABLE,DIRECTLY_COMPARABLE,REQUIRES_NORMALIZATION,REQUIRES_NORMALIZATION,REQUIRES_NORMALIZATION,COMPARABLE_WITH_CAVEAT,REQUIRES_NORMALIZATION,COMPARABLE_WITH_CAVEAT,COMPARABLE_WITH_CAVEAT,COMPARABLE_WITH_CAVEAT,COMPARABLE_WITH_CAVEAT,1.0,1.8.0,1.0,cohort_expansion_gp,1.0
B0401,B0401|S02|E01|T01|003,S02,E01,T01,3,250.0,RTOE,R,4,0.86,0.332,7.529,4.337,124.11,0.176,3.729,115.12485313415527,144.07674026489258,88.83974075317383,118.2,accepted,OK,DIRECTLY_COMPARABLE,DIRECTLY_COMPARABLE,REQUIRES_NORMALIZATION,REQUIRES_NORMALIZATION,REQUIRES_NORMALIZATION,COMPARABLE_WITH_CAVEAT,REQUIRES_NORMALIZATION,COMPARABLE_WITH_CAVEAT,COMPARABLE_WITH_CAVEAT,COMPARABLE_WITH_CAVEAT,COMPARABLE_WITH_CAVEAT,1.0,1.8.0,1.0,cohort_expansion_gp,1.0
B0401,B0401|S03|E01|T01|001,S03,E01,T01,1,250.0,LANK,L,0,0.292,0.192,2.585,1.63,34.61,0.416,0.476,66.92864608764648,77.99579429626465,32.863189697265625,34.7,accepted,OK,DIRECTLY_COMPARABLE,DIRECTLY_COMPARABLE,REQUIRES_NORMALIZATION,REQUIRES_NORMALIZATION,REQUIRES_NORMALIZATION,COMPARABLE_WITH_CAVEAT,REQUIRES_NORMALIZATION,COMPARABLE_WITH_CAVEAT,COMPARABLE_WITH_CAVEAT,COMPARABLE_WITH_CAVEAT,COMPARABLE_WITH_CAVEAT,1.0,1.8.0,1.0,cohort_expansion_gp,1.0
B0401,B0401|S03|E01|T01|002,S03,E01,T01,2,250.0,LANK,L,3,0.212,0.136,1.499,1.055,19.44,0.2,0.223,59.54355812072754,45.96792602539063,20.628230094909668,34.7,accepted,OK,DIRECTLY_COMPARABLE,DIRECTLY_COMPARABLE,REQUIRES_NORMALIZATION,REQUIRES_NORMALIZATION,REQUIRES_NORMALIZATION,COMPARABLE_WITH_CAVEAT,REQUIRES_NORMALIZATION,COMPARABLE_WITH_CAVEAT,COMPARABLE_WITH_CAVEAT,COMPARABLE_WITH_CAVEAT,COMPARABLE_WITH_CAVEAT,1.0,1.8.0,1.0,cohort_expansion_gp,1.0
B0401,B0401|S03|E01|T01|003,S03,E01,T01,3,250.0,LANK,L,5,0.172,0.112,1.718,1.163,28.91,0.192,0.2,57.5284423828125,36.29938697814941,48.03369045257568,34.7,accepted,OK,DIRECTLY_COMPARABLE,DIRECTLY_COMPARABLE,REQUIRES_NORMALIZATION,REQUIRES_NORMALIZATION,REQUIRES_NORMALIZATION,COMPARABLE_WITH_CAVEAT,REQUIRES_NORMALIZATION,COMPARABLE_WITH_CAVEAT,COMPARABLE_WITH_CAVEAT,COMPARABLE_WITH_CAVEAT,COMPARABLE_WITH_CAVEAT,1.0,1.8.0,1.0,cohort_expansion_gp,1.0
B0401,B0401|S05|E01|T01|001,S05,E01,T01,1,250.0,LTOE,L,0,0.22,0.112,2.675,1.889,34.16,0.389,0.416,57.31245231628418,92.73619842529295,36.43820524215698,58.0,accepted,OK,DIRECTLY_COMPARABLE,DIRECTLY_COMPARABLE,REQUIRES_NORMALIZATION,REQUIRES_NORMALIZATION,REQUIRES_NORMALIZATION,COMPARABLE_WITH_CAVEAT,REQUIRES_NORMALIZATION,COMPARABLE_WITH_CAVEAT,COMPARABLE_WITH_CAVEAT,COMPARABLE_WITH_CAVEAT,COMPARABLE_WITH_CAVEAT,1.0,1.8.0,1.0,cohort_expansion_gp,1.0
B0401,B0401|S05|E01|T01|002,S05,E01,T01,2,250.0,LTOE,L,3,0.248,0.16,2.528,1.897,40.42,0.468,0.471,76.25804901123047,49.65494441986084,82.3544921875,58.0,accepted,OK,DIRECTLY_COMPARABLE,DIRECTLY_COMPARABLE,REQUIRES_NORMALIZATION,REQUIRES_NORMALIZATION,REQUIRES_NORMALIZATION,COMPARABLE_WITH_CAVEAT,REQUIRES_NORMALIZATION,COMPARABLE_WITH_CAVEAT,COMPARABLE_WITH_CAVEAT,COMPARABLE_WITH_CAVEAT,COMPARABLE_WITH_CAVEAT,1.0,1.8.0,1.0,cohort_expansion_gp,1.0
B0401,B0401|S05|E01|T01|003,S05,E01,T01,3,250.0,LTOE,L,4,0.252,0.084,3.042,2.013,41.88,0.491,0.507,47.18623447418213,75.46636581420898,33.77767324447632,58.0,accepted,OK,DIRECTLY_COMPARABLE,DIRECTLY_COMPARABLE,REQUIRES_NORMALIZATION,REQUIRES_NORMALIZATION,REQUIRES_NORMALIZATION,COMPARABLE_WITH_CAVEAT,REQUIRES_NORMALIZATION,COMPARABLE_WITH_CAVEAT,COMPARABLE_WITH_CAVEAT,COMPARABLE_WITH_CAVEAT,COMPARABLE_WITH_CAVEAT,1.0,1.8.0,1.0,cohort_expansion_gp,1.0
B0401,B0401|S05|E01|T01|004,S05,E01,T01,4,250.0,LTOE,L,5,0.16,0.084,2.986,2.077,46.0,0.293,0.333,106.5838508605957,37.0579137802124,87.85490226745605,58.0,accepted,OK,DIRECTLY_COMPARABLE,DIRECTLY_COMPARABLE,REQUIRES_NORMALIZATION,REQUIRES_NORMALIZATION,REQUIRES_NORMALIZATION,COMPARABLE_WITH_CAVEAT,REQUIRES_NORMALIZATION,COMPARABLE_WITH_CAVEAT,COMPARABLE_WITH_CAVEAT,COMPARABLE_WITH_CAVEAT,COMPARABLE_WITH_CAVEAT,1.0,1.8.0,1.0,cohort_expansion_gp,1.0
B0401,B0401|S05|E01|T01|005,S05,E01,T01,5,250.0,LTOE,L,6,0.248,0.124,2.569,1.547,40.11,0.327,0.383,66.46869277954102,84.11348533630371,45.11291980743408,58.0,accepted,OK,DIRECTLY_COMPARABLE,DIRECTLY_COMPARABLE,REQUIRES_NORMALIZATION,REQUIRES_NORMALIZATION,REQUIRES_NORMALIZATION,COMPARABLE_WITH_CAVEAT,REQUIRES_NORMALIZATION,COMPARABLE_WITH_CAVEAT,COMPARABLE_WITH_CAVEAT,COMPARABLE_WITH_CAVEAT,COMPARABLE_WITH_CAVEAT,1.0,1.8.0,1.0,cohort_expansion_gp,1.0
B0401,B0401|S05|E01|T01|006,S05,E01,T01,6,250.0,LTOE,L,9,0.64,0.096,3.708,1.284,60.92,0.358,0.822,95.97997665405272,46.838340759277344,82.9211597442627,58.0,accepted,OK,DIRECTLY_COMPARABLE,DIRECTLY_COMPARABLE,REQUIRES_NORMALIZATION,REQUIRES_NORMALIZATION,REQUIRES_NORMALIZATION,COMPARABLE_WITH_CAVEAT,REQUIRES_NORMALIZATION,COMPARABLE_WITH_CAVEAT,COMPARABLE_WITH_CAVEAT,COMPARABLE_WITH_CAVEAT,COMPARABLE_WITH_CAVEAT,1.0,1.8.0,1.0,cohort_expansion_gp,1.0
B0401,B0401|S05|E01|T01|007,S05,E01,T01,7,250.0,LTOE,L,11,0.208,0.088,2.121,1.71,31.87,0.355,0.356,70.88106727600098,39.03682804107666,79.27816390991211,58.0,accepted,OK,DIRECTLY_COMPARABLE,DIRECTLY_COMPARABLE,REQUIRES_NORMALIZATION,REQUIRES_NORMALIZATION,REQUIRES_NORMALIZATION,COMPARABLE_WITH_CAVEAT,REQUIRES_NORMALIZATION,COMPARABLE_WITH_CAVEAT,COMPARABLE_WITH_CAVEAT,COMPARABLE_WITH_CAVEAT,COMPARABLE_WITH_CAVEAT,1.0,1.8.0,1.0,cohort_expansion_gp,1.0
B0402,B0402|S02|E01|T01|001,S02,E01,T01,1,250.0,LTOE,L,2,0.268,0.152,0.083,0.062,0.73,0.016,0.016,74.7018051147461,35.62089490890503,56.53218460083008,13.2,accepted,OK,DIRECTLY_COMPARABLE,DIRECTLY_COMPARABLE,REQUIRES_NORMALIZATION,REQUIRES_NORMALIZATION,REQUIRES_NORMALIZATION,COMPARABLE_WITH_CAVEAT,REQUIRES_NORMALIZATION,COMPARABLE_WITH_CAVEAT,COMPARABLE_WITH_CAVEAT,COMPARABLE_WITH_CAVEAT,COMPARABLE_WITH_CAVEAT,1.0,1.8.0,1.0,cohort_expansion_gp,1.0
B0402,B0402|S02|E01|T01|002,S02,E01,T01,2,250.0,LTOE,L,3,0.904,0.416,0.085,0.056,0.62,0.009,0.05,76.81216239929199,30.84085583686829,71.10590744018555,13.2,accepted,OK,DIRECTLY_COMPARABLE,DIRECTLY_COMPARABLE,REQUIRES_NORMALIZATION,REQUIRES_NORMALIZATION,REQUIRES_NORMALIZATION,COMPARABLE_WITH_CAVEAT,REQUIRES_NORMALIZATION,COMPARABLE_WITH_CAVEAT,COMPARABLE_WITH_CAVEAT,COMPARABLE_WITH_CAVEAT,COMPARABLE_WITH_CAVEAT,1.0,1.8.0,1.0,cohort_expansion_gp,1.0
B0402,B0402|S02|E01|T01|003,S02,E01,T01,3,250.0,LTOE,L,4,0.632,0.52,0.101,0.045,0.92,0.018,0.028,81.8506088256836,35.18710136413574,69.54106521606445,13.2,accepted,OK,DIRECTLY_COMPARABLE,DIRECTLY_COMPARABLE,REQUIRES_NORMALIZATION,REQUIRES_NORMALIZATION,REQUIRES_NORMALIZATION,COMPARABLE_WITH_CAVEAT,REQUIRES_NORMALIZATION,COMPARABLE_WITH_CAVEAT,COMPARABLE_WITH_CAVEAT,COMPARABLE_WITH_CAVEAT,COMPARABLE_WITH_CAVEAT,1.0,1.8.0,1.0,cohort_expansion_gp,1.0
B0402,B0402|S02|E01|T01|004,S02,E01,T01,4,250.0,LTOE,L,5,0.516,0.344,0.124,0.071,0.87,0.023,0.037,62.591474533081055,32.4306675195694,65.98015594482422,13.2,accepted,OK,DIRECTLY_COMPARABLE,DIRECTLY_COMPARABLE,REQUIRES_NORMALIZATION,REQUIRES_NORMALIZATION,REQUIRES_NORMALIZATION,COMPARABLE_WITH_CAVEAT,REQUIRES_NORMALIZATION,COMPARABLE_WITH_CAVEAT,COMPARABLE_WITH_CAVEAT,COMPARABLE_WITH_CAVEAT,COMPARABLE_WITH_CAVEAT,1.0,1.8.0,1.0,cohort_expansion_gp,1.0
B0402,B0402|S03|E01|T01|001,S03,E01,T01,1,250.0,RTOE,R,0,0.768,0.256,9.334,4.769,189.63,0.174,3.661,91.17157936096191,152.20836734771729,75.1572151184082,405.2,accepted,OK,DIRECTLY_COMPARABLE,DIRECTLY_COMPARABLE,REQUIRES_NORMALIZATION,REQUIRES_NORMALIZATION,REQUIRES_NORMALIZATION,COMPARABLE_WITH_CAVEAT,REQUIRES_NORMALIZATION,COMPARABLE_WITH_CAVEAT,COMPARABLE_WITH_CAVEAT,COMPARABLE_WITH_CAVEAT,COMPARABLE_WITH_CAVEAT,1.0,1.8.0,1.0,cohort_expansion_gp,1.0
B0402,B0402|S03|E01|T01|002,S03,E01,T01,2,250.0,RTOE,R,1,0.836,0.312,8.46,4.655,165.3,0.126,3.889,107.75825881958008,145.12194728851318,70.75956916809082,405.2,accepted,OK,DIRECTLY_COMPARABLE,DIRECTLY_COMPARABLE,REQUIRES_NORMALIZATION,REQUIRES_NORMALIZATION,REQUIRES_NORMALIZATION,COMPARABLE_WITH_CAVEAT,REQUIRES_NORMALIZATION,COMPARABLE_WITH_CAVEAT,COMPARABLE_WITH_CAVEAT,COMPARABLE_WITH_CAVEAT,COMPARABLE_WITH_CAVEAT,1.0,1.8.0,1.0,cohort_expansion_gp,1.0
B0402,B0402|S03|E01|T01|003,S03,E01,T01,3,250.0,RTOE,R,2,0.812,0.3,9.01,4.729,172.08,0.162,3.838,107.19589233398438,139.04076957702637,64.52681541442871,405.2,accepted,OK,DIRECTLY_COMPARABLE,DIRECTLY_COMPARABLE,REQUIRES_NORMALIZATION,REQUIRES_NORMALIZATION,REQUIRES_NORMALIZATION,COMPARABLE_WITH_CAVEAT,REQUIRES_NORMALIZATION,COMPARABLE_WITH_CAVEAT,COMPARABLE_WITH_CAVEAT,COMPARABLE_WITH_CAVEAT,COMPARABLE_WITH_CAVEAT,1.0,1.8.0,1.0,cohort_expansion_gp,1.0
B0402,B0402|S04|E01|T01|001,S04,E01,T01,1,250.0,RTOE,R,0,0.808,0.28,9.588,5.155,184.0,0.147,4.163,120.37116241455078,128.88337326049805,62.93610382080078,360.1,accepted,OK,DIRECTLY_COMPARABLE,DIRECTLY_COMPARABLE,REQUIRES_NORMALIZATION,REQUIRES_NORMALIZATION,REQUIRES_NORMALIZATION,COMPARABLE_WITH_CAVEAT,REQUIRES_NORMALIZATION,COMPARABLE_WITH_CAVEAT,COMPARABLE_WITH_CAVEAT,COMPARABLE_WITH_CAVEAT,COMPARABLE_WITH_CAVEAT,1.0,1.8.0,1.0,cohort_expansion_gp,1.0
B0402,B0402|S04|E01|T01|002,S04,E01,T01,2,250.0,RTOE,R,1,0.844,0.308,10.19,5.049,202.91,0.158,4.259,137.7197151184082,149.62823295593262,62.37675094604492,360.1,accepted,OK,DIRECTLY_COMPARABLE,DIRECTLY_COMPARABLE,REQUIRES_NORMALIZATION,REQUIRES_NORMALIZATION,REQUIRES_NORMALIZATION,COMPARABLE_WITH_CAVEAT,REQUIRES_NORMALIZATION,COMPARABLE_WITH_CAVEAT,COMPARABLE_WITH_CAVEAT,COMPARABLE_WITH_CAVEAT,COMPARABLE_WITH_CAVEAT,1.0,1.8.0,1.0,cohort_expansion_gp,1.0
B0402,B0402|S04|E01|T01|003,S04,E01,T01,3,250.0,RTOE,R,2,0.84,0.296,9.689,4.891,194.54,0.272,4.106,130.52626037597656,142.2935905456543,63.54440307617188,360.1,accepted,OK,DIRECTLY_COMPARABLE,DIRECTLY_COMPARABLE,REQUIRES_NORMALIZATION,REQUIRES_NORMALIZATION,REQUIRES_NORMALIZATION,COMPARABLE_WITH_CAVEAT,REQUIRES_NORMALIZATION,COMPARABLE_WITH_CAVEAT,COMPARABLE_WITH_CAVEAT,COMPARABLE_WITH_CAVEAT,COMPARABLE_WITH_CAVEAT,1.0,1.8.0,1.0,cohort_expansion_gp,1.0
B0402,B0402|S05|E01|T01|001,S05,E01,T01,1,250.0,RTOE,R,0,0.792,0.532,7.816,5.748,54.02,0.293,4.551,112.19595718383788,103.9493808746338,50.58513069152832,2090.0,accepted,OK,DIRECTLY_COMPARABLE,DIRECTLY_COMPARABLE,REQUIRES_NORMALIZATION,REQUIRES_NORMALIZATION,REQUIRES_NORMALIZATION,COMPARABLE_WITH_CAVEAT,REQUIRES_NORMALIZATION,COMPARABLE_WITH_CAVEAT,COMPARABLE_WITH_CAVEAT,COMPARABLE_WITH_CAVEAT,COMPARABLE_WITH_CAVEAT,1.0,1.8.0,1.0,cohort_expansion_gp,1.0
B0402,B0402|S05|E01|T01|002,S05,E01,T01,2,250.0,RTOE,R,1,0.924,0.492,9.173,4.896,75.96,0.298,4.521,136.31281661987305,93.09465026855467,47.27241516113281,2090.0,accepted,OK,DIRECTLY_COMPARABLE,DIRECTLY_COMPARABLE,REQUIRES_NORMALIZATION,REQUIRES_NORMALIZATION,REQUIRES_NORMALIZATION,COMPARABLE_WITH_CAVEAT,REQUIRES_NORMALIZATION,COMPARABLE_WITH_CAVEAT,COMPARABLE_WITH_CAVEAT,COMPARABLE_WITH_CAVEAT,COMPARABLE_WITH_CAVEAT,1.0,1.8.0,1.0,cohort_expansion_gp,1.0
B0402,B0402|S05|E01|T01|003,S05,E01,T01,3,250.0,RTOE,R,3,0.66,0.496,8.299,6.147,65.09,0.716,4.056,126.90702438354492,93.76867485046388,50.21252250671387,2090.0,accepted,OK,DIRECTLY_COMPARABLE,DIRECTLY_COMPARABLE,REQUIRES_NORMALIZATION,REQUIRES_NORMALIZATION,REQUIRES_NORMALIZATION,COMPARABLE_WITH_CAVEAT,REQUIRES_NORMALIZATION,COMPARABLE_WITH_CAVEAT,COMPARABLE_WITH_CAVEAT,COMPARABLE_WITH_CAVEAT,COMPARABLE_WITH_CAVEAT,1.0,1.8.0,1.0,cohort_expansion_gp,1.0
B0403,B0403|S02|E01|T01|001,S02,E01,T01,1,250.0,RTOE,R,0,0.9,0.284,6.577,4.092,115.72,0.391,3.683,114.84825134277344,159.75428581237793,54.93348693847656,77.1,accepted,OK,DIRECTLY_COMPARABLE,DIRECTLY_COMPARABLE,REQUIRES_NORMALIZATION,REQUIRES_NORMALIZATION,REQUIRES_NORMALIZATION,COMPARABLE_WITH_CAVEAT,REQUIRES_NORMALIZATION,COMPARABLE_WITH_CAVEAT,COMPARABLE_WITH_CAVEAT,COMPARABLE_WITH_CAVEAT,COMPARABLE_WITH_CAVEAT,1.0,1.8.0,1.0,cohort_expansion_gp,1.0
B0403,B0403|S02|E01|T01|002,S02,E01,T01,2,250.0,RTOE,R,1,0.964,0.352,7.245,4.154,110.09,0.045,4.003,113.09183883666992,170.74313735961914,63.67716407775879,77.1,accepted,OK,DIRECTLY_COMPARABLE,DIRECTLY_COMPARABLE,REQUIRES_NORMALIZATION,REQUIRES_NORMALIZATION,REQUIRES_NORMALIZATION,COMPARABLE_WITH_CAVEAT,REQUIRES_NORMALIZATION,COMPARABLE_WITH_CAVEAT,COMPARABLE_WITH_CAVEAT,COMPARABLE_WITH_CAVEAT,COMPARABLE_WITH_CAVEAT,1.0,1.8.0,1.0,cohort_expansion_gp,1.0
B0403,B0403|S02|E01|T01|003,S02,E01,T01,3,250.0,RTOE,R,3,0.9,0.34,6.725,4.205,106.78,0.141,3.784,119.00359344482422,171.42125701904297,71.15317916870117,77.1,accepted,OK,DIRECTLY_COMPARABLE,DIRECTLY_COMPARABLE,REQUIRES_NORMALIZATION,REQUIRES_NORMALIZATION,REQUIRES_NORMALIZATION,COMPARABLE_WITH_CAVEAT,REQUIRES_NORMALIZATION,COMPARABLE_WITH_CAVEAT,COMPARABLE_WITH_CAVEAT,COMPARABLE_WITH_CAVEAT,COMPARABLE_WITH_CAVEAT,1.0,1.8.0,1.0,cohort_expansion_gp,1.0
B0403,B0403|S03|E01|T01|001,S03,E01,T01,1,250.0,RTOE,R,0,0.92,0.3,7.602,4.441,145.78,0.189,4.085,99.18839263916016,186.30101013183597,82.16823959350586,89.7,accepted,OK,DIRECTLY_COMPARABLE,DIRECTLY_COMPARABLE,REQUIRES_NORMALIZATION,REQUIRES_NORMALIZATION,REQUIRES_NORMALIZATION,COMPARABLE_WITH_CAVEAT,REQUIRES_NORMALIZATION,COMPARABLE_WITH_CAVEAT,COMPARABLE_WITH_CAVEAT,COMPARABLE_WITH_CAVEAT,COMPARABLE_WITH_CAVEAT,1.0,1.8.0,1.0,cohort_expansion_gp,1.0
B0403,B0403|S03|E01|T01|002,S03,E01,T01,2,250.0,RTOE,R,1,1.024,0.312,8.075,4.132,154.64,0.163,4.231,100.32601928710938,173.48743057250977,60.0402946472168,89.7,accepted,OK,DIRECTLY_COMPARABLE,DIRECTLY_COMPARABLE,REQUIRES_NORMALIZATION,REQUIRES_NORMALIZATION,REQUIRES_NORMALIZATION,COMPARABLE_WITH_CAVEAT,REQUIRES_NORMALIZATION,COMPARABLE_WITH_CAVEAT,COMPARABLE_WITH_CAVEAT,COMPARABLE_WITH_CAVEAT,COMPARABLE_WITH_CAVEAT,1.0,1.8.0,1.0,cohort_expansion_gp,1.0
B0403,B0403|S03|E01|T01|003,S03,E01,T01,3,250.0,RTOE,R,2,0.956,0.3,7.46,4.107,140.02,0.084,3.925,99.02241134643556,180.05215072631836,64.79839515686035,89.7,accepted,OK,DIRECTLY_COMPARABLE,DIRECTLY_COMPARABLE,REQUIRES_NORMALIZATION,REQUIRES_NORMALIZATION,REQUIRES_NORMALIZATION,COMPARABLE_WITH_CAVEAT,REQUIRES_NORMALIZATION,COMPARABLE_WITH_CAVEAT,COMPARABLE_WITH_CAVEAT,COMPARABLE_WITH_CAVEAT,COMPARABLE_WITH_CAVEAT,1.0,1.8.0,1.0,cohort_expansion_gp,1.0
B0403,B0403|S04|E01|T01|001,S04,E01,T01,1,250.0,LHEE,L,0,0.628,0.204,2.297,0.778,32.63,0.379,0.488,97.30476379394533,62.97066688537598,61.162723541259766,25.5,accepted,OK,DIRECTLY_COMPARABLE,DIRECTLY_COMPARABLE,REQUIRES_NORMALIZATION,REQUIRES_NORMALIZATION,REQUIRES_NORMALIZATION,COMPARABLE_WITH_CAVEAT,REQUIRES_NORMALIZATION,COMPARABLE_WITH_CAVEAT,COMPARABLE_WITH_CAVEAT,COMPARABLE_WITH_CAVEAT,COMPARABLE_WITH_CAVEAT,1.0,1.8.0,1.0,cohort_expansion_gp,1.0
B0403,B0403|S04|E01|T01|002,S04,E01,T01,2,250.0,LHEE,L,3,0.22,0.124,2.428,1.524,29.42,0.294,0.335,57.26612663269043,45.47192358970642,75.86481475830078,25.5,accepted,OK,DIRECTLY_COMPARABLE,DIRECTLY_COMPARABLE,REQUIRES_NORMALIZATION,REQUIRES_NORMALIZATION,REQUIRES_NORMALIZATION,COMPARABLE_WITH_CAVEAT,REQUIRES_NORMALIZATION,COMPARABLE_WITH_CAVEAT,COMPARABLE_WITH_CAVEAT,COMPARABLE_WITH_CAVEAT,COMPARABLE_WITH_CAVEAT,1.0,1.8.0,1.0,cohort_expansion_gp,1.0
B0403,B0403|S04|E01|T01|003,S04,E01,T01,3,250.0,LHEE,L,7,0.2,0.124,1.817,1.3,28.53,0.24,0.26,54.920780181884766,22.523781776428223,52.32345771789551,25.5,accepted,OK,DIRECTLY_COMPARABLE,DIRECTLY_COMPARABLE,REQUIRES_NORMALIZATION,REQUIRES_NORMALIZATION,REQUIRES_NORMALIZATION,COMPARABLE_WITH_CAVEAT,REQUIRES_NORMALIZATION,COMPARABLE_WITH_CAVEAT,COMPARABLE_WITH_CAVEAT,COMPARABLE_WITH_CAVEAT,COMPARABLE_WITH_CAVEAT,1.0,1.8.0,1.0,cohort_expansion_gp,1.0
B0403,B0403|S04|E01|T01|004,S04,E01,T01,4,250.0,LHEE,L,8,0.156,0.096,1.628,1.202,30.21,0.179,0.188,74.44540405273438,49.99099922180176,40.46121406555176,25.5,accepted,OK,DIRECTLY_COMPARABLE,DIRECTLY_COMPARABLE,REQUIRES_NORMALIZATION,REQUIRES_NORMALIZATION,REQUIRES_NORMALIZATION,COMPARABLE_WITH_CAVEAT,REQUIRES_NORMALIZATION,COMPARABLE_WITH_CAVEAT,COMPARABLE_WITH_CAVEAT,COMPARABLE_WITH_CAVEAT,COMPARABLE_WITH_CAVEAT,1.0,1.8.0,1.0,cohort_expansion_gp,1.0
B0403,B0403|S04|E01|T01|005,S04,E01,T01,5,250.0,LHEE,L,9,0.48,0.344,2.287,1.284,26.13,0.558,0.615,50.89804649353027,31.796424489468336,64.94144439697266,25.5,accepted,OK,DIRECTLY_COMPARABLE,DIRECTLY_COMPARABLE,REQUIRES_NORMALIZATION,REQUIRES_NORMALIZATION,REQUIRES_NORMALIZATION,COMPARABLE_WITH_CAVEAT,REQUIRES_NORMALIZATION,COMPARABLE_WITH_CAVEAT,COMPARABLE_WITH_CAVEAT,COMPARABLE_WITH_CAVEAT,COMPARABLE_WITH_CAVEAT,1.0,1.8.0,1.0,cohort_expansion_gp,1.0
B0403,B0403|S05|E01|T01|001,S05,E01,T01,1,250.0,LTOE,L,0,0.268,0.124,2.607,1.662,25.6,0.399,0.445,45.70392608642578,66.53039646148682,60.63325500488281,86.0,accepted,OK,DIRECTLY_COMPARABLE,DIRECTLY_COMPARABLE,REQUIRES_NORMALIZATION,REQUIRES_NORMALIZATION,REQUIRES_NORMALIZATION,COMPARABLE_WITH_CAVEAT,REQUIRES_NORMALIZATION,COMPARABLE_WITH_CAVEAT,COMPARABLE_WITH_CAVEAT,COMPARABLE_WITH_CAVEAT,COMPARABLE_WITH_CAVEAT,1.0,1.8.0,1.0,cohort_expansion_gp,1.0
B0403,B0403|S05|E01|T01|002,S05,E01,T01,2,250.0,LTOE,L,3,0.192,0.108,1.613,1.001,21.51,0.161,0.191,51.947922706604,60.4990234375,58.58883857727051,86.0,accepted,OK,DIRECTLY_COMPARABLE,DIRECTLY_COMPARABLE,REQUIRES_NORMALIZATION,REQUIRES_NORMALIZATION,REQUIRES_NORMALIZATION,COMPARABLE_WITH_CAVEAT,REQUIRES_NORMALIZATION,COMPARABLE_WITH_CAVEAT,COMPARABLE_WITH_CAVEAT,COMPARABLE_WITH_CAVEAT,COMPARABLE_WITH_CAVEAT,1.0,1.8.0,1.0,cohort_expansion_gp,1.0
B0403,B0403|S05|E01|T01|003,S05,E01,T01,3,250.0,LTOE,L,9,0.428,0.084,1.436,0.855,23.9,0.289,0.366,55.7636833190918,25.762371063232425,48.40678405761719,86.0,accepted,OK,DIRECTLY_COMPARABLE,DIRECTLY_COMPARABLE,REQUIRES_NORMALIZATION,REQUIRES_NORMALIZATION,REQUIRES_NORMALIZATION,COMPARABLE_WITH_CAVEAT,REQUIRES_NORMALIZATION,COMPARABLE_WITH_CAVEAT,COMPARABLE_WITH_CAVEAT,COMPARABLE_WITH_CAVEAT,COMPARABLE_WITH_CAVEAT,1.0,1.8.0,1.0,cohort_expansion_gp,1.0
B0404,B0404|S02|E01|T01|001,S02,E01,T01,1,250.0,RTOE,R,0,0.804,0.26,9.01,5.014,171.64,0.106,4.03,103.7726707458496,140.2455415725708,59.36607074737549,562.5,accepted,OK,DIRECTLY_COMPARABLE,DIRECTLY_COMPARABLE,REQUIRES_NORMALIZATION,REQUIRES_NORMALIZATION,REQUIRES_NORMALIZATION,COMPARABLE_WITH_CAVEAT,REQUIRES_NORMALIZATION,COMPARABLE_WITH_CAVEAT,COMPARABLE_WITH_CAVEAT,COMPARABLE_WITH_CAVEAT,COMPARABLE_WITH_CAVEAT,1.0,1.8.0,1.0,cohort_expansion_gp,1.0
B0404,B0404|S02|E01|T01|002,S02,E01,T01,2,250.0,RTOE,R,1,0.832,0.28,9.103,5.121,182.88,0.065,4.261,114.51029205322266,140.25603866577148,59.09958457946777,562.5,accepted,OK,DIRECTLY_COMPARABLE,DIRECTLY_COMPARABLE,REQUIRES_NORMALIZATION,REQUIRES_NORMALIZATION,REQUIRES_NORMALIZATION,COMPARABLE_WITH_CAVEAT,REQUIRES_NORMALIZATION,COMPARABLE_WITH_CAVEAT,COMPARABLE_WITH_CAVEAT,COMPARABLE_WITH_CAVEAT,COMPARABLE_WITH_CAVEAT,1.0,1.8.0,1.0,cohort_expansion_gp,1.0
B0404,B0404|S02|E01|T01|003,S02,E01,T01,3,250.0,RTOE,R,2,0.804,0.284,9.413,5.255,191.95,0.028,4.225,102.51043701171876,141.20319938659668,61.87592792510986,562.5,accepted,OK,DIRECTLY_COMPARABLE,DIRECTLY_COMPARABLE,REQUIRES_NORMALIZATION,REQUIRES_NORMALIZATION,REQUIRES_NORMALIZATION,COMPARABLE_WITH_CAVEAT,REQUIRES_NORMALIZATION,COMPARABLE_WITH_CAVEAT,COMPARABLE_WITH_CAVEAT,COMPARABLE_WITH_CAVEAT,COMPARABLE_WITH_CAVEAT,1.0,1.8.0,1.0,cohort_expansion_gp,1.0
B0404,B0404|S03|E01|T01|001,S03,E01,T01,1,250.0,RTOE,R,0,0.844,0.264,9.473,4.813,177.73,0.069,4.061,92.52063751220705,157.5125789642334,64.72939586639404,606.8,accepted,OK,DIRECTLY_COMPARABLE,DIRECTLY_COMPARABLE,REQUIRES_NORMALIZATION,REQUIRES_NORMALIZATION,REQUIRES_NORMALIZATION,COMPARABLE_WITH_CAVEAT,REQUIRES_NORMALIZATION,COMPARABLE_WITH_CAVEAT,COMPARABLE_WITH_CAVEAT,COMPARABLE_WITH_CAVEAT,COMPARABLE_WITH_CAVEAT,1.0,1.8.0,1.0,cohort_expansion_gp,1.0
B0404,B0404|S03|E01|T01|002,S03,E01,T01,2,250.0,RTOE,R,1,0.924,0.28,9.412,4.702,176.49,0.026,4.344,97.6935920715332,146.0188694000244,59.75862503051758,606.8,accepted,OK,DIRECTLY_COMPARABLE,DIRECTLY_COMPARABLE,REQUIRES_NORMALIZATION,REQUIRES_NORMALIZATION,REQUIRES_NORMALIZATION,COMPARABLE_WITH_CAVEAT,REQUIRES_NORMALIZATION,COMPARABLE_WITH_CAVEAT,COMPARABLE_WITH_CAVEAT,COMPARABLE_WITH_CAVEAT,COMPARABLE_WITH_CAVEAT,1.0,1.8.0,1.0,cohort_expansion_gp,1.0
B0404,B0404|S03|E01|T01|003,S03,E01,T01,3,250.0,RTOE,R,2,0.912,0.296,9.499,4.698,178.12,0.219,4.283,90.7847671508789,144.42985916137695,64.7809419631958,606.8,accepted,OK,DIRECTLY_COMPARABLE,DIRECTLY_COMPARABLE,REQUIRES_NORMALIZATION,REQUIRES_NORMALIZATION,REQUIRES_NORMALIZATION,COMPARABLE_WITH_CAVEAT,REQUIRES_NORMALIZATION,COMPARABLE_WITH_CAVEAT,COMPARABLE_WITH_CAVEAT,COMPARABLE_WITH_CAVEAT,COMPARABLE_WITH_CAVEAT,1.0,1.8.0,1.0,cohort_expansion_gp,1.0
B0404,B0404|S04|E01|T01|001,S04,E01,T01,1,250.0,RTOE,R,1,1.02,0.28,8.751,4.696,177.1,0.095,4.79,117.12749481201172,135.89509296417236,56.2021713256836,305.7,accepted,OK,DIRECTLY_COMPARABLE,DIRECTLY_COMPARABLE,REQUIRES_NORMALIZATION,REQUIRES_NORMALIZATION,REQUIRES_NORMALIZATION,COMPARABLE_WITH_CAVEAT,REQUIRES_NORMALIZATION,COMPARABLE_WITH_CAVEAT,COMPARABLE_WITH_CAVEAT,COMPARABLE_WITH_CAVEAT,COMPARABLE_WITH_CAVEAT,1.0,1.8.0,1.0,cohort_expansion_gp,1.0
B0404,B0404|S04|E01|T01|002,S04,E01,T01,2,250.0,RTOE,R,2,1.084,0.304,9.223,4.523,167.27,0.086,4.902,113.83468627929688,138.21651077270508,60.10403537750244,305.7,accepted,OK,DIRECTLY_COMPARABLE,DIRECTLY_COMPARABLE,REQUIRES_NORMALIZATION,REQUIRES_NORMALIZATION,REQUIRES_NORMALIZATION,COMPARABLE_WITH_CAVEAT,REQUIRES_NORMALIZATION,COMPARABLE_WITH_CAVEAT,COMPARABLE_WITH_CAVEAT,COMPARABLE_WITH_CAVEAT,COMPARABLE_WITH_CAVEAT,1.0,1.8.0,1.0,cohort_expansion_gp,1.0
B0404,B0404|S04|E01|T01|003,S04,E01,T01,3,250.0,RTOE,R,3,1.104,0.316,8.979,4.435,167.64,0.115,4.895,115.2986183166504,134.34903144836426,61.781086921691895,305.7,accepted,OK,DIRECTLY_COMPARABLE,DIRECTLY_COMPARABLE,REQUIRES_NORMALIZATION,REQUIRES_NORMALIZATION,REQUIRES_NORMALIZATION,COMPARABLE_WITH_CAVEAT,REQUIRES_NORMALIZATION,COMPARABLE_WITH_CAVEAT,COMPARABLE_WITH_CAVEAT,COMPARABLE_WITH_CAVEAT,COMPARABLE_WITH_CAVEAT,1.0,1.8.0,1.0,cohort_expansion_gp,1.0
B0404,B0404|S05|E01|T01|001,S05,E01,T01,1,250.0,RTOE,R,1,0.896,0.552,8.198,5.559,53.67,0.873,4.98,110.72153091430664,120.92868614196776,67.42930030822754,1828.3,accepted,OK,DIRECTLY_COMPARABLE,DIRECTLY_COMPARABLE,REQUIRES_NORMALIZATION,REQUIRES_NORMALIZATION,REQUIRES_NORMALIZATION,COMPARABLE_WITH_CAVEAT,REQUIRES_NORMALIZATION,COMPARABLE_WITH_CAVEAT,COMPARABLE_WITH_CAVEAT,COMPARABLE_WITH_CAVEAT,COMPARABLE_WITH_CAVEAT,1.0,1.8.0,1.0,cohort_expansion_gp,1.0
B0404,B0404|S05|E01|T01|002,S05,E01,T01,2,250.0,RTOE,R,3,1.344,0.552,8.383,4.128,60.4,0.376,5.547,112.42582321166992,112.13228416442873,69.53334045410156,1828.3,accepted,OK,DIRECTLY_COMPARABLE,DIRECTLY_COMPARABLE,REQUIRES_NORMALIZATION,REQUIRES_NORMALIZATION,REQUIRES_NORMALIZATION,COMPARABLE_WITH_CAVEAT,REQUIRES_NORMALIZATION,COMPARABLE_WITH_CAVEAT,COMPARABLE_WITH_CAVEAT,COMPARABLE_WITH_CAVEAT,COMPARABLE_WITH_CAVEAT,1.0,1.8.0,1.0,cohort_expansion_gp,1.0
B0404,B0404|S05|E01|T01|003,S05,E01,T01,3,250.0,RTOE,R,6,0.88,0.532,8.516,5.875,54.13,0.701,5.17,116.74651336669922,120.10817337036131,64.7191104888916,1828.3,accepted,OK,DIRECTLY_COMPARABLE,DIRECTLY_COMPARABLE,REQUIRES_NORMALIZATION,REQUIRES_NORMALIZATION,REQUIRES_NORMALIZATION,COMPARABLE_WITH_CAVEAT,REQUIRES_NORMALIZATION,COMPARABLE_WITH_CAVEAT,COMPARABLE_WITH_CAVEAT,COMPARABLE_WITH_CAVEAT,COMPARABLE_WITH_CAVEAT,1.0,1.8.0,1.0,cohort_expansion_gp,1.0
B0405,B0405|S02|E01|T01|001,S02,E01,T01,1,250.0,RTOE,R,0,0.82,0.304,9.995,5.355,216.33,0.349,4.392,109.7658233642578,146.42829132080078,61.73007106781006,652.9,accepted,OK,DIRECTLY_COMPARABLE,DIRECTLY_COMPARABLE,REQUIRES_NORMALIZATION,REQUIRES_NORMALIZATION,REQUIRES_NORMALIZATION,COMPARABLE_WITH_CAVEAT,REQUIRES_NORMALIZATION,COMPARABLE_WITH_CAVEAT,COMPARABLE_WITH_CAVEAT,COMPARABLE_WITH_CAVEAT,COMPARABLE_WITH_CAVEAT,1.0,1.8.0,1.0,cohort_expansion_gp,1.0
B0405,B0405|S02|E01|T01|002,S02,E01,T01,2,250.0,RTOE,R,1,0.788,0.304,9.817,5.449,218.23,0.005,4.295,111.09926986694336,157.73524284362793,68.37583923339844,652.9,accepted,OK,DIRECTLY_COMPARABLE,DIRECTLY_COMPARABLE,REQUIRES_NORMALIZATION,REQUIRES_NORMALIZATION,REQUIRES_NORMALIZATION,COMPARABLE_WITH_CAVEAT,REQUIRES_NORMALIZATION,COMPARABLE_WITH_CAVEAT,COMPARABLE_WITH_CAVEAT,COMPARABLE_WITH_CAVEAT,COMPARABLE_WITH_CAVEAT,1.0,1.8.0,1.0,cohort_expansion_gp,1.0
B0405,B0405|S02|E01|T01|003,S02,E01,T01,3,250.0,RTOE,R,2,0.808,0.288,10.094,5.172,222.59,0.063,4.18,114.30226516723631,152.15287590026855,67.91342735290527,652.9,accepted,OK,DIRECTLY_COMPARABLE,DIRECTLY_COMPARABLE,REQUIRES_NORMALIZATION,REQUIRES_NORMALIZATION,REQUIRES_NORMALIZATION,COMPARABLE_WITH_CAVEAT,REQUIRES_NORMALIZATION,COMPARABLE_WITH_CAVEAT,COMPARABLE_WITH_CAVEAT,COMPARABLE_WITH_CAVEAT,COMPARABLE_WITH_CAVEAT,1.0,1.8.0,1.0,cohort_expansion_gp,1.0
B0405,B0405|S03|E01|T01|001,S03,E01,T01,1,250.0,RTOE,R,0,0.924,0.32,9.823,4.277,216.03,0.035,3.952,104.18356704711914,157.20142555236816,66.39676475524902,4553.1,accepted,OK,DIRECTLY_COMPARABLE,DIRECTLY_COMPARABLE,REQUIRES_NORMALIZATION,REQUIRES_NORMALIZATION,REQUIRES_NORMALIZATION,COMPARABLE_WITH_CAVEAT,REQUIRES_NORMALIZATION,COMPARABLE_WITH_CAVEAT,COMPARABLE_WITH_CAVEAT,COMPARABLE_WITH_CAVEAT,COMPARABLE_WITH_CAVEAT,1.0,1.8.0,1.0,cohort_expansion_gp,1.0
B0405,B0405|S03|E01|T01|002,S03,E01,T01,2,250.0,RTOE,R,1,0.892,0.328,9.48,4.393,189.62,0.175,3.918,96.30561065673828,152.50901412963867,61.66718769073486,4553.1,accepted,OK,DIRECTLY_COMPARABLE,DIRECTLY_COMPARABLE,REQUIRES_NORMALIZATION,REQUIRES_NORMALIZATION,REQUIRES_NORMALIZATION,COMPARABLE_WITH_CAVEAT,REQUIRES_NORMALIZATION,COMPARABLE_WITH_CAVEAT,COMPARABLE_WITH_CAVEAT,COMPARABLE_WITH_CAVEAT,COMPARABLE_WITH_CAVEAT,1.0,1.8.0,1.0,cohort_expansion_gp,1.0
B0405,B0405|S03|E01|T01|003,S03,E01,T01,3,250.0,RTOE,R,2,0.96,0.328,9.472,4.143,209.39,0.127,3.976,100.57790756225586,154.78263664245603,65.79666709899902,4553.1,accepted,OK,DIRECTLY_COMPARABLE,DIRECTLY_COMPARABLE,REQUIRES_NORMALIZATION,REQUIRES_NORMALIZATION,REQUIRES_NORMALIZATION,COMPARABLE_WITH_CAVEAT,REQUIRES_NORMALIZATION,COMPARABLE_WITH_CAVEAT,COMPARABLE_WITH_CAVEAT,COMPARABLE_WITH_CAVEAT,COMPARABLE_WITH_CAVEAT,1.0,1.8.0,1.0,cohort_expansion_gp,1.0
B0405,B0405|S04|E01|T01|001,S04,E01,T01,1,250.0,RTOE,R,0,0.764,0.344,9.125,4.829,178.89,0.973,3.689,126.54019546508788,153.81152534484863,64.4827995300293,3742.2,accepted,OK,DIRECTLY_COMPARABLE,DIRECTLY_COMPARABLE,REQUIRES_NORMALIZATION,REQUIRES_NORMALIZATION,REQUIRES_NORMALIZATION,COMPARABLE_WITH_CAVEAT,REQUIRES_NORMALIZATION,COMPARABLE_WITH_CAVEAT,COMPARABLE_WITH_CAVEAT,COMPARABLE_WITH_CAVEAT,COMPARABLE_WITH_CAVEAT,1.0,1.8.0,1.0,cohort_expansion_gp,1.0
B0405,B0405|S04|E01|T01|002,S04,E01,T01,2,250.0,RTOE,R,3,0.964,0.336,9.654,4.896,217.35,0.247,4.72,129.35803985595703,147.32662773132324,66.57281017303467,3742.2,accepted,OK,DIRECTLY_COMPARABLE,DIRECTLY_COMPARABLE,REQUIRES_NORMALIZATION,REQUIRES_NORMALIZATION,REQUIRES_NORMALIZATION,COMPARABLE_WITH_CAVEAT,REQUIRES_NORMALIZATION,COMPARABLE_WITH_CAVEAT,COMPARABLE_WITH_CAVEAT,COMPARABLE_WITH_CAVEAT,COMPARABLE_WITH_CAVEAT,1.0,1.8.0,1.0,cohort_expansion_gp,1.0
B0405,B0405|S04|E01|T01|003,S04,E01,T01,3,250.0,RTOE,R,4,1.308,0.372,8.714,3.737,163.25,0.09,4.887,128.8558235168457,157.69057655334473,64.84274005889893,3742.2,accepted,OK,DIRECTLY_COMPARABLE,DIRECTLY_COMPARABLE,REQUIRES_NORMALIZATION,REQUIRES_NORMALIZATION,REQUIRES_NORMALIZATION,COMPARABLE_WITH_CAVEAT,REQUIRES_NORMALIZATION,COMPARABLE_WITH_CAVEAT,COMPARABLE_WITH_CAVEAT,COMPARABLE_WITH_CAVEAT,COMPARABLE_WITH_CAVEAT,1.0,1.8.0,1.0,cohort_expansion_gp,1.0
B0405,B0405|S05|E01|T01|001,S05,E01,T01,1,250.0,RTOE,R,0,0.888,0.2,8.877,5.996,58.19,0.197,5.325,138.0388641357422,74.02632522583008,74.18701934814453,4210.6,accepted,OK,DIRECTLY_COMPARABLE,DIRECTLY_COMPARABLE,REQUIRES_NORMALIZATION,REQUIRES_NORMALIZATION,REQUIRES_NORMALIZATION,COMPARABLE_WITH_CAVEAT,REQUIRES_NORMALIZATION,COMPARABLE_WITH_CAVEAT,COMPARABLE_WITH_CAVEAT,COMPARABLE_WITH_CAVEAT,COMPARABLE_WITH_CAVEAT,1.0,1.8.0,1.0,cohort_expansion_gp,1.0
B0405,B0405|S05|E01|T01|002,S05,E01,T01,2,250.0,RTOE,R,1,0.94,0.204,8.363,5.677,50.47,0.266,5.335,142.86101531982422,99.21479988098145,59.34245681762695,4210.6,accepted,OK,DIRECTLY_COMPARABLE,DIRECTLY_COMPARABLE,REQUIRES_NORMALIZATION,REQUIRES_NORMALIZATION,REQUIRES_NORMALIZATION,COMPARABLE_WITH_CAVEAT,REQUIRES_NORMALIZATION,COMPARABLE_WITH_CAVEAT,COMPARABLE_WITH_CAVEAT,COMPARABLE_WITH_CAVEAT,COMPARABLE_WITH_CAVEAT,1.0,1.8.0,1.0,cohort_expansion_gp,1.0
B0405,B0405|S05|E01|T01|003,S05,E01,T01,3,250.0,RTOE,R,2,0.968,0.668,8.36,5.479,43.24,0.087,5.303,143.2777557373047,97.11766624450684,79.06545829772949,4210.6,accepted,OK,DIRECTLY_COMPARABLE,DIRECTLY_COMPARABLE,REQUIRES_NORMALIZATION,REQUIRES_NORMALIZATION,REQUIRES_NORMALIZATION,COMPARABLE_WITH_CAVEAT,REQUIRES_NORMALIZATION,COMPARABLE_WITH_CAVEAT,COMPARABLE_WITH_CAVEAT,COMPARABLE_WITH_CAVEAT,COMPARABLE_WITH_CAVEAT,1.0,1.8.0,1.0,cohort_expansion_gp,1.0
B0400,B0400|S02|E01|T01|001,S02,E01,T01,1,250.0,RTOE,R,0,0.848,0.288,7.843,4.357,131.81,0.103,3.693,107.68517971038818,146.02173948287964,44.13492774963379,850.2,accepted,OK,DIRECTLY_COMPARABLE,DIRECTLY_COMPARABLE,REQUIRES_NORMALIZATION,REQUIRES_NORMALIZATION,REQUIRES_NORMALIZATION,COMPARABLE_WITH_CAVEAT,REQUIRES_NORMALIZATION,COMPARABLE_WITH_CAVEAT,COMPARABLE_WITH_CAVEAT,COMPARABLE_WITH_CAVEAT,COMPARABLE_WITH_CAVEAT,1.0,1.8.0,1.0,task3_golden_path,1.0
B0400,B0400|S02|E01|T01|002,S02,E01,T01,2,250.0,RTOE,R,2,0.912,0.328,8.218,4.349,144.13,0.063,3.965,115.45258045196532,153.6268129348755,47.01229763031006,850.2,accepted,OK,DIRECTLY_COMPARABLE,DIRECTLY_COMPARABLE,REQUIRES_NORMALIZATION,REQUIRES_NORMALIZATION,REQUIRES_NORMALIZATION,COMPARABLE_WITH_CAVEAT,REQUIRES_NORMALIZATION,COMPARABLE_WITH_CAVEAT,COMPARABLE_WITH_CAVEAT,COMPARABLE_WITH_CAVEAT,COMPARABLE_WITH_CAVEAT,1.0,1.8.0,1.0,task3_golden_path,1.0
B0400,B0400|S02|E01|T01|003,S02,E01,T01,3,250.0,RTOE,R,3,0.932,0.352,8.176,4.333,142.8,0.093,4.037,116.4668426513672,155.70390224456787,46.26849555969238,850.2,accepted,OK,DIRECTLY_COMPARABLE,DIRECTLY_COMPARABLE,REQUIRES_NORMALIZATION,REQUIRES_NORMALIZATION,REQUIRES_NORMALIZATION,COMPARABLE_WITH_CAVEAT,REQUIRES_NORMALIZATION,COMPARABLE_WITH_CAVEAT,COMPARABLE_WITH_CAVEAT,COMPARABLE_WITH_CAVEAT,COMPARABLE_WITH_CAVEAT,1.0,1.8.0,1.0,task3_golden_path,1.0
B0400,B0400|S03|E01|T01|001,S03,E01,T01,1,250.0,RTOE,R,0,0.944,0.324,7.257,3.888,119.4,0.163,3.669,96.39182090759276,152.33249950408936,53.417707443237305,575.0,accepted,OK,DIRECTLY_COMPARABLE,DIRECTLY_COMPARABLE,REQUIRES_NORMALIZATION,REQUIRES_NORMALIZATION,REQUIRES_NORMALIZATION,COMPARABLE_WITH_CAVEAT,REQUIRES_NORMALIZATION,COMPARABLE_WITH_CAVEAT,COMPARABLE_WITH_CAVEAT,COMPARABLE_WITH_CAVEAT,COMPARABLE_WITH_CAVEAT,1.0,1.8.0,1.0,task3_golden_path,1.0
B0400,B0400|S03|E01|T01|002,S03,E01,T01,2,250.0,RTOE,R,2,0.948,0.34,8.017,4.008,149.28,0.05,3.798,90.71187210083008,158.27253341674805,53.45271968841553,575.0,accepted,OK,DIRECTLY_COMPARABLE,DIRECTLY_COMPARABLE,REQUIRES_NORMALIZATION,REQUIRES_NORMALIZATION,REQUIRES_NORMALIZATION,COMPARABLE_WITH_CAVEAT,REQUIRES_NORMALIZATION,COMPARABLE_WITH_CAVEAT,COMPARABLE_WITH_CAVEAT,COMPARABLE_WITH_CAVEAT,COMPARABLE_WITH_CAVEAT,1.0,1.8.0,1.0,task3_golden_path,1.0
B0400,B0400|S03|E01|T01|003,S03,E01,T01,3,250.0,RTOE,R,3,0.968,0.344,8.218,3.937,144.91,0.063,3.81,76.77178764343262,163.34587287902832,51.47070693969727,575.0,accepted,OK,DIRECTLY_COMPARABLE,DIRECTLY_COMPARABLE,REQUIRES_NORMALIZATION,REQUIRES_NORMALIZATION,REQUIRES_NORMALIZATION,COMPARABLE_WITH_CAVEAT,REQUIRES_NORMALIZATION,COMPARABLE_WITH_CAVEAT,COMPARABLE_WITH_CAVEAT,COMPARABLE_WITH_CAVEAT,COMPARABLE_WITH_CAVEAT,1.0,1.8.0,1.0,task3_golden_path,1.0
B0400,B0400|S04|E01|T01|001,S04,E01,T01,1,250.0,RTOE,R,0,0.784,0.248,8.941,4.942,136.79,0.167,3.873,129.79479217529297,144.4748935699463,44.47067260742188,124.7,accepted,OK,DIRECTLY_COMPARABLE,DIRECTLY_COMPARABLE,REQUIRES_NORMALIZATION,REQUIRES_NORMALIZATION,REQUIRES_NORMALIZATION,COMPARABLE_WITH_CAVEAT,REQUIRES_NORMALIZATION,COMPARABLE_WITH_CAVEAT,COMPARABLE_WITH_CAVEAT,COMPARABLE_WITH_CAVEAT,COMPARABLE_WITH_CAVEAT,1.0,1.8.0,1.0,task3_golden_path,1.0
B0400,B0400|S04|E01|T01|002,S04,E01,T01,2,250.0,RTOE,R,2,0.828,0.28,8.85,4.774,143.43,0.109,3.952,122.23972702026369,152.1002655029297,45.49140930175781,124.7,accepted,OK,DIRECTLY_COMPARABLE,DIRECTLY_COMPARABLE,REQUIRES_NORMALIZATION,REQUIRES_NORMALIZATION,REQUIRES_NORMALIZATION,COMPARABLE_WITH_CAVEAT,REQUIRES_NORMALIZATION,COMPARABLE_WITH_CAVEAT,COMPARABLE_WITH_CAVEAT,COMPARABLE_WITH_CAVEAT,COMPARABLE_WITH_CAVEAT,1.0,1.8.0,1.0,task3_golden_path,1.0
B0400,B0400|S04|E01|T01|003,S04,E01,T01,3,250.0,RTOE,R,4,0.892,0.284,9.457,4.648,152.94,0.048,4.145,125.82616424560548,151.9523811340332,49.790228843688965,124.7,accepted,OK,DIRECTLY_COMPARABLE,DIRECTLY_COMPARABLE,REQUIRES_NORMALIZATION,REQUIRES_NORMALIZATION,REQUIRES_NORMALIZATION,COMPARABLE_WITH_CAVEAT,REQUIRES_NORMALIZATION,COMPARABLE_WITH_CAVEAT,COMPARABLE_WITH_CAVEAT,COMPARABLE_WITH_CAVEAT,COMPARABLE_WITH_CAVEAT,1.0,1.8.0,1.0,task3_golden_path,1.0
B0400,B0400|S05|E01|T01|001,S05,E01,T01,1,250.0,RTOE,R,2,0.976,0.72,6.407,4.22,35.3,0.533,4.117,91.20256805419922,47.38889503479004,70.65789604187012,1726.8,accepted,OK,DIRECTLY_COMPARABLE,DIRECTLY_COMPARABLE,REQUIRES_NORMALIZATION,REQUIRES_NORMALIZATION,REQUIRES_NORMALIZATION,COMPARABLE_WITH_CAVEAT,REQUIRES_NORMALIZATION,COMPARABLE_WITH_CAVEAT,COMPARABLE_WITH_CAVEAT,COMPARABLE_WITH_CAVEAT,COMPARABLE_WITH_CAVEAT,1.0,1.8.0,1.0,task3_golden_path,1.0
B0400,B0400|S05|E01|T01|002,S05,E01,T01,2,250.0,RTOE,R,4,1.088,0.82,5.183,3.89,34.82,0.321,4.231,65.30750274658203,46.16171169281006,80.9089469909668,1726.8,accepted,OK,DIRECTLY_COMPARABLE,DIRECTLY_COMPARABLE,REQUIRES_NORMALIZATION,REQUIRES_NORMALIZATION,REQUIRES_NORMALIZATION,COMPARABLE_WITH_CAVEAT,REQUIRES_NORMALIZATION,COMPARABLE_WITH_CAVEAT,COMPARABLE_WITH_CAVEAT,COMPARABLE_WITH_CAVEAT,COMPARABLE_WITH_CAVEAT,1.0,1.8.0,1.0,task3_golden_path,1.0
B0400,B0400|S05|E01|T01|003,S05,E01,T01,3,250.0,RTOE,R,7,0.984,0.628,6.599,4.368,27.33,0.467,4.297,117.39803695678712,53.45547103881836,68.31218528747559,1726.8,accepted,OK,DIRECTLY_COMPARABLE,DIRECTLY_COMPARABLE,REQUIRES_NORMALIZATION,REQUIRES_NORMALIZATION,REQUIRES_NORMALIZATION,COMPARABLE_WITH_CAVEAT,REQUIRES_NORMALIZATION,COMPARABLE_WITH_CAVEAT,COMPARABLE_WITH_CAVEAT,COMPARABLE_WITH_CAVEAT,COMPARABLE_WITH_CAVEAT,1.0,1.8.0,1.0,task3_golden_path,1.0
B0371,B0371|S02|E01|T01|001,S02,E01,T01,1,250.0,RTOE,R,0,0.904,0.26,10.316,4.723,226.46,0.059,4.27,101.1504364013672,140.6065616607666,56.12311410903931,803.8,accepted,OK,DIRECTLY_COMPARABLE,DIRECTLY_COMPARABLE,REQUIRES_NORMALIZATION,REQUIRES_NORMALIZATION,REQUIRES_NORMALIZATION,COMPARABLE_WITH_CAVEAT,REQUIRES_NORMALIZATION,COMPARABLE_WITH_CAVEAT,COMPARABLE_WITH_CAVEAT,COMPARABLE_WITH_CAVEAT,COMPARABLE_WITH_CAVEAT,1.0,1.8.0,1.0,task3_golden_path,1.0
B0371,B0371|S02|E01|T01|002,S02,E01,T01,2,250.0,RTOE,R,1,0.96,0.284,9.497,4.485,199.47,0.203,4.306,118.78896713256836,143.6117286682129,55.30143451690674,803.8,accepted,OK,DIRECTLY_COMPARABLE,DIRECTLY_COMPARABLE,REQUIRES_NORMALIZATION,REQUIRES_NORMALIZATION,REQUIRES_NORMALIZATION,COMPARABLE_WITH_CAVEAT,REQUIRES_NORMALIZATION,COMPARABLE_WITH_CAVEAT,COMPARABLE_WITH_CAVEAT,COMPARABLE_WITH_CAVEAT,COMPARABLE_WITH_CAVEAT,1.0,1.8.0,1.0,task3_golden_path,1.0
B0371,B0371|S02|E01|T01|003,S02,E01,T01,3,250.0,RTOE,R,2,0.956,0.236,11.201,4.411,241.62,0.381,4.217,109.96622085571288,147.7336463928223,57.82879638671875,803.8,accepted,OK,DIRECTLY_COMPARABLE,DIRECTLY_COMPARABLE,REQUIRES_NORMALIZATION,REQUIRES_NORMALIZATION,REQUIRES_NORMALIZATION,COMPARABLE_WITH_CAVEAT,REQUIRES_NORMALIZATION,COMPARABLE_WITH_CAVEAT,COMPARABLE_WITH_CAVEAT,COMPARABLE_WITH_CAVEAT,COMPARABLE_WITH_CAVEAT,1.0,1.8.0,1.0,task3_golden_path,1.0
B0371,B0371|S03|E01|T01|001,S03,E01,T01,1,250.0,RTOE,R,0,0.724,0.304,9.731,4.587,172.06,0.947,3.32,87.55936431884766,150.81499481201172,58.07885265350342,754.2,accepted,OK,DIRECTLY_COMPARABLE,DIRECTLY_COMPARABLE,REQUIRES_NORMALIZATION,REQUIRES_NORMALIZATION,REQUIRES_NORMALIZATION,COMPARABLE_WITH_CAVEAT,REQUIRES_NORMALIZATION,COMPARABLE_WITH_CAVEAT,COMPARABLE_WITH_CAVEAT,COMPARABLE_WITH_CAVEAT,COMPARABLE_WITH_CAVEAT,1.0,1.8.0,1.0,task3_golden_path,1.0
B0371,B0371|S03|E01|T01|002,S03,E01,T01,2,250.0,RTOE,R,3,0.716,0.316,10.467,4.58,212.75,1.178,3.276,86.20480346679688,149.65917205810547,61.089088439941406,754.2,accepted,OK,DIRECTLY_COMPARABLE,DIRECTLY_COMPARABLE,REQUIRES_NORMALIZATION,REQUIRES_NORMALIZATION,REQUIRES_NORMALIZATION,COMPARABLE_WITH_CAVEAT,REQUIRES_NORMALIZATION,COMPARABLE_WITH_CAVEAT,COMPARABLE_WITH_CAVEAT,COMPARABLE_WITH_CAVEAT,COMPARABLE_WITH_CAVEAT,1.0,1.8.0,1.0,task3_golden_path,1.0
B0371,B0371|S03|E01|T01|003,S03,E01,T01,3,250.0,RTOE,R,6,0.696,0.308,10.9,4.774,197.62,1.122,3.322,86.68198013305664,146.7250862121582,61.52554512023926,754.2,accepted,OK,DIRECTLY_COMPARABLE,DIRECTLY_COMPARABLE,REQUIRES_NORMALIZATION,REQUIRES_NORMALIZATION,REQUIRES_NORMALIZATION,COMPARABLE_WITH_CAVEAT,REQUIRES_NORMALIZATION,COMPARABLE_WITH_CAVEAT,COMPARABLE_WITH_CAVEAT,COMPARABLE_WITH_CAVEAT,COMPARABLE_WITH_CAVEAT,1.0,1.8.0,1.0,task3_golden_path,1.0
B0371,B0371|S04|E01|T01|001,S04,E01,T01,1,250.0,RTOE,R,0,1.236,0.272,10.786,4.133,196.6,0.073,5.107,119.70813369750977,143.03388214111328,55.82955360412598,571.8,accepted,OK,DIRECTLY_COMPARABLE,DIRECTLY_COMPARABLE,REQUIRES_NORMALIZATION,REQUIRES_NORMALIZATION,REQUIRES_NORMALIZATION,COMPARABLE_WITH_CAVEAT,REQUIRES_NORMALIZATION,COMPARABLE_WITH_CAVEAT,COMPARABLE_WITH_CAVEAT,COMPARABLE_WITH_CAVEAT,COMPARABLE_WITH_CAVEAT,1.0,1.8.0,1.0,task3_golden_path,1.0
B0371,B0371|S04|E01|T01|002,S04,E01,T01,2,250.0,RTOE,R,2,1.084,0.284,11.172,4.394,216.7,0.123,4.761,120.50927734375,144.26153564453125,56.74536609649658,571.8,accepted,OK,DIRECTLY_COMPARABLE,DIRECTLY_COMPARABLE,REQUIRES_NORMALIZATION,REQUIRES_NORMALIZATION,REQUIRES_NORMALIZATION,COMPARABLE_WITH_CAVEAT,REQUIRES_NORMALIZATION,COMPARABLE_WITH_CAVEAT,COMPARABLE_WITH_CAVEAT,COMPARABLE_WITH_CAVEAT,COMPARABLE_WITH_CAVEAT,1.0,1.8.0,1.0,task3_golden_path,1.0
B0371,B0371|S04|E01|T01|003,S04,E01,T01,3,250.0,RTOE,R,4,0.672,0.288,10.607,5.647,196.01,1.152,3.794,118.82666397094728,141.26556205749512,53.77382850646973,571.8,accepted,OK,DIRECTLY_COMPARABLE,DIRECTLY_COMPARABLE,REQUIRES_NORMALIZATION,REQUIRES_NORMALIZATION,REQUIRES_NORMALIZATION,COMPARABLE_WITH_CAVEAT,REQUIRES_NORMALIZATION,COMPARABLE_WITH_CAVEAT,COMPARABLE_WITH_CAVEAT,COMPARABLE_WITH_CAVEAT,COMPARABLE_WITH_CAVEAT,1.0,1.8.0,1.0,task3_golden_path,1.0
B0371,B0371|S05|E01|T01|001,S05,E01,T01,1,250.0,RTOE,R,0,0.964,0.312,9.787,5.335,64.75,0.167,5.144,97.63145065307616,134.1932144165039,50.93564796447754,340.8,accepted,OK,DIRECTLY_COMPARABLE,DIRECTLY_COMPARABLE,REQUIRES_NORMALIZATION,REQUIRES_NORMALIZATION,REQUIRES_NORMALIZATION,COMPARABLE_WITH_CAVEAT,REQUIRES_NORMALIZATION,COMPARABLE_WITH_CAVEAT,COMPARABLE_WITH_CAVEAT,COMPARABLE_WITH_CAVEAT,COMPARABLE_WITH_CAVEAT,1.0,1.8.0,1.0,task3_golden_path,1.0
B0371,B0371|S05|E01|T01|002,S05,E01,T01,2,250.0,RTOE,R,1,1.068,0.192,8.636,4.871,79.12,0.147,5.203,91.0665054321289,118.62537956237792,49.66577243804932,340.8,accepted,OK,DIRECTLY_COMPARABLE,DIRECTLY_COMPARABLE,REQUIRES_NORMALIZATION,REQUIRES_NORMALIZATION,REQUIRES_NORMALIZATION,COMPARABLE_WITH_CAVEAT,REQUIRES_NORMALIZATION,COMPARABLE_WITH_CAVEAT,COMPARABLE_WITH_CAVEAT,COMPARABLE_WITH_CAVEAT,COMPARABLE_WITH_CAVEAT,1.0,1.8.0,1.0,task3_golden_path,1.0
B0371,B0371|S05|E01|T01|003,S05,E01,T01,3,250.0,RTOE,R,2,0.996,0.32,8.686,4.803,67.46,0.482,4.782,100.02622985839844,114.89972496032716,50.61258792877197,340.8,accepted,OK,DIRECTLY_COMPARABLE,DIRECTLY_COMPARABLE,REQUIRES_NORMALIZATION,REQUIRES_NORMALIZATION,REQUIRES_NORMALIZATION,COMPARABLE_WITH_CAVEAT,REQUIRES_NORMALIZATION,COMPARABLE_WITH_CAVEAT,COMPARABLE_WITH_CAVEAT,COMPARABLE_WITH_CAVEAT,COMPARABLE_WITH_CAVEAT,1.0,1.8.0,1.0,task3_golden_path,1.0
B0380,B0380|S02|E01|T01|001,S02,E01,T01,1,250.0,LTOE,L,0,0.228,0.148,2.201,1.441,30.87,0.323,0.328,35.44329071044922,52.31894874572754,28.214937210083008,28.6,accepted,OK,DIRECTLY_COMPARABLE,DIRECTLY_COMPARABLE,REQUIRES_NORMALIZATION,REQUIRES_NORMALIZATION,REQUIRES_NORMALIZATION,COMPARABLE_WITH_CAVEAT,REQUIRES_NORMALIZATION,COMPARABLE_WITH_CAVEAT,COMPARABLE_WITH_CAVEAT,COMPARABLE_WITH_CAVEAT,COMPARABLE_WITH_CAVEAT,1.0,1.8.0,1.0,task3_golden_path,1.0
B0380,B0380|S02|E01|T01|002,S02,E01,T01,2,250.0,LTOE,L,2,0.392,0.316,1.246,0.851,14.24,0.182,0.333,47.31925392150879,47.50907897949219,25.489952087402344,28.6,accepted,OK,DIRECTLY_COMPARABLE,DIRECTLY_COMPARABLE,REQUIRES_NORMALIZATION,REQUIRES_NORMALIZATION,REQUIRES_NORMALIZATION,COMPARABLE_WITH_CAVEAT,REQUIRES_NORMALIZATION,COMPARABLE_WITH_CAVEAT,COMPARABLE_WITH_CAVEAT,COMPARABLE_WITH_CAVEAT,COMPARABLE_WITH_CAVEAT,1.0,1.8.0,1.0,task3_golden_path,1.0
B0380,B0380|S02|E01|T01|003,S02,E01,T01,3,250.0,LTOE,L,3,0.596,0.128,2.572,1.592,30.43,0.069,0.948,57.60400390625,81.60565376281738,25.79336404800415,28.6,accepted,OK,DIRECTLY_COMPARABLE,DIRECTLY_COMPARABLE,REQUIRES_NORMALIZATION,REQUIRES_NORMALIZATION,REQUIRES_NORMALIZATION,COMPARABLE_WITH_CAVEAT,REQUIRES_NORMALIZATION,COMPARABLE_WITH_CAVEAT,COMPARABLE_WITH_CAVEAT,COMPARABLE_WITH_CAVEAT,COMPARABLE_WITH_CAVEAT,1.0,1.8.0,1.0,task3_golden_path,1.0
B0380,B0380|S02|E01|T01|004,S02,E01,T01,4,250.0,LTOE,L,5,0.232,0.108,1.76,1.276,17.58,0.294,0.296,31.236226081848145,32.53152084350586,31.310022354125977,28.6,accepted,OK,DIRECTLY_COMPARABLE,DIRECTLY_COMPARABLE,REQUIRES_NORMALIZATION,REQUIRES_NORMALIZATION,REQUIRES_NORMALIZATION,COMPARABLE_WITH_CAVEAT,REQUIRES_NORMALIZATION,COMPARABLE_WITH_CAVEAT,COMPARABLE_WITH_CAVEAT,COMPARABLE_WITH_CAVEAT,COMPARABLE_WITH_CAVEAT,1.0,1.8.0,1.0,task3_golden_path,1.0
B0380,B0380|S03|E01|T01|001,S03,E01,T01,1,250.0,RTOE,R,0,0.896,0.28,8.338,3.816,149.15,0.064,3.418,86.58370590209961,179.19296264648438,81.24210357666016,560.1,accepted,OK,DIRECTLY_COMPARABLE,DIRECTLY_COMPARABLE,REQUIRES_NORMALIZATION,REQUIRES_NORMALIZATION,REQUIRES_NORMALIZATION,COMPARABLE_WITH_CAVEAT,REQUIRES_NORMALIZATION,COMPARABLE_WITH_CAVEAT,COMPARABLE_WITH_CAVEAT,COMPARABLE_WITH_CAVEAT,COMPARABLE_WITH_CAVEAT,1.0,1.8.0,1.0,task3_golden_path,1.0
B0380,B0380|S03|E01|T01|002,S03,E01,T01,2,250.0,RTOE,R,1,1.04,0.344,7.127,3.451,137.38,0.041,3.588,59.86774826049805,157.42047309875488,57.263298988342285,560.1,accepted,OK,DIRECTLY_COMPARABLE,DIRECTLY_COMPARABLE,REQUIRES_NORMALIZATION,REQUIRES_NORMALIZATION,REQUIRES_NORMALIZATION,COMPARABLE_WITH_CAVEAT,REQUIRES_NORMALIZATION,COMPARABLE_WITH_CAVEAT,COMPARABLE_WITH_CAVEAT,COMPARABLE_WITH_CAVEAT,COMPARABLE_WITH_CAVEAT,1.0,1.8.0,1.0,task3_golden_path,1.0
B0380,B0380|S03|E01|T01|003,S03,E01,T01,3,250.0,RTOE,R,3,1.052,0.34,7.05,3.317,127.36,0.268,3.488,66.70068359375,167.9535846710205,73.96668529510498,560.1,accepted,OK,DIRECTLY_COMPARABLE,DIRECTLY_COMPARABLE,REQUIRES_NORMALIZATION,REQUIRES_NORMALIZATION,REQUIRES_NORMALIZATION,COMPARABLE_WITH_CAVEAT,REQUIRES_NORMALIZATION,COMPARABLE_WITH_CAVEAT,COMPARABLE_WITH_CAVEAT,COMPARABLE_WITH_CAVEAT,COMPARABLE_WITH_CAVEAT,1.0,1.8.0,1.0,task3_golden_path,1.0
B0380,B0380|S04|E01|T01|001,S04,E01,T01,1,250.0,RTOE,R,0,1.02,0.296,8.646,4.153,126.78,0.102,4.236,119.2963752746582,140.76364517211914,57.37695407867432,115.6,accepted,OK,DIRECTLY_COMPARABLE,DIRECTLY_COMPARABLE,REQUIRES_NORMALIZATION,REQUIRES_NORMALIZATION,REQUIRES_NORMALIZATION,COMPARABLE_WITH_CAVEAT,REQUIRES_NORMALIZATION,COMPARABLE_WITH_CAVEAT,COMPARABLE_WITH_CAVEAT,COMPARABLE_WITH_CAVEAT,COMPARABLE_WITH_CAVEAT,1.0,1.8.0,1.0,task3_golden_path,1.0
B0380,B0380|S04|E01|T01|002,S04,E01,T01,2,250.0,RTOE,R,1,1.1,0.324,8.583,3.877,122.21,0.135,4.263,121.54248809814452,164.48835945129397,69.79211807250977,115.6,accepted,OK,DIRECTLY_COMPARABLE,DIRECTLY_COMPARABLE,REQUIRES_NORMALIZATION,REQUIRES_NORMALIZATION,REQUIRES_NORMALIZATION,COMPARABLE_WITH_CAVEAT,REQUIRES_NORMALIZATION,COMPARABLE_WITH_CAVEAT,COMPARABLE_WITH_CAVEAT,COMPARABLE_WITH_CAVEAT,COMPARABLE_WITH_CAVEAT,1.0,1.8.0,1.0,task3_golden_path,1.0
B0380,B0380|S04|E01|T01|003,S04,E01,T01,3,250.0,RTOE,R,2,0.976,0.34,7.713,4.053,124.13,0.477,3.954,109.1814308166504,151.3440980911255,95.04585838317873,115.6,accepted,OK,DIRECTLY_COMPARABLE,DIRECTLY_COMPARABLE,REQUIRES_NORMALIZATION,REQUIRES_NORMALIZATION,REQUIRES_NORMALIZATION,COMPARABLE_WITH_CAVEAT,REQUIRES_NORMALIZATION,COMPARABLE_WITH_CAVEAT,COMPARABLE_WITH_CAVEAT,COMPARABLE_WITH_CAVEAT,COMPARABLE_WITH_CAVEAT,1.0,1.8.0,1.0,task3_golden_path,1.0
B0380,B0380|S05|E01|T01|001,S05,E01,T01,1,250.0,RTOE,R,1,0.648,0.164,8.41,6.647,134.04,0.337,4.314,153.4685821533203,111.65625762939452,45.93170642852783,269.1,accepted,OK,DIRECTLY_COMPARABLE,DIRECTLY_COMPARABLE,REQUIRES_NORMALIZATION,REQUIRES_NORMALIZATION,REQUIRES_NORMALIZATION,COMPARABLE_WITH_CAVEAT,REQUIRES_NORMALIZATION,COMPARABLE_WITH_CAVEAT,COMPARABLE_WITH_CAVEAT,COMPARABLE_WITH_CAVEAT,COMPARABLE_WITH_CAVEAT,1.0,1.8.0,1.0,task3_golden_path,1.0
B0380,B0380|S05|E01|T01|002,S05,E01,T01,2,250.0,RTOE,R,3,1.024,0.156,8.766,4.585,124.21,0.082,4.697,166.2040252685547,98.82171821594238,55.523555755615234,269.1,accepted,OK,DIRECTLY_COMPARABLE,DIRECTLY_COMPARABLE,REQUIRES_NORMALIZATION,REQUIRES_NORMALIZATION,REQUIRES_NORMALIZATION,COMPARABLE_WITH_CAVEAT,REQUIRES_NORMALIZATION,COMPARABLE_WITH_CAVEAT,COMPARABLE_WITH_CAVEAT,COMPARABLE_WITH_CAVEAT,COMPARABLE_WITH_CAVEAT,1.0,1.8.0,1.0,task3_golden_path,1.0
B0380,B0380|S05|E01|T01|003,S05,E01,T01,3,250.0,RTOE,R,5,0.776,0.612,7.701,6.087,104.81,0.093,4.728,141.79291152954102,84.60226058959961,49.30902004241944,269.1,accepted,OK,DIRECTLY_COMPARABLE,DIRECTLY_COMPARABLE,REQUIRES_NORMALIZATION,REQUIRES_NORMALIZATION,REQUIRES_NORMALIZATION,COMPARABLE_WITH_CAVEAT,REQUIRES_NORMALIZATION,COMPARABLE_WITH_CAVEAT,COMPARABLE_WITH_CAVEAT,COMPARABLE_WITH_CAVEAT,COMPARABLE_WITH_CAVEAT,1.0,1.8.0,1.0,task3_golden_path,1.0
